<?xml version="1.0" encoding="UTF-8"?>
<rulebase metaversion="1.0">
<name>Catalog Validations PARTY</name>
<description>Catalog Validations PARTY</description>

<!-- STARTED FIX FOR RELATIONSHIP ATTRIBUTE -->
<declare>
	<var>PROJECTTAG</var>
	<link type="catalog">
		<literal>PROJECTTAG</literal>
	</link>
</declare>

<declare>		
	<var>REL_HASORGS</var>		
	<link type="relationship">			
		<literal>HasOrgs</literal>			
	</link>	
</declare>

<declare>		
	<var>REL_HASPEOPLE</var>		
	<link type="relationship">			
		<literal>HasPeople</literal>			
	</link>	
</declare>

<declare>		
	<var>REL_PARTYCOMPATIBLEWITHSEGMENT</var>		
	<link type="relationship">			
		<literal>PartyCompatibleWithSegment</literal>			
	</link>	
</declare>

<declare>		
	<var>REL_PARTYHASSEGMENT</var>		
	<link type="relationship">			
		<literal>PartyHasSegment</literal>			
	</link>	
</declare>

<declare>		
	<var>REL_PARTYINCOMPATIBLEWITHSEGMENT</var>		
	<link type="relationship">			
		<literal>PartyIncompatibleWithSegment</literal>			
	</link>	
</declare>

<declare usage="output">
	<var>projectValues</var>
	<datatype type="array" />
</declare>

<constraint>
	<name>DropDownRecordType2</name>
	<description>Validations against RecordType</description>
	<usefor>
		<var>lifecyclestatus</var>
	</usefor>	
	<action>	
			<access mode="view"/>			
	</action>
</constraint>

<constraint>
	<name>AssignProjectValidValues</name>
	<description>AssignProjectValidValues</description>      
	<action>       
		<assign>
			<var>projectValues</var>			
			<table source="sql">
				<literal>PROJECTTAG/NAME</literal>
			</table>
		</assign>
	</action>                
</constraint>

<constraint>
	<name>ProjectTag</name>
	<description>Displays available for Project Tag Name selection</description>
	<usefor>
		<var>ProjectTagName</var>
	</usefor>
	<action>
		<select novalue="no" order="1" showoninput="1">
			<table source="sql">
				<literal>PROJECTTAG/NAME</literal>
			</table>
		</select>
	</action>
</constraint>

<constraint>
	<name>PTN_HASORGS</name>
	<description>PTN_HASORGS</description>
	<action>
	<check>
		<explanation>Enter valid ProjectTagName for HasOrgs relationship</explanation>
		<information>Enter valid ProjectTagName for HasOrgs relationship</information>						
		<neq>
			<op func="isValidProject">
				<var>REL_HASORGS/ProjectTagName</var>
				<var>projectValues</var>
			</op>
			<const type="boolean">false</const>
		</neq>
	</check> 	
	</action>
</constraint>

<constraint>
	<name>PTN_HASPEOPLE</name>
	<description>PTN_HASPEOPLE</description>
	<action>
	<check>
		<explanation>Enter valid ProjectTagName for HasPeople relationship</explanation>
		<information>Enter valid ProjectTagName for HasPeople relationship</information>						
		<neq>
			<op func="isValidProject">
				<var>REL_HASPEOPLE/ProjectTagName</var>
				<var>projectValues</var>
			</op>
			<const type="boolean">false</const>
		</neq>
	</check> 	
	</action>
</constraint>

<constraint>
	<name>PTN_PARTYCOMPATIBLEWITHSEGMENT</name>
	<description>PTN_PARTYCOMPATIBLEWITHSEGMENT</description>
	<action>
	<check>
		<explanation>Enter valid ProjectTagName for PartyCompatibleWithSegment relationship</explanation>
		<information>Enter valid ProjectTagName for PartyCompatibleWithSegment relationship</information>						
		<neq>
			<op func="isValidProject">
				<var>REL_PARTYCOMPATIBLEWITHSEGMENT/ProjectTagName</var>
				<var>projectValues</var>
			</op>
			<const type="boolean">false</const>
		</neq>
	</check> 	
	</action>
</constraint>

<constraint>
	<name>PTN_PARTYHASSEGMENT</name>
	<description>PTN_PARTYHASSEGMENT</description>
	<action>
	<check>
		<explanation>Enter valid ProjectTagName for PartyHasSegment relationship</explanation>
		<information>Enter valid ProjectTagName for PartyHasSegment relationship</information>						
		<neq>
			<op func="isValidProject">
				<var>REL_PARTYHASSEGMENT/ProjectTagName</var>
				<var>projectValues</var>
			</op>
			<const type="boolean">false</const>
		</neq>
	</check> 	
	</action>
</constraint>

<constraint>
	<name>PTN_PARTYINCOMPATIBLEWITHSEGMENT</name>
	<description>PTN_PARTYINCOMPATIBLEWITHSEGMENT</description>
	<action>
	<check>
		<explanation>Enter valid ProjectTagName for PartyIncompatibleWithSegment relationship</explanation>
		<information>Enter valid ProjectTagName for PartyIncompatibleWithSegment relationship</information>						
		<neq>
			<op func="isValidProject">
				<var>REL_PARTYINCOMPATIBLEWITHSEGMENT/ProjectTagName</var>
				<var>projectValues</var>
			</op>
			<const type="boolean">false</const>
		</neq>
	</check> 	
	</action>
</constraint>

<!-- ENDED FIX FOR RELATIONSHIP ATTRIBUTE -->


<constraint>
	<name>DropDownRecordType</name>
	<description>Validations against RecordType</description>
	<usefor>
		<var>RECORD_TYPE</var>
	</usefor>
	<condition>
		<eq>
			<var>CATALOG_NAME</var>
			<const type="string">PARTY</const>
		</eq>
	</condition>	
	<action>
			   	<select novalue="default" showoninput="1">
  				<enum header="no">
					<const type="string">ORGANIZATION</const>
					<const type="string">ROLE</const>
					<const type="string">PERSON</const>
  				</enum>
     		</select>
	</action>
</constraint>

<constraint>
	<name>DropDownOVERRIDE</name>
	<description>Validations against OVERRIDE</description>
	<usefor>
		<var>OVERRIDE</var>
	</usefor>
	<action>
			   	<select novalue="default" showoninput="1">
  				<enum header="no">
					<const type="string">true</const>
					<const type="string">false</const>
  				</enum>
     		</select>
	</action>
</constraint>

<constraint>
	<name>HideDummyPartyRecord</name>
	<description>Hide dummy record when product id is equal to FC_DUMMY_PARTY</description>
	<condition>
		<eq>
			<var>PRODUCTID</var>
			<const type="string">FC_DUMMY_PARTY</const>
		</eq>
	</condition>
	<action>
		<access mode="hide_record"></access>
	</action>
</constraint>

</rulebase>
<!-- Copyright (c) 2018-2018 TIBCO Software Inc. All Rights Reserved. Confidential & Proprietary. -->