<soapenv:Envelope xmlns:soapenv="http://schemas.xmlsoap.org/soap/envelope/" xmlns:ns="http://www.tibco.com/ac/services/fcservices/wsdl/2.0">
   <soapenv:Header/>
   <soapenv:Body>
      <ns:ModelPublishRequest>
         <ns:UserInfo>
            <ns:UserName>admin</ns:UserName>
            <ns:Password>admin</ns:Password>
            <ns:Enterprise>FC400</ns:Enterprise>
         </ns:UserInfo>
         <ns:ModelPublishAction>
            <ns:DeltaPublish>
               <ns:MASTERCATALOGNAME>DISCOUNT</ns:MASTERCATALOGNAME>
			   <!--Optional:-->
               <ns:MetadataRequired>Y</ns:MetadataRequired>
               <!--Optional:-->
               <ns:TenantId>ent</ns:TenantId>
               <!--Optional:-->
               <ns:SnapshotStartTimestamp>2016-03-31T12:50:59</ns:SnapshotStartTimestamp>
               <!--Optional:-->
               <ns:SnapshotEndTimestamp>2016-03-31T13:50:59</ns:SnapshotEndTimestamp>
            </ns:DeltaPublish>
         </ns:ModelPublishAction>
      </ns:ModelPublishRequest>
   </soapenv:Body>
</soapenv:Envelope>
<!-- Copyright (c) 2018-2018 TIBCO Software Inc. All Rights Reserved. Confidential & Proprietary. -->