<?xml version="1.0" encoding="UTF-8"?>
<rulebase metaversion="1.0">
<name>Catalog Validations PRICE</name>
<description>Catalog Validations PRICE</description>

<constraint>
		<name>Include lifecyclestatus file</name>
		<description>Include lifecyclestatus</description>
		<action>
			<include>
				<literal>Rulebase</literal>
				<literal>standard/rulebase/rbrecordlifecyclestatus.xml</literal>
			</include>	
		</action>
	</constraint>

</rulebase>
<!-- Copyright (c) 2018-2018 TIBCO Software Inc. All Rights Reserved. Confidential & Proprietary. -->