<?xml version="1.0" encoding="UTF-8"?>
<rulebase metaversion="1.0">
<!--This is a New Rulebase of type Validation. It uses include action. 
Include action calls i.e includes another rulebases which is designed in Rulebase model -> Common Folder.
Rulebase in common foler needs to be of type other. Otherwise it will ovewrite on catalogvalidation.xml/newrecord.xml/searchcontrolrules.xml file. -->

<name>Catalogassignment and importcatalog PRICE</name>
<description>Catalogassignment and importcatalog PRICE</description>

<declare usage="input">
	<var>application</var>
	<datatype type="string"/>
</declare>

<constraint>
	<name>Include importcatalog file</name>
	<description>Include catalogassignment and importcatalog</description>
	<condition>
		<or>
			<undefined>
				<var>application</var>
			</undefined>
			<neq>
				<var>application</var>
				<const type="string">OPD</const>
			</neq>
		</or>
	</condition>
	<action>
		<include>
			<literal>Rulebase</literal>
			<literal>#ENTERPRISENAME#/catalog/master/#CATALOGID#/importcatalog_PRICE.xml</literal>
		</include>	
	</action>
</constraint>

<constraint>
	<name>Include catalogassignment file</name>
	<description>Include catalogassignment file</description>
	<condition>
		<or>
			<undefined>
				<var>application</var>
			</undefined>
			<neq>
				<var>application</var>
				<const type="string">OPD</const>
			</neq>
		</or>
	</condition>
	<action>
		<include>
			<literal>Rulebase</literal>
			<literal>#ENTERPRISENAME#/catalog/master/#CATALOGID#/catalogassignment_PRICE.xml</literal>				
		</include>
	</action>
</constraint>

</rulebase>
<!-- Copyright (c) 2018-2018 TIBCO Software Inc. All Rights Reserved. Confidential & Proprietary. -->