<?xml version="1.0" encoding="UTF-8"?>
<rulebase metaversion="1.0">
<name>Catalog Validations PRICE</name>
<description>Catalog Validations PRICE</description>

<declare>
	<var>PROJECTTAG</var>
	<link type="catalog">
		<literal>PROJECTTAG</literal>
	</link>
</declare>

<!-- STARTED FIX FOR RELATIONSHIP ATTRIBUTE -->

<declare>		
	<var>REL_PRICECHARACTERISTICCHARGE</var>		
	<link type="relationship">			
		<literal>CharacteristicCharge</literal>			
	</link>	
</declare>

<declare>		
	<var>REL_PRICEALTEREDBYALLOWANCE</var>		
	<link type="relationship">			
		<literal>PriceAlteredByAllowance</literal>			
	</link>	
</declare>

<declare>		
	<var>REL_PRICEALTEREDBYDISCOUNT</var>		
	<link type="relationship">			
		<literal>PriceAlteredByDiscount</literal>			
	</link>	
</declare>

<declare>		
	<var>REL_PRICECOMPRISEDOF</var>		
	<link type="relationship">			
		<literal>PriceComprisedOf</literal>			
	</link>	
</declare>

<declare>		
	<var>REL_PRICEGOVERNEDBY</var>		
	<link type="relationship">			
		<literal>PriceGovernedBy</literal>			
	</link>	
</declare>

<declare>		
	<var>REL_PRICEREQUIRESCHARACTERISTIC</var>		
	<link type="relationship">			
		<literal>PriceRequiresCharacteristic</literal>			
	</link>	
</declare>

<declare>		
	<var>REL_PRICEREQUIRESPARTY</var>		
	<link type="relationship">			
		<literal>PriceRequiresParty</literal>			
	</link>	
</declare>

<declare>		
	<var>REL_PRICEREQUIRESPRODUCT</var>		
	<link type="relationship">			
		<literal>PriceRequiresProduct</literal>			
	</link>	
</declare>

<declare>		
	<var>REL_RECORD_PRICEREQUIRESPRODUCT</var>		
	<link type="relationship_record">			
		<literal>PriceRequiresProduct</literal>			
	</link>	
</declare>

<declare>		
	<var>REL_PRICEREQUIRESSEGMENT</var>		
	<link type="relationship">			
		<literal>PriceRequiresSegment</literal>			
	</link>	
</declare>

<declare usage="local">
	<var>projectValues</var>
	<datatype type="array" />
</declare>

<constraint>
	<name>DropDownRecordType2</name>
	<description>Validations against RecordType</description>
	<usefor>
		<var>lifecyclestatus</var>
	</usefor>	
	<action>	
			<access mode="view"/>			
	</action>
</constraint>

<constraint>
	<name>AssignProjectValidValues</name>
	<description>AssignProjectValidValues</description>      
	<action>       
		<assign>
			<var>projectValues</var>			
			<table source="sql">
				<literal>PROJECTTAG/NAME</literal>
			</table>
		</assign>
	</action>                
</constraint>

<constraint>
	<name>ProjectTag</name>
	<description>Displays available for Project Tag Name selection</description>
	<usefor>
		<var>ProjectTagName</var>
	</usefor>
	<action>
		<select novalue="no" order="1" showoninput="1">
			<table source="sql">
				<literal>PROJECTTAG/NAME</literal>
			</table>
		</select>
	</action>
</constraint>

<constraint>
	<name>PTN_PRICECHARACTERISTICCHARGE</name>
	<description>PTN_PRICECHARACTERISTICCHARGE</description>
	<action>
	<check>
		<explanation>ProjectTagName for one of the relationship is not valid</explanation>
		<information>ProjectTagName for one of the relationship is not valid</information>
		<or>
			<neq>
				<op func="isValidProject">
					<var>REL_PRICECHARACTERISTICCHARGE/ProjectTagName</var>
					<var>projectValues</var>
				</op>
				<const type="boolean">false</const>
			</neq>
			<neq>
				<op func="isValidProject">
					<var>REL_PRICEALTEREDBYALLOWANCE/ProjectTagName</var>
					<var>projectValues</var>
				</op>
				<const type="boolean">false</const>
			</neq>
			<neq>
				<op func="isValidProject">
					<var>REL_PRICEALTEREDBYDISCOUNT/ProjectTagName</var>
					<var>projectValues</var>
				</op>
				<const type="boolean">false</const>
			</neq>
			<neq>
				<op func="isValidProject">
					<var>REL_PRICECOMPRISEDOF/ProjectTagName</var>
					<var>projectValues</var>
				</op>
				<const type="boolean">false</const>
			</neq>
			<neq>
				<op func="isValidProject">
					<var>REL_PRICEGOVERNEDBY/ProjectTagName</var>
					<var>projectValues</var>
				</op>
				<const type="boolean">false</const>
			</neq>
			<neq>
				<op func="isValidProject">
					<var>REL_PRICEREQUIRESCHARACTERISTIC/ProjectTagName</var>
					<var>projectValues</var>
				</op>
				<const type="boolean">false</const>
			</neq>
			<neq>
				<op func="isValidProject">
					<var>REL_PRICEREQUIRESPARTY/ProjectTagName</var>
					<var>projectValues</var>
				</op>
				<const type="boolean">false</const>
			</neq>
			<neq>
				<op func="isValidProject">
					<var>REL_PRICEREQUIRESPRODUCT/ProjectTagName</var>
					<var>projectValues</var>
				</op>
				<const type="boolean">false</const>
			</neq>
			<neq>
				<op func="isValidProject">
					<var>REL_PRICEREQUIRESSEGMENT/ProjectTagName</var>
					<var>projectValues</var>
				</op>
				<const type="boolean">false</const>
			</neq>
		</or>
	</check> 	
	</action>
</constraint>

<!-- ENDED FIX FOR RELATIONSHIP ATTRIBUTE -->

<constraint>
	<name>DropDownRecordType</name>
	<description>Validations against RecordType</description>
	<usefor>
		<var>RECORD_TYPE</var>
	</usefor>
	<condition>
		<eq>
			<var>CATALOG_NAME</var>
			<const type="string">PRICE</const>
		</eq>
	</condition>	
	<action>
		<select novalue="default" showoninput="1">
			<enum header="no">    		     			
				<const type="string">TARIFFUSAGE</const>
				<const type="string">USAGE</const>
				<const type="string">FIXED</const>
				<const type="string">RECURRING</const>
				<const type="string">COMPOSITE</const>
				<const type="string">ONE_TIME</const>
				<const type="string">MIGRATION_FEE</const>
			</enum>
		</select>
	</action>
</constraint>

<constraint>
	<name>Hide Attribute</name>
	<description>Hide Group for Product</description>
	<usefor>
		<var>UOM</var>
		<var>IMAGE</var>
	</usefor>
	<action>
	<access mode="hide"/>
	</action>
</constraint>

<constraint>
	<name>TemplateRecordShouldBeRootRecord_PriceRequiresProduct</name>
	<description>TemplateRecordShouldBeRootRecord_PriceRequiresProduct</description>
	<condition>
		<eq>
			<var>CATALOG_NAME</var>
			<const type="string">PRICE</const>
		</eq>
	</condition>	
	<action>
		<check>
			<explanation>Template record can not be a child record.</explanation>
			<information>Template record can not be a child record.</information>
			<not>
				<in>
					<const type="boolean">true</const>
					<op func="strip">
						<var>REL_RECORD_PRICEREQUIRESPRODUCT/IsTemplate</var>	
					</op>	
				</in>
			</not>
		</check> 	
	</action>
</constraint>

</rulebase>
<!-- Copyright (c) 2018-2018 TIBCO Software Inc. All Rights Reserved. Confidential & Proprietary. -->