<?xml version="1.0" encoding="UTF-8"?>
<rulebase metaversion="1.0">
<name>Catalog Validations CHARACTERISTICDATATYPE</name>
<description>Catalog Validations CHARACTERISTICDATATYPE</description>
<declare>
	<var>PROJECTTAG</var>
	<link type="catalog">
		<literal>PROJECTTAG</literal>
	</link>
</declare>


<constraint>
	<name>DropDownRecordType2</name>
	<description>Validations against RecordType</description>
	<usefor>
		<var>lifecyclestatus</var>
	</usefor>	
	<action>	
			<access mode="view"/>			
	</action>
</constraint>


<constraint>
	<name>DropDownVariableLength</name>
	<description>Validations against VariableLength</description>
	<usefor>
		<var>VariableLength</var>
	</usefor>
	<action>
			   	<select novalue="default" showoninput="1">
  				<enum header="no">
					<const type="string">true</const>
					<const type="string">false</const>
  				</enum>
     		</select>
	</action>
</constraint>

<constraint>
	<name>ProjectTag</name>
	<description>Displays available for Project Tag Name selection</description>
	<usefor>
		<var>ProjectTagName</var>
	</usefor>
	<action>
		<select novalue="no" order="1" showoninput="1">
			<table source="sql">
				<literal>PROJECTTAG/NAME</literal>
			</table>
		</select>
	</action>
</constraint>


</rulebase>
<!-- Copyright (c) 2018-2018 TIBCO Software Inc. All Rights Reserved. Confidential & Proprietary. -->