<?xml version="1.0" encoding="UTF-8"?>
<rulebase metaversion="1.0">
<name>Catalog Validations POLICYRULE</name>
<description>Catalog Validations POLICYRULE</description>


<!-- STARTED FIX FOR RELATIONSHIP ATTRIBUTE -->
<declare>
	<var>PROJECTTAG</var>
	<link type="catalog">
		<literal>PROJECTTAG</literal>
	</link>
</declare>

<declare>		
	<var>REL_POLICYRULECOMPRISEDOF</var>		
	<link type="relationship">			
		<literal>PolicyRuleComprisedOf</literal>			
	</link>	
</declare>

<declare>		
	<var>REL_POLICYRULEREQUIRESCHARACTERISTIC</var>		
	<link type="relationship">			
		<literal>PolicyRuleRequiresCharacteristic</literal>			
	</link>	
</declare>

<declare>		
	<var>REL_POLICYRULEREQUIRESPARTY</var>		
	<link type="relationship">			
		<literal>PolicyRuleRequiresParty</literal>			
	</link>	
</declare>

<declare>		
	<var>REL_POLICYRULEREQUIRESPRODUCT</var>		
	<link type="relationship">			
		<literal>PolicyRuleRequiresProduct</literal>			
	</link>	
</declare>

<declare>		
	<var>REL_RECORD_POLICYRULEREQUIRESPRODUCT</var>		
	<link type="relationship_record">			
		<literal>PolicyRuleRequiresProduct</literal>			
	</link>	
</declare>

<declare>		
	<var>REL_POLICYRULEREQUIRESSEGMENT</var>		
	<link type="relationship">			
		<literal>PolicyRuleRequiresSegment</literal>			
	</link>	
</declare>

<declare usage="output">
	<var>projectValues</var>
	<datatype type="array" />
</declare>

<constraint>
	<name>AssignProjectValidValues</name>
	<description>AssignProjectValidValues</description>      
	<action>       
		<assign>
			<var>projectValues</var>			
			<table source="sql">
				<literal>PROJECTTAG/NAME</literal>
			</table>
		</assign>
	</action>                
</constraint>

<constraint>
	<name>ProjectTag</name>
	<description>Displays available for Project Tag Name selection</description>
	<usefor>
		<var>ProjectTagName</var>
	</usefor>
	<action>
		<select novalue="no" order="1" showoninput="1">
			<table source="sql">
				<literal>PROJECTTAG/NAME</literal>
			</table>
		</select>
	</action>
</constraint>

<constraint>
	<name>PTN_POLICYRULECOMPRISEDOF</name>
	<description>PTN_POLICYRULECOMPRISEDOF</description>
	<action>
	<check>
		<explanation>Enter valid ProjectTagName for PolicyRuleComprisedOf relationship</explanation>
		<information>Enter valid ProjectTagName for PolicyRuleComprisedOf relationship</information>						
		<neq>
			<op func="isValidProject">
				<var>REL_POLICYRULECOMPRISEDOF/ProjectTagName</var>
				<var>projectValues</var>
			</op>
			<const type="boolean">false</const>
		</neq>
	</check> 	
	</action>
</constraint>

<constraint>
	<name>PTN_POLICYRULEREQUIRESCHARACTERISTIC</name>
	<description>PTN_POLICYRULEREQUIRESCHARACTERISTIC</description>
	<action>
	<check>
		<explanation>Enter valid ProjectTagName for PolicyRuleRequiresCharacteristic relationship</explanation>
		<information>Enter valid ProjectTagName for PolicyRuleRequiresCharacteristic relationship</information>						
		<neq>
			<op func="isValidProject">
				<var>REL_POLICYRULEREQUIRESCHARACTERISTIC/ProjectTagName</var>
				<var>projectValues</var>
			</op>
			<const type="boolean">false</const>
		</neq>
	</check> 	
	</action>
</constraint>

<constraint>
	<name>PTN_POLICYRULEREQUIRESPARTY</name>
	<description>PTN_POLICYRULEREQUIRESPARTY</description>
	<action>
	<check>
		<explanation>Enter valid ProjectTagName for PolicyRuleRequiresParty relationship</explanation>
		<information>Enter valid ProjectTagName for PolicyRuleRequiresParty relationship</information>						
		<neq>
			<op func="isValidProject">
				<var>REL_POLICYRULEREQUIRESPARTY/ProjectTagName</var>
				<var>projectValues</var>
			</op>
			<const type="boolean">false</const>
		</neq>
	</check> 	
	</action>
</constraint>

<constraint>
	<name>PTN_POLICYRULEREQUIRESPRODUCT</name>
	<description>PTN_POLICYRULEREQUIRESPRODUCT</description>
	<action>
	<check>
		<explanation>Enter valid ProjectTagName for PolicyRuleRequiresProduct relationship</explanation>
		<information>Enter valid ProjectTagName for PolicyRuleRequiresProduct relationship</information>						
		<neq>
			<op func="isValidProject">
				<var>REL_POLICYRULEREQUIRESPRODUCT/ProjectTagName</var>
				<var>projectValues</var>
			</op>
			<const type="boolean">false</const>
		</neq>
	</check> 	
	</action>
</constraint>

<constraint>
	<name>PTN_POLICYRULEREQUIRESSEGMENT</name>
	<description>PTN_POLICYRULEREQUIRESSEGMENT</description>
	<action>
	<check>
		<explanation>Enter valid ProjectTagName for PolicyRuleRequiresSegment relationship</explanation>
		<information>Enter valid ProjectTagName for PolicyRuleRequiresSegment relationship</information>						
		<neq>
			<op func="isValidProject">
				<var>REL_POLICYRULEREQUIRESSEGMENT/ProjectTagName</var>
				<var>projectValues</var>
			</op>
			<const type="boolean">false</const>
		</neq>
	</check> 	
	</action>
</constraint>

<!-- ENDED FIX FOR RELATIONSHIP ATTRIBUTE -->


<constraint>
	<name>DropDownRecordType</name>
	<description>Validations against RecordType</description>
	<usefor>
		<var>RECORD_TYPE</var>
	</usefor>
	<condition>
		<eq>
			<var>CATALOG_NAME</var>
			<const type="string">POLICYRULE</const>
		</eq>
	</condition>	
	<action>
			   	<select novalue="default" showoninput="1">
  				<enum header="no">
					<const type="string">ALTERATION</const>
					<const type="string">VALIDITYCHECK</const>
  				</enum>
     		</select>
	</action>
</constraint>

<constraint>
	<name>DropDownInvalidIfFail</name>
	<description>Validations against InvalidIfFail</description>
	<usefor>
		<var>InvalidIfFail</var>
	</usefor>
	<action>
			   	<select novalue="default" showoninput="1">
  				<enum header="no">
					<const type="string">true</const>
					<const type="string">false</const>
  				</enum>
     		</select>
	</action>
</constraint>

<constraint>
	<name>DropDownExclusivePolicy</name>
	<description>Validations against ExclusivePolicy</description>
	<usefor>
		<var>ExclusivePolicy</var>
	</usefor>
	<action>
			   	<select novalue="default" showoninput="1">
  				<enum header="no">
					<const type="string">true</const>
					<const type="string">false</const>
  				</enum>
     		</select>
	</action>
</constraint>

<constraint>
	<name>DropDownGreaterOrLower</name>
	<description>Validations against GreaterOrLower</description>
	<usefor>
		<var>GreaterOrLower</var>
	</usefor>
	<action>
			   	<select novalue="default" showoninput="1">
  				<enum header="no">
					<const type="string">true</const>
					<const type="string">false</const>
  				</enum>
     		</select>
	</action>
</constraint>

<constraint>
	<name>DropDownRecordType2</name>
	<description>Validations against RecordType</description>
	<usefor>
		<var>lifecyclestatus</var>
	</usefor>	
	<action>	
			<access mode="view"/>			
	</action>
</constraint>


<constraint>
	<name>TemplateRecordShouldBeRootRecord_PolicyRuleRequiresProduct</name>
	<description>TemplateRecordShouldBeRootRecord_PolicyRuleRequiresProduct</description>
	<condition>
		<eq>
			<var>CATALOG_NAME</var>
			<const type="string">POLICYRULE</const>
		</eq>
	</condition>	
	<action>
		<check>
			<explanation>Template record can not be a child record.</explanation>
			<information>Template record can not be a child record.</information>
			<not>
				<in>
					<const type="boolean">true</const>
					<op func="strip">
						<var>REL_RECORD_POLICYRULEREQUIRESPRODUCT/IsTemplate</var>	
					</op>	
				</in>
			</not>
		</check> 	
	</action>
</constraint>


</rulebase>
<!-- Copyright (c) 2018-2018 TIBCO Software Inc. All Rights Reserved. Confidential & Proprietary. -->