<?xml version="1.0" encoding="UTF-8"?>
<rulebase metaversion="1.0">
<name>Catalog Validations</name>
<description>Catalog Validations</description>

<constraint>
	<name>DropDownValidBooleanValue</name>
	<description>Valid value for boolean attributes</description>
	<usefor>
		<var>ocvValidationReq</var>
	</usefor>
	<action>
		<select novalue="default" showoninput="1">
			<enum header="no">
				<const type="string">true</const>
				<const type="string">false</const>
			</enum>
		</select>
	</action>
</constraint>

</rulebase>
<!-- Copyright (c) 2018-2018 TIBCO Software Inc. All Rights Reserved. Confidential & Proprietary. -->