<?xml version="1.0" encoding="UTF-8"?>
<rulebase metaversion="1.0">
<name>Catalog Validations</name>
<description>Catalog Validations</description>
<constraint>
      <name>Mandatory validation for lifecyclestatus</name>
      <description>lifecyclestatus: This attribute is mandatory.</description>
      <usefor>
			<var>lifecyclestatus</var>
      </usefor>
      <action>
         <check>
            <explanation>lifecyclestatus: This attribute is mandatory.</explanation>
            <defined>
               <var />
            </defined>
         </check>
      </action>
   </constraint>
<constraint>
	<name>lifecyclestatus</name>
	<description>Validations against lifecyclestatus</description>
	<usefor>
		<var>lifecyclestatus</var>
	</usefor>
	<condition>
		<defined>
			<var>lifecyclestatus</var>
		</defined>
	</condition>
	<action>
		<check>
			<explanation>lifecyclestatus should only be active</explanation>
			<eq>
				<var/>
				<const type="string">ACTIVE</const>
			</eq>
		</check>
	</action>
</constraint>
</rulebase>