<?xml version="1.0" encoding="UTF-8"?>
<rulebase metaversion="1.0">

<name>Catalog Validations</name>
<description>Catalog Validations</description>

<declare usage="input">
	<var>CatalogUseForFilter</var>
	<datatype type="string"/>
</declare>

<declare usage="input">
	<var>TimestampForFilter</var>
	<datatype type="string"/>
</declare>

<declare>
	<var>REL_CATEGORIZINGFOR</var>
	<link type="relationship_record">
		<literal>CategorizingFor</literal>
	</link>
</declare>

<constraint>
	<name>IsTemplateRecord</name>
	<description>Checks record is template </description>
	<condition>
		<and>
			<eq>
				<var>CATALOG_NAME</var>
				<const type="string">PRODUCT</const>
			</eq>
			<defined>
				<var>IsTemplate</var>
			</defined>
		</and>		
	</condition>
	<action>
		<check>
			<explanation>Record is template.</explanation>
			<!--reject record when condition is evaluated to false-->			
			<neq>
				<var>IsTemplate</var>
				<const type="boolean">true</const>
			</neq>	
		</check>
	</action>
</constraint>

<constraint>
	<name>FilterGroupRecord</name>
	<description>This will filter product record where RECORD_TYPE is not equal to GROUP</description>
	<usefor>
		<var>RECORD_TYPE</var>		
	</usefor>
	<condition>
		<eq>
			<var>CATALOG_NAME</var>
			<const type="string">PRODUCT</const>
		</eq>
	</condition>
	<action>
		<check>
			<explanation>Record Type is GROUP</explanation>
			<or>
				<undefined>
					<var>RECORD_TYPE</var>
				</undefined>
				<neq>
					<var>RECORD_TYPE</var>
					<const type="string">GROUP</const>
				</neq>
			</or>
		</check>
	</action>
</constraint> 

<constraint>
	<name>FilterDummyProductRecord</name>
	<description>This will filter product record where PRODUCTID is not equal to FC_DUMMY_PRODUCT</description>
	<usefor>
		<var>PRODUCTID</var>		
	</usefor>
	<condition>
		<eq>
			<var>CATALOG_NAME</var>
			<const type="string">PRODUCT</const>
		</eq>
	</condition>
	<action>
		<check>
			<explanation>PRODUCTID is FC_DUMMY_PRODUCT</explanation>
			<or>
				<undefined>
					<var>PRODUCTID</var>
				</undefined>
				<neq>
					<var>PRODUCTID</var>
					<const type="string">FC_DUMMY_PRODUCT</const>
				</neq>
			</or>
		</check>
	</action>
</constraint>

<constraint>
	<name>FilterDummyPartyRecord</name>
	<description>This will filter product record where PRODUCTID is not equal to FC_DUMMY_PARTY</description>
	<usefor>
		<var>PRODUCTID</var>		
	</usefor>
	<condition>
		<eq>
			<var>CATALOG_NAME</var>
			<const type="string">PARTY</const>
		</eq>
	</condition>
	<action>
		<check>
			<explanation>PRODUCTID is FC_DUMMY_PARTY</explanation>
			<or>
				<undefined>
					<var>PRODUCTID</var>
				</undefined>
				<neq>
					<var>PRODUCTID</var>
					<const type="string">FC_DUMMY_PARTY</const>
				</neq>
			</or>
		</check>
	</action>
</constraint>

<constraint>
	<name>FilterDummySegmentRecord</name>
	<description>This will filter product record where PRODUCTID is not equal to FC_DUMMY_SEGMENT</description>
	<usefor>
		<var>PRODUCTID</var>		
	</usefor>
	<condition>
		<eq>
			<var>CATALOG_NAME</var>
			<const type="string">SEGMENT</const>
		</eq>
	</condition>
	<action>
		<check>
			<explanation>PRODUCTID is FC_DUMMY_SEGMENT</explanation>
			<or>
				<undefined>
					<var>PRODUCTID</var>
				</undefined>
				<neq>
					<var>PRODUCTID</var>
					<const type="string">FC_DUMMY_SEGMENT</const>
				</neq>
			</or>
		</check>
	</action>
</constraint>

<constraint>
	<name>FilterDummyActionRecord</name>
	<description>This will filter product record where PRODUCTID is not equal to FC_DUMMY_ACTION</description>
	<usefor>
		<var>PRODUCTID</var>		
	</usefor>
	<condition>
		<eq>
			<var>CATALOG_NAME</var>
			<const type="string">ACTION</const>
		</eq>
	</condition>
	<action>
		<check>
			<explanation>PRODUCTID is FC_DUMMY_ACTION</explanation>
			<or>
				<undefined>
					<var>PRODUCTID</var>
				</undefined>
				<neq>
					<var>PRODUCTID</var>
					<const type="string">FC_DUMMY_ACTION</const>
				</neq>
			</or>
		</check>
	</action>
</constraint>

<constraint>
	<name>FilterOnRecordUseAttribute_All</name>
	<description>This will filter product record where CatalogUseForFilter = 'All'</description>
	<usefor>
		<var>RecordUse</var>		
	</usefor>
	<condition>
		<and>
			<eq>
				<var>CATALOG_NAME</var>
				<const type="string">PRODUCT</const>
			</eq>
			<defined>
				<var>CatalogUseForFilter</var>
			</defined>
			<eq>
				<var>CatalogUseForFilter</var>
				<const type="string">All</const>
			</eq>
		</and>
	</condition>
	<action>
		<check>
			<explanation>RecordUse in ('All', 'Commercial', 'Technical')</explanation>
			<or>
				<undefined>
					<var>RecordUse</var>
				</undefined>
				<eq>
					<var>RecordUse</var>
					<const type="string">Commercial</const>
				</eq>
				<eq>
					<var>RecordUse</var>
					<const type="string">Technical</const>
				</eq>
				<eq>
					<var>RecordUse</var>
					<const type="string">All</const>
				</eq>
			</or>
		</check>
	</action>
</constraint>

<constraint>
	<name>FilterOnRecordUseAttribute_TechnicalOrCommercial</name>
	<description>This will filter product record where CatalogUseForFilter = 'Commercial'/'Technical'</description>
	<usefor>
		<var>RecordUse</var>		
	</usefor>
	<condition>
		<and>
			<eq>
				<var>CATALOG_NAME</var>
				<const type="string">PRODUCT</const>
			</eq>
			<defined>
				<var>CatalogUseForFilter</var>
			</defined>
			<in>
				<var>CatalogUseForFilter</var>
				<const type="string">Commercial</const>
				<const type="string">Technical</const>
			</in>
		</and>
	</condition>
	<action>
		<check>
			<explanation>RecordUse in ('Commercial', 'Technical')</explanation>
			<or>
				<undefined>
					<var>RecordUse</var>
				</undefined>
				<eq>
					<var>RecordUse</var>
					<var>CatalogUseForFilter</var>
				</eq>
				<eq>
					<var>RecordUse</var>
					<const type="string">All</const>
				</eq>
			</or>
		</check>
	</action>
</constraint>

<constraint>
    <name>FilterRecordOnLastModifiedDate</name>
    <description>This will filter record on the basis of last modified date</description>
	<condition>
		<defined>
			<var>TimeStampForFilter</var>
		</defined>
	</condition>
    <action>
        <check>
            <explanation>Compare modified date</explanation>
			<or>
            <lt>
                <var>RECORD_LAST_MODIFIED_ON</var>
                <var>TimeStampForFilter</var>
            </lt>
			<eq>
				<var>RECORD_LAST_MODIFIED_ON</var>
				<var>TimeStampForFilter</var>
			</eq>
			</or>
        </check>
    </action>
</constraint>

<constraint>
        <name>ToFilterCategoryRootrecords</name>
        <description>ToFilterCategoryRootrecords</description>
        <usefor/>
        <condition>
		   <eq>
				<var>CATALOG_NAME</var>
				<const type="string">CATEGORY</const>
			</eq>
        </condition>
        <action>          
		 <check>
		  <eq>
			<op func="count">
				   <var>REL_CATEGORIZINGFOR</var>	
			</op>
			<const type="number">0</const>
			</eq>
		</check>
        </action>
    </constraint>
	
</rulebase>
<!-- Copyright (c) 2018-2018 TIBCO Software Inc. All Rights Reserved. Confidential & Proprietary. -->