<?xml version="1.0" encoding="UTF-8"?>
<rulebase metaversion="1.0">

<name>Catalog Validations</name>
<description>Catalog Validations</description>

<declare usage="input">
	<var>ProjectTagForFilter</var>
	<datatype type="array"/>
</declare>

<declare usage="input">
	<var>NamedVersionTimeStampFilter</var>
	<datatype type="string"/>
</declare>

<constraint>
	<name>FilterDummyProductRecord</name>
	<description>This will filter product record where PRODUCTID is not equal to FC_DUMMY_PRODUCT</description>
	<usefor>
		<var>PRODUCTID</var>		
	</usefor>
	<condition>
		<eq>
			<var>CATALOG_NAME</var>
			<const type="string">PRODUCT</const>
		</eq>
	</condition>
	<action>
		<check>
			<explanation>PRODUCTID is FC_DUMMY_PRODUCT</explanation>
			<or>
				<undefined>
					<var>PRODUCTID</var>
				</undefined>
				<neq>
					<var>PRODUCTID</var>
					<const type="string">FC_DUMMY_PRODUCT</const>
				</neq>
			</or>
		</check>
	</action>
</constraint>

<constraint>
	<name>FilterDummyPartyRecord</name>
	<description>This will filter product record where PRODUCTID is not equal to FC_DUMMY_PARTY</description>
	<usefor>
		<var>PRODUCTID</var>		
	</usefor>
	<condition>
		<eq>
			<var>CATALOG_NAME</var>
			<const type="string">PARTY</const>
		</eq>
	</condition>
	<action>
		<check>
			<explanation>PRODUCTID is FC_DUMMY_PARTY</explanation>
			<or>
				<undefined>
					<var>PRODUCTID</var>
				</undefined>
				<neq>
					<var>PRODUCTID</var>
					<const type="string">FC_DUMMY_PARTY</const>
				</neq>
			</or>
		</check>
	</action>
</constraint>

<constraint>
	<name>FilterDummySegmentRecord</name>
	<description>This will filter product record where PRODUCTID is not equal to FC_DUMMY_SEGMENT</description>
	<usefor>
		<var>PRODUCTID</var>		
	</usefor>
	<condition>
		<eq>
			<var>CATALOG_NAME</var>
			<const type="string">SEGMENT</const>
		</eq>
	</condition>
	<action>
		<check>
			<explanation>PRODUCTID is FC_DUMMY_SEGMENT</explanation>
			<or>
				<undefined>
					<var>PRODUCTID</var>
				</undefined>
				<neq>
					<var>PRODUCTID</var>
					<const type="string">FC_DUMMY_SEGMENT</const>
				</neq>
			</or>
		</check>
	</action>
</constraint>

<constraint>
	<name>FilterDummyActionRecord</name>
	<description>This will filter product record where PRODUCTID is not equal to FC_DUMMY_ACTION</description>
	<usefor>
		<var>PRODUCTID</var>		
	</usefor>
	<condition>
		<eq>
			<var>CATALOG_NAME</var>
			<const type="string">ACTION</const>
		</eq>
	</condition>
	<action>
		<check>
			<explanation>PRODUCTID is FC_DUMMY_ACTION</explanation>
			<or>
				<undefined>
					<var>PRODUCTID</var>
				</undefined>
				<neq>
					<var>PRODUCTID</var>
					<const type="string">FC_DUMMY_ACTION</const>
				</neq>
			</or>
		</check>
	</action>
</constraint>

<constraint>
	<name>FilterRecordOnProjectTagName</name>
	<description>This will filter record where ProjectTagName in (ProjectTagForFilter)</description>
	<condition>
		<and>
			<neq>
				<var>CATALOG_NAME</var>
				<const type="string">PROJECTTAG</const>
			</neq>
			<defined>
				<var>ProjectTagForFilter</var>
			</defined>
			<gt>
				<op func="count">
					<var>ProjectTagForFilter</var>
				</op>
				<const type="number">0</const>
			</gt>
		</and>
	</condition>	
	<action>
		<check>
			<explanation>ProjectTagName in (ProjectTagForFilter)</explanation>
			<eq>
				<op func="hasCommonValue">
					<var>ProjectTagName</var>
					<var>ProjectTagForFilter</var>
				</op>
				<const type="boolean">true</const>
			</eq>
		</check>
	</action>
</constraint>

<constraint>
	<name>FilterRecordOnProjectTagName1</name>
	<description>This will filter record where ProjectTagName in (ProjectTagForFilter)</description>
	<condition>
		<and>
			<eq>
				<var>CATALOG_NAME</var>
				<const type="string">PROJECTTAG</const>
			</eq>
			<defined>
				<var>ProjectTagForFilter</var>
			</defined>
			<gt>
				<op func="count">
					<var>ProjectTagForFilter</var>
				</op>
				<const type="number">0</const>
			</gt>
		</and>
	</condition>	
	<action>
		<check>
			<explanation>ProjectTagName in (ProjectTagForFilter)</explanation>
			<eq>
				<op func="hasCommonValue">
					<var>Name</var>
					<var>ProjectTagForFilter</var>
				</op>
				<const type="boolean">true</const>
			</eq>
		</check>
	</action>
</constraint>


<constraint>
    <name>FilterRecordOnLastModifiedDate</name>
    <description>This will filter record on the basis of last modified date</description>
	<condition>
		<defined>
			<var>NamedVersionTimeStampFilter</var>
		</defined>
	</condition>
    <action>
        <check>
            <explanation>Compare modified date</explanation>
			<or>
            <lt>
                <var>RECORD_LAST_MODIFIED_ON</var>
                <var>NamedVersionTimeStampFilter</var>
            </lt>
			<eq>
				<var>RECORD_LAST_MODIFIED_ON</var>
				<var>NamedVersionTimeStampFilter</var>
			</eq>
			</or>
        </check>
    </action>
</constraint>

</rulebase>
<!-- Copyright (c) 2018-2018 TIBCO Software Inc. All Rights Reserved. Confidential & Proprietary. -->