<?xml version="1.0" encoding="UTF-8"?>
<rulebase metaversion="1.0">
<name>lifecyclestatus transition</name>
<description>lifecyclestatus transition</description>

<declare usage="input">
	<var>Lifecycle_status</var>
	<datatype type="string" />
</declare>

<declare usage="local">
	<var>LifecyclestateTransition</var>
	<datatype type="array"/>
</declare>

<declare usage="local">
	<var>REPOSITORY_LIST</var>
	<datatype type="array"/>
</declare>

<constraint>
	<name>RepositoryNames</name>
	<description>Repository Names</description>      
	<action>
		<assign>
			<var>REPOSITORY_LIST</var>
			<const type="string">DISCOUNT</const>
			<const type="string">PRICE</const>
			<const type="string">PRODUCT</const>
			<const type="string">SEGMENT</const>
			<const type="string">ACTION</const>
			<const type="string">ALLOWANCE</const>
			<const type="string">CATALOG</const>
			<const type="string">CATEGORY</const>
			<const type="string">CHARACTERISTIC</const>
			<const type="string">CHARACTERISTICDATATYPE</const>
			<const type="string">MIGRATION</const>
			<const type="string">MILESTONE</const>
			<const type="string">PARTY</const>
			<const type="string">PARTYEXTENSION</const>
			<const type="string">PLANFRAGMENT</const>
			<const type="string">POLICYRULE</const>
			<const type="string">PROJECTTAG</const>
			<const type="string">REQUIRES_PRODUCT</const>
			<const type="string">RULE</const>
			<const type="string">RULECONDITION</const>
			<const type="string">RULEPARAMETER</const>
			<const type="string">SALESCHANNEL</const>
			<const type="string">KEYVALUE</const>
		</assign>
	</action>                
</constraint>

<constraint>
	<name>LifecyclestateTransitionSequence</name>
	<description>Lifecyclestate Transition sequence</description>
	<action>
		<assign>
			<var>LifecyclestateTransition</var>
			<const type="string">TESTING</const>
			<const type="string">ACTIVE</const>
		</assign>
	</action>                
</constraint>

<constraint>
    <name>RecordStatusForOnEditMode</name>
    <description>RecordStatusForOnEditMode</description>
	<usefor>
		<var>lifecyclestatus</var>
	</usefor>
	<condition>
		<and>
			<eq>
				<var>RECORD_ACTION</var>
				<const type="string">EDIT</const>
			</eq>
			<eq>
				<var>RECORD_ACTIVE_FLAG</var>
				<const type="string">Y</const>
		    </eq>
			<eq>
				<var>RECORD_IS_ROOT</var>
				<const type="boolean">true</const>
			</eq>
			<eq>
				<var>lifecyclestatus</var>
				<const type="string">ACTIVE</const>
			</eq>
		</and>
    </condition>
    <action>
        <assign>
			<var>lifecyclestatus</var>
			<const type="string">TESTING</const>
		</assign>
    </action>
</constraint>

<constraint>
    <name>RecordStatusForActive</name>
    <description>RecordStatusForActive</description>
	<usefor>
		<var>lifecyclestatus</var>
	</usefor>
	<condition>
	  <and>
        <eq>
			<var>Lifecycle_status</var>
			<const type="string">STATETRANSITION</const>
		</eq>
		<eq>
			<var>RECORD_ACTIVE_FLAG</var>
			<const type="string">Y</const>
		</eq>
		<in>
			<var>CATALOG_NAME</var>
			<var>REPOSITORY_LIST</var>
		</in>
		
	  </and>
    </condition>
    <action>
        <assign>
			<var>lifecyclestatus</var>
			<op func="evaluateLifecycleStatus">
				<var>RECORD_KEYID</var>
				<var>RECORD_VERSION</var>
				<var>LifecyclestateTransition</var>
				<var>SESSION/ORGANIZATIONID</var>
				<var>CATALOG_NAME</var>
			</op>
		</assign>
    </action>
</constraint>

<constraint>
    <name>RecordStatusForRejected</name>
    <description>recordStatusForRejected</description>
	<usefor>
		<var>lifecyclestatus</var>
	</usefor>
	<condition>
        <eq>
			<var>Lifecycle_status</var>
			<const type="string">REJECTED</const>
		</eq>
    </condition>
    <action>
        <assign>
			<var>lifecyclestatus</var>
			<const type="string">REJECTED</const>
		</assign>
    </action>
</constraint>

<constraint>
    <name>RecordStatusForTesting</name>
    <description>recordStatusForTesting</description>
	<usefor>
		<var>lifecyclestatus</var>
	</usefor>
	<condition>
        <eq>
			<var>Lifecycle_status</var>
			<const type="string">TESTING</const>
		</eq>
    </condition>
    <action>
        <assign>
			<var>lifecyclestatus</var>
			<const type="string">TESTING</const>
		</assign>
    </action>
</constraint>



<constraint>
    <name>RecordStatusForActive1</name>
    <description>RecordStatusForActive1</description>
	<usefor>
		<var>lifecyclestatus</var>
	</usefor>
	<condition>
        <eq>
			<var>Lifecycle_status</var>
			<const type="string">ACTIVE</const>
		</eq>
    </condition>
    <action>
        <assign>
			<var>lifecyclestatus</var>
			<const type="string">ACTIVE</const>
		</assign>
    </action>
</constraint>


<constraint>
    <name>RecordStatusForLaunched</name>
    <description>RecordStatusForLaunched</description>
	<usefor>
		<var>lifecyclestatus</var>
	</usefor>
	<condition>
        <eq>
			<var>Lifecycle_status</var>
			<const type="string">LAUNCHED</const>
		</eq>
    </condition>
    <action>
        <assign>
			<var>lifecyclestatus</var>
			<const type="string">LAUNCHED</const>
		</assign>
    </action>
</constraint>

<constraint>
    <name>RecordStatusForDeleted</name>
    <description>recordStatusForDeleted</description>
	<usefor>
		<var>lifecyclestatus</var>
	</usefor>
	<condition>
	  <and>
        <eq>
			<var>Lifecycle_status</var>
			<const type="string">STATETRANSITION</const>
		</eq>
		<eq>
			<var>RECORD_ACTIVE_FLAG</var>
			<const type="string">N</const>
		</eq>
	  </and>	
    </condition>
    <action>
        <assign>
			<var>lifecyclestatus</var>
			<const type="string">INACTIVE</const>
		</assign>
    </action>
</constraint>

</rulebase>
<!-- Copyright (c) 2018-2018 TIBCO Software Inc. All Rights Reserved. Confidential & Proprietary. -->