<?xml version="1.0"?>
<!-- Created with XML Spy v3.5 NT (http://www.xmlspy.com) by Bhushan Shete -->
<!--

    Process the Data Service message and generate a response

-->
<Workflow Version="1.3" xmlns:xsi="http://www.w3.org/2001/XMLSchema-instance"  xsi:noNamespaceSchemaLocation="Workflow.xsd">
	<Owner>TIBCO</Owner>
	<Name>wfin26dataservicev2</Name>
	<Description lang="en">Process for extraction/Import of meta data</Description>
	<Parameter direction="in" eval="variable" type="document" name="inDoc">1</Parameter>
	<Parameter direction="out" eval="variable" type="document" name="inDoc"/>
	<Execution>SYNCHR</Execution>
	<Activity Name="AddMsgInfoToEvent">
		<Start/>
		<Action>UpdateEvent</Action>
		<Description lang="en">Initialize event</Description>
		<Parameter direction="in" type="string" eval="constant" name="eventState">START</Parameter>
		<Parameter direction="in" name="eventDescriptor" type="string" eval="xpath" source="/Message/Body/Document/@subtype">inDoc</Parameter>
		<Parameter direction="in" name="deploymentMode" type="string" eval="xpath" source="/Message/@messageType">inDoc</Parameter>
		<Parameter direction="in" name="eventType" type="string" eval="constant">CAT</Parameter>
	</Activity>
	
	<Activity Name="ImportSeedData">
		<Action>ImportSeedData</Action>
		<Description lang="en">import's seed data for planframent repository</Description>
		<Parameter direction="in" type="string" eval="constant" name="csvfilename1">PlanfragmentDS.csv</Parameter>
		<Parameter direction="in" type="string" eval="constant" name="inputmapname1">PFDATA</Parameter>
		<Parameter direction="in" type="string" eval="constant" name="repositoryname1">PLANFRAGMENT</Parameter>
	</Activity>
	<Activity Name="RepositoryRulebaseFilesUpdate">
		<Action>RepositoryRulebaseFilesUpdate</Action>
		<Description lang="en">For updating the all mentionend repository rulebase files update</Description>
		<Parameter direction="in" eval="xpath" type="string" name="EnterpriseShortName" source="/Message/Header/MessageHeader[@origin='Receiver']/Enterprise/PartyID/ShortName/text()">inDoc</Parameter>
	</Activity>
	
	<Activity Name="ProcessServiceMessage">
		<Action>ProcessServiceMessage</Action>
		<Description lang="en">Process the service message</Description>
		<Parameter direction="in" type="string" eval="constant" name="eventState">SERVICEMESSAGEPROCESS</Parameter>
		<Parameter direction="in" name="InDocument" type="document" eval="variable">inDoc</Parameter>
		<Parameter direction="out" eval="variable" type="document" name="OutDocument">workDoc</Parameter>
		<Parameter direction="in" name="MetadataVersionCompatability" type="string" eval="constant">8.0</Parameter>
	</Activity>
	<Activity Name="ComputeExportFileDirectory">
		<Action>InterpretCommand</Action>
		<Description lang="en">Determine the enterprise-specific directory to store the export file</Description>
		<Parameter direction="in" eval="xpath" type="string" name="EnterpriseShortName" source="/Message/Header/MessageHeader[@origin='Receiver']/Enterprise/PartyID/ShortName/text()">inDoc</Parameter>
		<Parameter direction="out" name="ExportFileDirectory" type="string" eval="variable">ExportFileDirectory</Parameter>
		<Script format="bsh"><![CDATA[
				String ExportFileDirectory = EnterpriseShortName + "/metadata/export/data";
                     ]]></Script>
	</Activity>
	<Activity Name="CopyResponseFile">
		<Action>Exec</Action>
		<Description>Copy the response message</Description>
		<Execution>SYNCHR</Execution>
		<Parameter direction="in" type="string" eval="constant" name="eventState">COPYFILE</Parameter>
		<Parameter direction="in" eval="constant" type="string" name="Command">copy</Parameter>
		<Parameter direction="in" eval="property" type="string" name="File">workDoc.FileName</Parameter>
		<Parameter direction="in" eval="constant" type="string" name="TofilePrefix">ServiceResponse</Parameter>
		<!--Parameter direction="in" eval="constant" type="string" name="TofileExt">xml</Parameter-->
		<Parameter direction="in" eval="variable" type="string" name="Todir">ExportFileDirectory</Parameter>
		<Parameter direction="in" eval="constant" type="string" name="Torelative">MQ_COMMON_DIR</Parameter>
		<Parameter direction="out" name="OutDocument" type="document">responseDoc</Parameter>
	</Activity>
	<Activity Name="SetStatusToSuccess">
		<Action>UpdateEvent</Action>
		<Description lang="en">Set the event status to Success/Done</Description>
		<Parameter direction="in" name="eventStatus" type="string" eval="constant">SUCCESS</Parameter>
		<Parameter direction="in" type="string" eval="constant" name="eventState">DONE</Parameter>
	</Activity>
	<Activity Name="SetStatusToError">
		<Action>UpdateEvent</Action>
		<Description lang="en">Set the event status to Error/Done</Description>
		<Parameter direction="in" name="eventStatus" type="string" eval="constant">ERROR</Parameter>
		<Parameter direction="in" type="string" eval="constant" name="eventState">DONE</Parameter>
	</Activity>
	<!-- Handle cancellation of event -->
	<Activity Name="SetStatusToCancel">
		<Action>UpdateEvent</Action>
		<Description lang="en">Set the event state to Cancelled/Done</Description>
		<Parameter direction="in" name="eventStatus" type="string" eval="constant">CANCELLED</Parameter>
		<Parameter direction="in" type="string" eval="constant" name="eventState">DONE</Parameter>
	</Activity>
	<!-- * * * T R A N S I T I O N S  * * * -->
	<Transition FromActivity="AddMsgInfoToEvent" ToActivity="ProcessServiceMessage"/>
	<Transition FromActivity="ProcessServiceMessage" ToActivity="ComputeExportFileDirectory">
		<Description>Copy the response file if it is a query.</Description>
		<Rule>
			<Parameter direction="in" name="docsubtype" type="string" eval="xpath" source="/Message/Body/Document/@subtype">inDoc</Parameter>
			<Parameter direction="in" name="inputParamString" eval="constant" type="string">DataServiceQuery</Parameter>
			<Parameter name="result" type="boolean" direction="out"/>
			<Condition format="java"><![CDATA[
						com.tibco.mdm.workflow.engine.transition.WfSharedConditionTransition.equalsIgnoreCase(docsubtype, inputParamString);
	                ]]></Condition>
		</Rule>
	</Transition>
	<Transition FromActivity="ComputeExportFileDirectory" ToActivity="CopyResponseFile"/>
	<Transition FromActivity="ProcessServiceMessage" ToActivity="RepositoryRulebaseFilesUpdate"/>
	<Transition FromActivity="RepositoryRulebaseFilesUpdate" ToActivity="ImportSeedData"/>
	<Transition FromActivity="ImportSeedData" ToActivity="SetStatusToSuccess"/>
	<Transition FromActivity="CopyResponseFile" ToActivity="SetStatusToSuccess"/>
	<!-- Error -->
	<Transition type="error" FromActivity="Any" ToActivity="SetStatusToError"/>
	<!-- CANCEL transitions -->
	<Transition type="cancel" FromActivity="Any" ToActivity="SetStatusToCancel"/>
</Workflow>
<!-- Copyright (c) 2018-2018 TIBCO Software Inc. All Rights Reserved. Confidential & Proprietary. -->