<Workflow Version="1.3" xsi:noNamespaceSchemaLocation="Workflow.xsd" xmlns:xsi="http://www.w3.org/2001/XMLSchema-instance">
	<Owner>TIBCO</Owner>
	<Name>wfin26enterprisedataexportsubflow_increamentalv1</Name>
	<Description>Subflow for delta enterprise data export</Description>
	
	<Parameter direction="in" name="inDoc" description="Free form workflow description" type="document" eval="variable">1</Parameter>	
	<Parameter name="SelectedNV" direction="in" eval="variable" type="string">1</Parameter>
	<Parameter direction="in" eval="variable" type="string" name="NamedVersionName">1</Parameter>
	<Parameter name="NVTimeStamp" direction="in" eval="variable" type="string">1</Parameter>
	<Parameter name="SelNVTimeStamp" direction="in" eval="variable" type="string">1</Parameter>
	<Parameter direction="in" eval="variable" type="string" name="FolderPath">1</Parameter>
	
	<Activity Name="AddMsgInfoToEvent">
		<Start/>
		<Action>UpdateEvent</Action>
		<Description>Set the event state</Description>
		<Execution>SYNCHR</Execution>
		<Parameter direction="in" name="eventDescriptor" eval="constant" type="string">ENTERPRISEDELTAEXPORT</Parameter>
	</Activity>
	
	<Activity Name="CreateNamedVersion">
		<Action>CreateNamedVersion</Action>
		<Description>Create named version after DB dump is successful</Description>
		<Execution>SYNCHR</Execution>
		<Parameter name="eventState" direction="in" eval="constant" type="string">PREPARENAMEDVERSION</Parameter>
		<Parameter direction="in" name="InDocument" type="document" eval="variable">inDoc</Parameter>
		<Parameter name="MasterCatalog" direction="in" eval="variable" type="string">RepositoryName</Parameter>
		<Parameter name="Name" direction="in" eval="variable" type="string">NamedVersionName</Parameter>
		<Parameter name="NamedVersionTimestamp" direction="in" eval="variable" type="string">NVTimeStamp</Parameter>
	</Activity>
	
	<Activity Name="ReplaceCatalogName">
		<Action>Translate</Action>
		<Execution>SYNCHR</Execution>
		<Description lang="en">Replace catalog name</Description>
		<Parameter direction="in" name="Derived" type="string" eval="constant">false</Parameter>
		<Parameter direction="in" eval="constant" type="string" name="Translator">XSLT</Parameter>
		<Parameter direction="in" eval="constant" type="string" name="Map">standard/maps/mp26changecatalogname</Parameter>
		<Parameter direction="in" eval="constant" type="string" name="OutputFormat">mlXML</Parameter>
		<Parameter direction="in" eval="constant" type="string" name="Normalize">None</Parameter>
		<Parameter direction="in" eval="variable" type="string" name="Xsl_Param_CatalogName">RepositoryName</Parameter>
		<Parameter direction="in" eval="variable" type="document" name="InDocument">inDoc</Parameter>
		<Parameter direction="out" eval="variable" type="document" name="OutDocument">workDoc</Parameter>
		<Parameter direction="in" type="string" eval="constant" name="eventState">TRANSLATE</Parameter>
	</Activity>
	<Activity Name="SubsetForDBDump">
		<Action>EvaluateSubset</Action>
		<Description>Apply subset</Description>
		<Execution>SYNCHR</Execution>
		<Parameter name="eventState" direction="in" eval="constant" type="string">SUBSET</Parameter>
		<Parameter name="InDocument" direction="in" eval="variable" type="document">workDoc</Parameter>
		<Parameter name="VersionOption" direction="in" eval="constant" type="string">CONFIRMED</Parameter>
		<Parameter name="IncludeDraftRecords" direction="in" eval="constant" type="boolean">false</Parameter>
		<Parameter name="NamedVersionPrefix" direction="in" eval="variable" type="string">SelectedNV</Parameter>
		<Parameter name="CutoffDate" direction="in" eval="variable" type="string">SelectedCD</Parameter>
		<!--Parameter name="Subset" direction="in" eval="constant" type="string">PX1</Parameter-->
		<!-- FEDOption: I - Include FED Records, O - Only FED Records, N - No FED Records -->
		<!--Parameter direction="in" name="FEDOption" eval="constant" type="string">N</Parameter-->    
		<Parameter name="OutRecordList" direction="out" eval="variable" type="recordlist">workRecordList</Parameter>
	</Activity>
	<Activity Name="EvaluateRuleBase">
		<Action>EvaluateRuleBase</Action>
		<Description lang="en">Apply validation rules</Description>
		<Execution>SYNCHR</Execution>
		<Parameter direction="in" type="string" eval="constant" name="eventState">EVALUATERULEBASE</Parameter>
		<Parameter direction="in" name="Rulebase" eval="constant" type="string">standard/rulebase/rbdeltaexportrecordfilter.xml</Parameter>
		<Parameter name="NamedVersionTimeStampFilter" direction="in" eval="variable" type="string">NVTimeStamp</Parameter>
		<Parameter direction="in" name="InDocument" type="document" eval="variable">workDoc</Parameter>
		<Parameter direction="in" name="InRecordList" type="recordlist" eval="variable">workRecordList</Parameter>
		<Parameter direction="in" name="EvaluateChildren" type="boolean" eval="constant">FALSE</Parameter>
		<Parameter direction="in" name="CatalogValidation" type="boolean" eval="constant">FALSE</Parameter>
		<!-- Severity: Validations with severity < input Severity are considered Fatal errors.  The rest are considered Warnings. -->
		<Parameter direction="in" name="Severity" type="long" eval="constant">9</Parameter>
		<!--    RemoveRecord : NONE - Do NOT remove records with errors.  FATAL - Remove records with Fatal errors (see Severity)  -->
		<Parameter direction="in" name="RemoveRecord" type="string" eval="constant">FATAL</Parameter>
		<!-- SaveFlag indicates if any changes to attributes should be saved in the database. Values are: SAVE,NOSAVE -->
		<Parameter direction="in" name="SaveFlag" type="string" eval="constant">NOSAVE</Parameter>
		<!-- LogOption: A - AttributeLog, F - Log File -->
		<Parameter direction="in" name="LogOption" type="string" eval="constant">F</Parameter>
		<!-- Number of FATAL errors (see Severity) -->
		<Parameter direction="out" name="ValidationErrors" type="long" eval="variable">fatalErrors</Parameter>
		<!-- Number of Warnings (see Severity) -->
		<Parameter direction="out" name="ValidationErrors1" type="long" eval="variable">warningErrors</Parameter>
		<!-- OutRecordList - with Valid record bundles -->
		<Parameter direction="out" name="OutRecordList" type="recordlist" eval="variable">workRecordList</Parameter>
		<!-- OutRecordList2 - with Error record bundles -->
		<Parameter direction="out" name="OutRecordList2" type="recordlist" eval="variable">workRecordList1</Parameter>
		<Parameter direction="out" name="RecordsProcessed" type="long" eval="variable">recordsProcessed</Parameter>
    </Activity>

	<Activity Name="ExtractDB">
		<Action>FCExtractDataToDelimitedFile</Action>
		<Description lang="en">Mark related records and write output in file</Description>
		<Execution>SYNCHR</Execution>
		<Parameter direction="in" type="string" eval="constant" name="eventState">GENERATEFILE</Parameter>
		<Parameter direction="in" type="long" eval="constant" name="RelationshipDepth">1</Parameter>
		<Parameter direction="in" type="string" eval="variable" name="fromTimeStamp">SelNVTimeStamp</Parameter>
		<Parameter direction="in" type="string" eval="variable" name="toTimeStamp">NVTimeStamp</Parameter>
		<!--<Parameter direction="in" type="string" eval="constant" name="Delimiter">,</Parameter>
		<Parameter direction="in" type="string" eval="constant" name="TextQualifier">"</Parameter>
		<Parameter direction="in" type="string" eval="constant" name="DataFileExtension">csv</Parameter>
		<Parameter direction="in" type="string" eval="constant" name="DateFormat">yyyy-MM-dd</Parameter>
		<Parameter direction="in" type="boolean" eval="constant" name="DropTempTables">false</Parameter>-->
		<Parameter direction="in" name="InDocument" type="document" eval="variable">workDoc</Parameter>
		<Parameter direction="in" name="InRecordList" type="recordlist" eval="variable">workRecordList</Parameter>
		<Parameter direction="out" name="OutDocument" type="document" eval="variable">workDoc</Parameter>
	</Activity>
	<Activity Name="CopyFILE">
		<Action>ExtractRepositoryDataFromZipUtil</Action>
		<Description lang="en">Copy File</Description>
		<Execution>SYNCHR</Execution>
		<Parameter direction="in" type="string" eval="constant" name="eventState">COPYFILE</Parameter>
		<Parameter direction="in" name="InDocument" type="document" eval="variable">workDoc</Parameter>
		<Parameter direction="in" name="TempFolderPath" type="string" eval="variable">FolderPath</Parameter>
		<Parameter direction="out" name="OutDocument" type="document" eval="variable">workDoc</Parameter>
	</Activity>
	
	<Activity Name="ExtractDeletedRecordToDelimitedFile">
		<Action>ExtractDeletedRecordToDelimitedFile</Action>
		<Description lang="en">Extracting Deleted Record To Delimited File</Description>
		<Execution>SYNCHR</Execution>
		<Parameter direction="in" type="string" eval="constant" name="eventState">GENERATEFILE</Parameter>
		<Parameter direction="in" eval="variable" type="string" name="Param_CatalogName">RepositoryName</Parameter>
		<Parameter direction="in" name="TempFolderPath" type="string" eval="variable">FolderPath</Parameter>
		<Parameter direction="in" name="FromDate" type="string" eval="variable">SelNVTimeStamp</Parameter>
		<Parameter direction="in" name="ToDate" type="string" eval="variable">NVTimeStamp</Parameter>
		<Parameter direction="out" name="OutDocument" type="document" eval="variable">workDoc</Parameter>
	</Activity>
	
	<!--Activity Name="SetStatusToSuccess">
		<Action>UpdateEvent</Action>
		<Description lang="en">Set the event status to Success/Done</Description>
		<Parameter direction="in" name="eventStatus" type="string" eval="constant">SUCCESS</Parameter>
		<Parameter direction="in" type="string" eval="constant" name="eventState">DONE</Parameter>
	</Activity-->
	
	<Activity Name="SetStatusToError">
		<Action>UpdateEvent</Action>
		<Description lang="en">Set the event status to Error/Done</Description>
		<Parameter direction="in" name="eventStatus" type="string" eval="constant">ERROR</Parameter>
		<Parameter direction="in" type="string" eval="constant" name="eventState">DONE</Parameter>
	</Activity>
	<Activity Name="SetRepositoryInvalidError">
		<Action>UpdateEvent</Action>
		<Description lang="en">Repository is not valid</Description>
		<Parameter direction="in" name="eventStatus" type="string" eval="constant">ERROR</Parameter>
		<Parameter direction="in" type="string" eval="constant" name="eventState">DONE</Parameter>
	</Activity>
	<Activity Name="RejectDueToWorkflowError">
		<Action>Send</Action>
		<Description lang="en">Error occured during workflow processing</Description>
		<Execution>ASYNCHR</Execution>
		<Parameter direction="in" type="string" eval="constant" name="eventState">REJECTDUETOWFERROR</Parameter>
		<Parameter direction="in" eval="rule" source="Message or Workflow Completion" type="string" name="Protocol">workDoc</Parameter>
		<Parameter direction="in" eval="rule" source="Message or Workflow Completion" type="long" name="Address">workDoc</Parameter>
		<Parameter direction="in" name="Sender" type="string" eval="constant">support@tibco.com</Parameter>
		<Parameter direction="in" name="Presentation" type="string" eval="constant">com.tibco.mdm.ui.workflow.engine.emailtemplates.EmailUploadImportWorkflowError</Parameter>
		<Parameter direction="in" eval="constant" type="string" name="Form">standard/forms/fm26ca.xml</Parameter>
		<Parameter direction="in" type="document" eval="variable" name="InDocument">workDoc</Parameter>
	</Activity>
   
	<Transition FromActivity="AddMsgInfoToEvent" ToActivity="ReplaceCatalogName"/>
	<Transition FromActivity="ReplaceCatalogName" ToActivity="SubsetForDBDump"/>
	<Transition FromActivity="SubsetForDBDump" ToActivity="EvaluateRuleBase"/>
   
   
   <Transition FromActivity="EvaluateRuleBase" ToActivity="ExtractDeletedRecordToDelimitedFile">
		<Rule>
			<Parameter direction="in" name="InRecordList" type="recordlist" eval="variable">workRecordList</Parameter>
			<Parameter name="result" type="boolean" direction="out"/>
			<Condition format="java"><![CDATA[
				com.tibco.mdm.workflow.engine.transition.WfSharedConditionTransition.isNull(InRecordList);
					]]></Condition>
		</Rule>
	</Transition>
	
	<Transition FromActivity="ExtractDeletedRecordToDelimitedFile" ToActivity="CreateNamedVersion">
		<Rule>
			<Parameter direction="in" name="InRecordList" type="recordlist" eval="variable">workRecordList</Parameter>
			<Parameter name="result" type="boolean" direction="out"/>
			<Condition format="java"><![CDATA[
				com.tibco.mdm.workflow.engine.transition.WfSharedConditionTransition.isNull(InRecordList);
					]]></Condition>
			</Rule>
	</Transition>
	
	<Transition FromActivity="EvaluateRuleBase" ToActivity="ExtractDB">
		<Rule>
			<Parameter direction="in" name="InRecordList" type="recordlist" eval="variable">workRecordList</Parameter>
			<Parameter name="result" type="boolean" direction="out"/>
			<Condition format="java"><![CDATA[
				com.tibco.mdm.workflow.engine.transition.WfSharedConditionTransition.isNotNullOrEmpty(InRecordList);
					]]></Condition>
		</Rule>
	</Transition>

		
	<Transition FromActivity="ExtractDB" ToActivity="ExtractDeletedRecordToDelimitedFile"/>
	<Transition FromActivity="ExtractDeletedRecordToDelimitedFile" ToActivity="CopyFILE"/>
	<Transition FromActivity="CopyFILE" ToActivity="CreateNamedVersion"/>
	<!--Transition FromActivity="CreateNamedVersion" ToActivity="SetStatusToSuccess"/-->
	
	<Transition type="error" FromActivity="Any" ToActivity="RejectDueToWorkflowError"/>
	<Transition FromActivity="RejectDueToWorkflowError" ToActivity="SetStatusToError"/>

</Workflow>
<!-- Copyright (c) 2018-2018 TIBCO Software Inc. All Rights Reserved. Confidential & Proprietary. -->