<Workflow Version="1.3" xsi:noNamespaceSchemaLocation="Workflow.xsd" xmlns:xsi="http://www.w3.org/2001/XMLSchema-instance">
	<Owner>TIBCO</Owner>
	<Name>wfin26enterprisedataexportsubflowv1</Name>
	<Description>Subflow for enterprise data export</Description>
	<Parameter direction="in" name="inDoc" description="Free form workflow description" type="document" eval="variable">1</Parameter>
	<Parameter name="ProjectTagNames" direction="in" eval="variable" type="string">1</Parameter>
	<Parameter name="FolderPath" direction="in" eval="variable" type="string">1</Parameter>
	<Parameter name="FCBackwardCompatible" direction="in" eval="variable" type="boolean">1</Parameter>
   <!--Parameter direction="in" name="MasterCatalog_ActiveCat" description="Free form workflow description" type="string" eval="variable"></Parameter-->
	<Activity Name="AddMsgInfoToEvent">
		<Start/>
		<Action>UpdateEvent</Action>
		<Description>Set the event state</Description>
		<Execution>SYNCHR</Execution>
		<Parameter direction="in" name="eventDescriptor" eval="constant" type="string">ENTERPRISEDATAEXPORT</Parameter>
	</Activity>
	<Activity Name="ReplaceCatalogName">
		<Action>Translate</Action>
		<Description lang="en">Replace catalog name</Description>
		<Execution>SYNCHR</Execution>
		<Parameter direction="in" name="Derived" type="string" eval="constant">false</Parameter>
		<Parameter direction="in" eval="constant" type="string" name="Translator">XSLT</Parameter>
		<Parameter direction="in" eval="constant" type="string" name="Map">standard/maps/mp26changecatalogname</Parameter>
		<Parameter direction="in" eval="constant" type="string" name="OutputFormat">mlXML</Parameter>
		<Parameter direction="in" eval="constant" type="string" name="Normalize">None</Parameter>
		<Parameter direction="in" eval="variable" type="string" name="Xsl_Param_CatalogName">RepositoryName</Parameter>
		<Parameter direction="in" eval="variable" type="document" name="InDocument">inDoc</Parameter>
		<Parameter direction="out" eval="variable" type="document" name="OutDocument">workDoc</Parameter>
		<Parameter direction="in" type="string" eval="constant" name="eventState">TRANSLATE</Parameter>
	</Activity>
	<Activity Name="SetRelationshipNames">
		<Action>FCSetRelationshipNames</Action>
		<Description lang="en">Set relationship names</Description>
		<Execution>SYNCHR</Execution>
		<Parameter direction="in" eval="xpath" type="string" name="MasterCatalog" source="/Message/Body/Document/BusinessDocument/CatalogAction/CatalogActionHeader/MasterCatalog/RevisionID/BaseName/text()">workDoc</Parameter>
		<Parameter direction="out" type="long" eval="constant" name="RelationshipDirection">0</Parameter>
        <Parameter direction="out" name="RelName" type="string" eval="variable">RName</Parameter>
        <Parameter direction="out" name="RelName1" type="string" eval="variable">RName1</Parameter>
        <Parameter direction="out" name="RelName2" type="string" eval="variable">RName2</Parameter>
        <Parameter direction="out" name="RelName3" type="string" eval="variable">RName3</Parameter>
        <Parameter direction="out" name="RelName4" type="string" eval="variable">RName4</Parameter>
        <Parameter direction="out" name="RelName5" type="string" eval="variable">RName5</Parameter>
        <Parameter direction="out" name="RelName6" type="string" eval="variable">RName6</Parameter>
        <Parameter direction="out" name="RelName7" type="string" eval="variable">RName7</Parameter>
        <Parameter direction="out" name="RelName8" type="string" eval="variable">RName8</Parameter>
        <Parameter direction="out" name="RelName9" type="string" eval="variable">RName9</Parameter>
        <Parameter direction="out" name="RelName10" type="string" eval="variable">RName10</Parameter>
        <Parameter direction="out" name="RelName11" type="string" eval="variable">RName11</Parameter>
        <Parameter direction="out" name="RelName12" type="string" eval="variable">RName12</Parameter>
        <Parameter direction="out" name="RelName13" type="string" eval="variable">RName13</Parameter>
        <Parameter direction="out" name="RelName14" type="string" eval="variable">RName14</Parameter>
        <Parameter direction="out" name="RelName15" type="string" eval="variable">RName15</Parameter>
        <Parameter direction="out" name="RelName16" type="string" eval="variable">RName16</Parameter>
        <Parameter direction="out" name="RelName17" type="string" eval="variable">RName17</Parameter>
        <Parameter direction="out" name="RelName18" type="string" eval="variable">RName18</Parameter>
        <Parameter direction="out" name="RelName19" type="string" eval="variable">RName19</Parameter>
        <Parameter direction="out" name="RelName20" type="string" eval="variable">RName20</Parameter>
        <Parameter direction="out" name="RelName21" type="string" eval="variable">RName21</Parameter>
        <Parameter direction="out" name="RelName22" type="string" eval="variable">RName22</Parameter>
		<Parameter direction="out" name="RelName23" type="string" eval="variable">RName23</Parameter>
		<Parameter direction="out" name="RelName24" type="string" eval="variable">RName24</Parameter>
	</Activity>
	
	<Activity Name="SubsetForDBDump">
		<Action>EvaluateSubset</Action>
		<Description>Apply subset</Description>
		<Execution>SYNCHR</Execution>
		<Parameter name="eventState" direction="in" eval="constant" type="string">SUBSET</Parameter>
		<Parameter name="InDocument" direction="in" eval="variable" type="document">workDoc</Parameter>
		<Parameter name="VersionOption" direction="in" eval="constant" type="string">CONFIRMED</Parameter>
		<Parameter name="IncludeDraftRecords" direction="in" eval="constant" type="boolean">false</Parameter>
        <Parameter direction="in" name="RelationshipName" type="string" eval="variable">RelName</Parameter>
        <Parameter direction="in" name="RelationshipName1" type="string" eval="variable">RelName1</Parameter>
        <Parameter direction="in" name="RelationshipName2" type="string" eval="variable">RelName2</Parameter>
        <Parameter direction="in" name="RelationshipName3" type="string" eval="variable">RelName3</Parameter>
        <Parameter direction="in" name="RelationshipName4" type="string" eval="variable">RelName4</Parameter>
        <Parameter direction="in" name="RelationshipName5" type="string" eval="variable">RelName5</Parameter>
        <Parameter direction="in" name="RelationshipName6" type="string" eval="variable">RelName6</Parameter>
        <Parameter direction="in" name="RelationshipName7" type="string" eval="variable">RelName7</Parameter>
        <Parameter direction="in" name="RelationshipName8" type="string" eval="variable">RelName8</Parameter>
        <Parameter direction="in" name="RelationshipName9" type="string" eval="variable">RelName9</Parameter>
        <Parameter direction="in" name="RelationshipName10" type="string" eval="variable">RelName10</Parameter>
        <Parameter direction="in" name="RelationshipName11" type="string" eval="variable">RelName11</Parameter>
        <Parameter direction="in" name="RelationshipName12" type="string" eval="variable">RelName12</Parameter>
        <Parameter direction="in" name="RelationshipName13" type="string" eval="variable">RelName13</Parameter>
        <Parameter direction="in" name="RelationshipName14" type="string" eval="variable">RelName14</Parameter>
        <Parameter direction="in" name="RelationshipName15" type="string" eval="variable">RelName15</Parameter>
        <Parameter direction="in" name="RelationshipName16" type="string" eval="variable">RelName16</Parameter>
        <Parameter direction="in" name="RelationshipName17" type="string" eval="variable">RelName17</Parameter>
        <Parameter direction="in" name="RelationshipName18" type="string" eval="variable">RelName18</Parameter>
        <Parameter direction="in" name="RelationshipName19" type="string" eval="variable">RelName19</Parameter>
        <Parameter direction="in" name="RelationshipName20" type="string" eval="variable">RelName20</Parameter>
        <Parameter direction="in" name="RelationshipName21" type="string" eval="variable">RelName21</Parameter>
        <Parameter direction="in" name="RelationshipName22" type="string" eval="variable">RelName22</Parameter>
		<Parameter direction="in" name="RelationshipName23" type="string" eval="variable">RelName23</Parameter>
		<Parameter direction="in" name="RelationshipName24" type="string" eval="variable">RelName24</Parameter>
		
		<!--Parameter name="Subset" direction="in" eval="constant" type="string">PX1</Parameter-->
		<!-- FEDOption: I - Include FED Records, O - Only FED Records, N - No FED Records -->
		<!--Parameter direction="in" name="FEDOption" eval="constant" type="string">N</Parameter-->    
		<Parameter name="OutRecordList" direction="out" eval="variable" type="recordlist">workRecordList</Parameter>
	</Activity>
	<Activity Name="EvaluateRuleBase">
		<Action>EvaluateRuleBase</Action>
		<Description lang="en">Apply validation rules</Description>
		<Execution>SYNCHR</Execution>
		<Parameter direction="in" type="string" eval="constant" name="eventState">EVALUATERULEBASE</Parameter>
		<Parameter direction="in" name="Rulebase" eval="constant" type="string">standard/rulebase/rbenterpriseexportrecordfilter.xml</Parameter>
		<Parameter name="ProjectTagForFilter" direction="in" eval="variable" type="string">ProjectTagNames</Parameter>
		<Parameter direction="in" name="InDocument" type="document" eval="variable">workDoc</Parameter>
		<Parameter direction="in" name="InRecordList" type="recordlist" eval="variable">workRecordList</Parameter>
		<Parameter direction="in" name="EvaluateChildren" type="boolean" eval="constant">FALSE</Parameter>
		<Parameter direction="in" name="CatalogValidation" type="boolean" eval="constant">FALSE</Parameter>
		<!-- Severity: Validations with severity < input Severity are considered Fatal errors.  The rest are considered Warnings. -->
		<Parameter direction="in" name="Severity" type="long" eval="constant">9</Parameter>
		<!--    RemoveRecord : NONE - Do NOT remove records with errors.  FATAL - Remove records with Fatal errors (see Severity)  -->
		<Parameter direction="in" name="RemoveRecord" type="string" eval="constant">FATAL</Parameter>
		<!-- SaveFlag indicates if any changes to attributes should be saved in the database. Values are: SAVE,NOSAVE -->
		<Parameter direction="in" name="SaveFlag" type="string" eval="constant">NOSAVE</Parameter>
		<!-- LogOption: A - AttributeLog, F - Log File -->
		<Parameter direction="in" name="LogOption" type="string" eval="constant">F</Parameter>
		<!-- Number of FATAL errors (see Severity) -->
		<Parameter direction="out" name="ValidationErrors" type="long" eval="variable">fatalErrors</Parameter>
		<!-- Number of Warnings (see Severity) -->
		<Parameter direction="out" name="ValidationErrors1" type="long" eval="variable">warningErrors</Parameter>
		<!-- OutRecordList - with Valid record bundles -->
		<Parameter direction="out" name="OutRecordList" type="recordlist" eval="variable">workRecordList</Parameter>
		<!-- OutRecordList2 - with Error record bundles -->
		<Parameter direction="out" name="OutRecordList2" type="recordlist" eval="variable">workRecordList1</Parameter>
		<Parameter direction="out" name="RecordsProcessed" type="long" eval="variable">recordsProcessed</Parameter>
    </Activity>

	<Activity Name="ExtractDB">
		<Action>ExtractDataToDelimitedFile</Action>
		<Description lang="en">Mark related records and write output in file</Description>
		<Execution>SYNCHR</Execution>
		<Parameter direction="in" type="string" eval="constant" name="eventState">GENERATEFILE</Parameter>
		<Parameter direction="in" type="long" eval="constant" name="RelationshipDepth">1</Parameter>
		<!--<Parameter direction="in" type="string" eval="constant" name="Delimiter">,</Parameter>
		<Parameter direction="in" type="string" eval="constant" name="TextQualifier">"</Parameter>
		<Parameter direction="in" type="string" eval="constant" name="DataFileExtension">csv</Parameter>
		<Parameter direction="in" type="string" eval="constant" name="DateFormat">yyyy-MM-dd</Parameter>
		<Parameter direction="in" type="boolean" eval="constant" name="DropTempTables">false</Parameter>-->
		<Parameter direction="in" name="InDocument" type="document" eval="variable">workDoc</Parameter>
		<Parameter direction="in" name="InRecordList" type="recordlist" eval="variable">workRecordList</Parameter>
		<Parameter direction="out" name="OutDocument" type="document" eval="variable">workDoc</Parameter>
	</Activity>
	<Activity Name="CopyFILE">
		<Action>ExtractRepositoryDataFromZipUtil</Action>
		<Description lang="en">Copy File</Description>
		<Execution>SYNCHR</Execution>
		<Parameter direction="in" type="string" eval="constant" name="eventState">GENERATEFILE</Parameter>
		<Parameter direction="in" name="InDocument" type="document" eval="variable">workDoc</Parameter>
		<Parameter direction="in" name="TempFolderPath" type="string" eval="variable">FolderPath</Parameter>
		<Parameter direction="out" name="OutDocument" type="document" eval="variable">workDoc</Parameter>
	</Activity>

	<!--Activity Name="SetStatusToSuccess">
		<Action>UpdateEvent</Action>
		<Description lang="en">Set the event status to Success/Done</Description>
		<Parameter direction="in" name="eventStatus" type="string" eval="constant">SUCCESS</Parameter>
		<Parameter direction="in" type="string" eval="constant" name="eventState">DONE</Parameter>
	</Activity-->
	<Activity Name="SetStatusToError">
		<Action>UpdateEvent</Action>
		<Description lang="en">Set the event status to Error/Done</Description>
		<Parameter direction="in" name="eventStatus" type="string" eval="constant">ERROR</Parameter>
		<Parameter direction="in" type="string" eval="constant" name="eventState">DONE</Parameter>
	</Activity>
	<Activity Name="SetRepositoryInvalidError">
		<Action>UpdateEvent</Action>
		<Description lang="en">Repository is not valid</Description>
		<Parameter direction="in" name="eventStatus" type="string" eval="constant">ERROR</Parameter>
		<Parameter direction="in" type="string" eval="constant" name="eventState">DONE</Parameter>
	</Activity>
	<Activity Name="RejectDueToWorkflowError">
		<Action>Send</Action>
		<Description lang="en">Error occured during workflow processing</Description>
		<Execution>ASYNCHR</Execution>
		<Parameter direction="in" type="string" eval="constant" name="eventState">REJECTDUETOWFERROR</Parameter>
		<Parameter direction="in" eval="rule" source="Message or Workflow Completion" type="string" name="Protocol">workDoc</Parameter>
		<Parameter direction="in" eval="rule" source="Message or Workflow Completion" type="long" name="Address">workDoc</Parameter>
		<Parameter direction="in" name="Sender" type="string" eval="constant">support@tibco.com</Parameter>
		<Parameter direction="in" name="Presentation" type="string" eval="constant">com.tibco.mdm.ui.workflow.engine.emailtemplates.EmailUploadImportWorkflowError</Parameter>
		<Parameter direction="in" eval="constant" type="string" name="Form">standard/forms/fm26ca.xml</Parameter>
		<Parameter direction="in" type="document" eval="variable" name="InDocument">workDoc</Parameter>
	</Activity>
   
	<Transition FromActivity="AddMsgInfoToEvent" ToActivity="ReplaceCatalogName"/>
	
	<Transition FromActivity="ReplaceCatalogName" ToActivity="SubsetForDBDump">
		<Rule>
			<Parameter direction="in" name="backwardCompatible" type="boolean" eval="variable">FCBackwardCompatible</Parameter>
			<Parameter name="result" type="boolean" direction="out"/>
			<Condition format="java"><![CDATA[
				com.tibco.mdm.workflow.engine.transition.WfSharedConditionTransition.setToBoolean(backwardCompatible);
					]]></Condition>
		</Rule>
	</Transition>
	<Transition FromActivity="ReplaceCatalogName" ToActivity="SetRelationshipNames"/>
	
	<Transition FromActivity="SetRelationshipNames" ToActivity="SubsetForDBDump"/>
	
	<Transition FromActivity="SubsetForDBDump" ToActivity="EvaluateRuleBase"/>
   
	<Transition FromActivity="EvaluateRuleBase" ToActivity="ExtractDB">
		<Rule>
			<Parameter direction="in" name="InRecordList" type="recordlist" eval="variable">workRecordList</Parameter>
			<Parameter name="result" type="boolean" direction="out"/>
			<Condition format="java"><![CDATA[
				com.tibco.mdm.workflow.engine.transition.WfSharedConditionTransition.isNotNullOrEmpty(InRecordList);
					]]></Condition>
		</Rule>
	</Transition>

	<!--Transition FromActivity="EvaluateRuleBase" ToActivity="SetStatusToSuccess">
		<Rule>
			<Parameter direction="in" name="InRecordList" type="recordlist" eval="variable">workRecordList</Parameter>
			<Parameter name="result" type="boolean" direction="out"/>
			<Condition format="java"><![CDATA[
				com.tibco.mdm.workflow.engine.transition.WfSharedConditionTransition.isNull(InRecordList);
					]]></Condition>
		</Rule>
	</Transition-->
	
	<Transition FromActivity="ExtractDB" ToActivity="CopyFILE"/>
	<!--Transition FromActivity="CopyFILE" ToActivity="SetStatusToSuccess"/-->
	<Transition type="error" FromActivity="Any" ToActivity="RejectDueToWorkflowError"/>
	<Transition FromActivity="RejectDueToWorkflowError" ToActivity="SetStatusToError"/>

</Workflow>
<!-- Copyright (c) 2018-2018 TIBCO Software Inc. All Rights Reserved. Confidential & Proprietary. -->