<?xml version="1.0"?>
<!--
    Route the Import Data into Master Catalog Workitem to Approvers.

    Note: We assume that Contains relationship has AUTOBUNDLE = 'Y'.

          If Contains has AUTOBUNDLE = 'N', then out of box import workflow will not work correctly.

          This is because out of box import workflow has 'Contains' being passed into the activity ManageRecordCollection.

          Therefore, if Contains is AUTOBUNDLE = 'N', all records imported will be a root record. No Bundles will be created and processed during import.

          BUT, since Contains is passed into SPAWN by default, then bundles will get created and spawned, which

          is INCONSISTENT with what was processed during import.

          THEREFORE, this workflow should be configured correctly if Contains relationship is changed.

-->
<Workflow Version="1.3" xmlns:xsi="http://www.w3.org/2001/XMLSchema-instance"  xsi:noNamespaceSchemaLocation="Workflow.xsd">
	<Owner>TIBCO</Owner>
	<Name>wfin26importdatasubflowv1</Name>
	<Description lang="en">Process for data source upload and import</Description>
	<Parameter direction="in" eval="variable" type="document" name="inDoc">1</Parameter>
	<Parameter direction="out" name="eventStatus" type="string" eval="variable">eventStatus</Parameter>

	<!--Parameter direction="out" eval="variable" type="document" name="inDoc"/-->
	<!--Execution>SYNCHR</Execution-->
	<Activity Name="AddMsgInfoToEvent">
		<Start/>
		<Action>UpdateEvent</Action>
		<Description lang="en">Initialize event info</Description>
		<Parameter direction="in" type="string" eval="constant" name="eventState">START</Parameter>
		<!--Parameter direction="in" name="eventDescriptor" type="string" eval="xpath" source="/Message/Body/Document/@subtype">inDoc</Parameter-->
		<Parameter direction="in" name="deploymentMode" type="string" eval="xpath" source="/Message/@messageType">inDoc</Parameter>
		<Parameter direction="in" name="dbDirectLoadDump" type="string" eval="constant">N</Parameter>
		<Parameter direction="in" name="eventType" type="string" eval="constant">CAT</Parameter>
	</Activity>
	<Activity Name="UploadDataSource">
		<Action>UploadDataSource</Action>
		<Description lang="en">Upload data source summary</Description>
		<Parameter direction="in" type="string" eval="constant" name="eventState">UPLOAD</Parameter>
		<Parameter direction="in" eval="xpath" type="string" name="DataSource" source="/Message/Body/Document/BusinessDocument/CatalogAction/CatalogActionHeader/DataSource/RevisionID/BaseName/text()">inDoc</Parameter>
		<Parameter direction="in" name="InDocument" type="document" eval="variable">inDoc</Parameter>
		<Parameter direction="in" name="MaxNumberOfErrors" type="long" eval="constant">50</Parameter>
		<Parameter direction="out" eval="variable" type="long" name="TotalRecordsAttempted">totalRowsAttempted</Parameter>
		<Parameter direction="out" eval="variable" type="long" name="TotalRecordsWithErrors">totalRowsWithErrors</Parameter>
	</Activity>
	<Activity Name="PurgeStaging">
		<Action>PurgeStaging</Action>
		<Description lang="en">Purge Staging Data</Description>
		<Parameter direction="in" type="string" eval="constant" name="eventState">PURGE</Parameter>
		<Parameter direction="in" eval="xpath" type="string" name="MasterCatalog" source="/Message/Body/Document/BusinessDocument/CatalogAction/CatalogActionHeader/MasterCatalog/RevisionID/BaseName/text()">inDoc</Parameter>
		<Parameter direction="in" eval="xpath" type="string" name="CatalogInputMap" source="/Message/Body/Document/BusinessDocument/CatalogAction/CatalogActionHeader/MasterCatalog/InputMap/RevisionID/BaseName/text()">inDoc</Parameter>
		<Parameter direction="in" name="InDocument" type="document" eval="variable">inDoc</Parameter>
		<Parameter direction="in" name="AsynProcessIndicator" type="boolean" eval="constant">false</Parameter>
	</Activity>
	<Activity Name="PrepareForImportCatalog">
		<Action>PrepareForImportCatalog</Action>
		<Description lang="en">Import summary</Description>
		<Parameter direction="in" type="string" eval="constant" name="eventState">PREPAREFORIMPORT</Parameter>
		<Parameter direction="in" eval="xpath" type="string" name="MasterCatalog" source="/Message/Body/Document/BusinessDocument/CatalogAction/CatalogActionHeader/MasterCatalog/RevisionID/BaseName/text()">inDoc</Parameter>
		<Parameter direction="in" eval="xpath" type="string" name="CatalogInputMap" source="/Message/Body/Document/BusinessDocument/CatalogAction/CatalogActionHeader/MasterCatalog/InputMap/RevisionID/BaseName/text()">inDoc</Parameter>
		<Parameter direction="in" name="InDocument" type="document" eval="variable">inDoc</Parameter>
		<!--Parameter direction="in" eval="constant" type="long" name="ErrorThreshold">100</Parameter-->
		<!--Parameter direction="in" eval="constant" type="long" name="RecordPerAsyncCall">100</Parameter-->
		<!--Parameter direction="in" name="AsynProcessIndicator" type="boolean" eval="constant">true</Parameter-->
		<!--Parameter direction="in" name="Rulebase" eval="constant" type="string">D:\common\a\rulebase/catalogvalidation.xml</Parameter-->
	</Activity>
	
	<Activity Name="SetRulebaseFilePath2">
		<Action>InterpretCommand</Action>
		<Description lang="en">Determine the rulebase file path to pick</Description>
		<Parameter direction="in" name="InDocument" type="document" eval="variable">inDoc</Parameter>
		<Parameter direction="in" eval="xpath" type="string" name="MasterCatalog" source="/Message/Body/Document/BusinessDocument/CatalogAction/CatalogActionHeader/MasterCatalog/RevisionID/BaseName/text()">inDoc</Parameter>
		<Parameter direction="in" eval="xpath" type="string" name="EnterpriseShortName" source="/Message/Header/MessageHeader[@origin='Receiver']/Organization/PartyID/PartyName/text()">inDoc</Parameter>
		<Parameter direction="in" eval="xpath" type="string" name="MasterCatalogID" source=
		"/Message/Body/Document/BusinessDocument/CatalogAction/CatalogActionHeader/MasterCatalog/RevisionID/DBID/text()">inDoc</Parameter>
		<Parameter direction="out" name="RulebaseFile" type="string" eval="variable">RulebaseFile</Parameter>
		<Script format="bsh"><![CDATA[
				java.lang.String RulebaseFile = EnterpriseShortName+"/catalog/master/"+MasterCatalogID+"/catalogassignment_"+MasterCatalog+".xml";
		]]></Script>
	</Activity>
	
	<Activity Name="ImportCatalog">
		<Action>ImportCatalogRecords</Action>
		<Description lang="en">Import summary</Description>
		<Parameter direction="in" type="string" eval="constant" name="eventState">IMPORT</Parameter>
		<Parameter direction="in" eval="xpath" type="string" name="MasterCatalog" source="/Message/Body/Document/BusinessDocument/CatalogAction/CatalogActionHeader/MasterCatalog/RevisionID/BaseName/text()">inDoc</Parameter>
		<Parameter direction="in" eval="xpath" type="string" name="Incremental" source="/Message/Body/Document/BusinessDocument/CatalogAction/CatalogActionHeader/MasterCatalog/Extension[@name='Incremental']/Value/text()">inDoc</Parameter>
		<Parameter direction="in" eval="xpath" type="string" name="MergeData" source="/Message/Body/Document/BusinessDocument/CatalogAction/CatalogActionHeader/MasterCatalog/Extension[@name='MergeData']/Value/text()">inDoc</Parameter>
		<Parameter direction="in" eval="xpath" type="string" name="SplitImportBatch" source="/Message/Body/Document/BusinessDocument/CatalogAction/CatalogActionHeader/MasterCatalog/Extension[@name='SplitImportBatch']/Value/text()">inDoc</Parameter>
		<Parameter direction="in" eval="xpath" type="string" name="CatalogInputMap" source="/Message/Body/Document/BusinessDocument/CatalogAction/CatalogActionHeader/MasterCatalog/InputMap/RevisionID/BaseName/text()">inDoc</Parameter>
		<Parameter direction="in" name="InDocument" type="document" eval="variable">inDoc</Parameter>
		<Parameter direction="out" eval="variable" type="document" name="OutDocument">workDoc</Parameter>
		<Parameter direction="out" eval="variable" type="long" name="RecordsSuccess">recordsSuccess</Parameter>
		<!--Parameter direction="in" eval="constant" type="long" name="ErrorThreshold">100</Parameter-->
		<!--Parameter direction="in" eval="constant" type="long" name="RecordPerAsyncCall">100</Parameter-->
		<!--Parameter direction="in" name="AsynProcessIndicator" type="boolean" eval="constant">true</Parameter-->
		<!-- ProcessOption: MUTATION - M, DUPLICATE - D, RELATIONSHIP - R, CYCLIC - C -->
		<!--Parameter direction="in" name="ProcessOption" type="string" eval="constant">MD</Parameter-->
		<!-- If this param is not defined, activity will throw an exception to abort the workflow. By defining -->
		<!-- this param, you are taking responsibility to handle errors. -->
		<Parameter direction="in" name="Lifecycle_status" eval="constant" type="string">ACTIVE</Parameter>
		<!--Parameter direction="in" name="VersionPolicy" type="string" eval="constant">OPTIMIZE</Parameter>
		<Parameter direction="in" name="ConfirmImmediately" type="boolean" eval="constant">true</Parameter-->
		<Parameter direction="in" name="Rulebase" eval="variable" type="string">RulebaseFile</Parameter>
		<Parameter direction="out" eval="variable" type="long" name="CatalogsWithErrors">catalogsWithError</Parameter>
	</Activity>
	<Activity Name="ImportCatalogForDeleteRelationships">
		<Action>ImportCatalogRecords</Action>
		<Description lang="en">Import summary</Description>
		<Parameter direction="in" type="string" eval="constant" name="eventState">IMPORT</Parameter>
		<Parameter direction="in" eval="xpath" type="string" name="MasterCatalog" source="/Message/Body/Document/BusinessDocument/CatalogAction/CatalogActionHeader/MasterCatalog/RevisionID/BaseName/text()">inDoc</Parameter>
		<Parameter direction="in" eval="xpath" type="string" name="Incremental" source="/Message/Body/Document/BusinessDocument/CatalogAction/CatalogActionHeader/MasterCatalog/Extension[@name='Incremental']/Value/text()">inDoc</Parameter>
		<Parameter direction="in" eval="xpath" type="string" name="MergeData" source="/Message/Body/Document/BusinessDocument/CatalogAction/CatalogActionHeader/MasterCatalog/Extension[@name='MergeData']/Value/text()">inDoc</Parameter>
		<Parameter direction="in" eval="xpath" type="string" name="SplitImportBatch" source="/Message/Body/Document/BusinessDocument/CatalogAction/CatalogActionHeader/MasterCatalog/Extension[@name='SplitImportBatch']/Value/text()">inDoc</Parameter>
		<Parameter direction="in" eval="xpath" type="string" name="CatalogInputMap" source="/Message/Body/Document/BusinessDocument/CatalogAction/CatalogActionHeader/MasterCatalog/InputMap/RevisionID/BaseName/text()">inDoc</Parameter>
		<Parameter direction="in" name="InDocument" type="document" eval="variable">inDoc</Parameter>
		<Parameter direction="out" eval="variable" type="document" name="OutDocument">workDoc</Parameter>
		<Parameter direction="out" eval="variable" type="long" name="RecordsSuccess">recordsSuccess</Parameter>
		<!--Parameter direction="in" eval="constant" type="long" name="ErrorThreshold">100</Parameter-->
		<!--Parameter direction="in" eval="constant" type="long" name="RecordPerAsyncCall">100</Parameter-->
		<!--Parameter direction="in" name="AsynProcessIndicator" type="boolean" eval="constant">true</Parameter-->
		<!-- ProcessOption: MUTATION - M, DUPLICATE - D, RELATIONSHIP - R, CYCLIC - C -->
		<!--Parameter direction="in" name="ProcessOption" type="string" eval="constant">MD</Parameter-->
		<!-- If this param is not defined, activity will throw an exception to abort the workflow. By defining -->
		<!-- this param, you are taking responsibility to handle errors. -->
		<!--Parameter direction="in" name="Lifecycle_status" eval="constant" type="string">TESTING</Parameter-->
		<Parameter direction="in" name="VersionPolicy" type="string" eval="constant">OPTIMIZE</Parameter>
		<Parameter direction="in" name="RecordState" type="string" eval="constant">CONFIRMED</Parameter>
		<!--Parameter direction="in" name="ConfirmImmediately" type="boolean" eval="constant">true</Parameter-->
		<!--Parameter direction="in" name="Rulebase" eval="variable" type="string">RulebaseFile</Parameter-->
		<Parameter direction="out" eval="variable" type="long" name="CatalogsWithErrors">catalogsWithError</Parameter>
	</Activity>
	<Activity Name="DeleteRecord">
		<Action>DeleteRecord</Action>
		<Description lang="en">Delete records for import</Description>
		<Parameter direction="in" type="string" eval="constant" name="eventState">IMPORTDELETEPROD</Parameter>
		<Parameter direction="in" name="ImportDataDeleteRecord" type="boolean" eval="constant">true</Parameter>
		<Parameter direction="in" eval="xpath" type="string" name="MasterCatalog" source="/Message/Body/Document/BusinessDocument/CatalogAction/CatalogActionHeader/MasterCatalog/RevisionID/BaseName/text()">inDoc</Parameter>
		<!--Parameter direction="in" eval="constant" type="long" name="RecordPerAsyncCall">10</Parameter-->
		<!--Parameter direction="in" name="AsynProcessIndicator" type="boolean" eval="constant">true</Parameter-->
	</Activity>
	<Activity Name="ExtractRelationship">
		<Action>ExtractRelationship</Action>
		<Description lang="en">Process record relationship for import</Description>
		<Parameter direction="in" type="string" eval="constant" name="eventState">IMPORTRELATION</Parameter>
		<Parameter direction="in" eval="xpath" type="string" name="MasterCatalog" source="/Message/Body/Document/BusinessDocument/CatalogAction/CatalogActionHeader/MasterCatalog/RevisionID/BaseName/text()">inDoc</Parameter>
		<Parameter direction="in" eval="xpath" type="string" name="ImportRelationshipsOnly" source="/Message/Body/Document/BusinessDocument/CatalogAction/CatalogActionHeader/MasterCatalog/Extension[@name='ImportRelationshipsOnly']/Value/text()">inDoc</Parameter>
		<Parameter direction="in" eval="constant" type="long" name="RecordPerAsyncCall">5</Parameter>
		<Parameter direction="in" name="AsynProcessIndicator" type="boolean" eval="constant">true</Parameter>
		<Parameter direction="in" name="DeleteRelationshipsOnly" type="boolean" eval="xpath" source="/Message/Body/Document/BusinessDocument/CatalogAction/CatalogActionHeader/MasterCatalog/Extension[@name='DeleteRelationshipsOnly']/Value/text()">inDoc</Parameter>
		<!--Parameter direction="in" name="IsLoggingRequired" type="boolean" eval="constant">true</Parameter-->
	</Activity>
	<Activity Name="ManualClassification">
		<Action>ManualClassification</Action>
		<Description lang="en">Manual Classification of Records</Description>
		<Parameter direction="in" type="string" eval="constant" name="eventState">MANUALCLASSIFICATION</Parameter>
		<Parameter direction="in" eval="xpath" type="string" name="MasterCatalog" source="/Message/Body/Document/BusinessDocument/CatalogAction/CatalogActionHeader/MasterCatalog/RevisionID/BaseName/text()">inDoc</Parameter>
		<Parameter direction="in" eval="xpath" type="string" name="CatalogInputMap" source="/Message/Body/Document/BusinessDocument/CatalogAction/CatalogActionHeader/MasterCatalog/InputMap/RevisionID/BaseName/text()">inDoc</Parameter>
		<Parameter direction="in" eval="xpath" type="string" name="ClassifyRecordsOnly" source="/Message/Body/Document/BusinessDocument/CatalogAction/CatalogActionHeader/MasterCatalog/Extension[@name='ClassifyRecordsOnly']/Value/text()">inDoc</Parameter>
		<Parameter direction="in" name="InDocument" type="document" eval="variable">inDoc</Parameter>
		<!--Parameter direction="in" eval="constant" type="long" name="ErrorThreshold">100</Parameter-->
		<!--Parameter direction="in" eval="constant" type="long" name="RecordPerAsyncCall">100</Parameter-->
		<!--Parameter direction="in" name="AsynProcessIndicator" type="boolean" eval="constant">true</Parameter-->
	</Activity>
	<Activity Name="ReclassifyRecordsForImport">
		<Action>ReclassifyRecord</Action>
		<Description lang="en">Extract all Classification Schemas for Import</Description>
		<Parameter direction="in" type="string" eval="constant" name="eventState">IMPORTEXTRACTCLASSIFICATION</Parameter>
		<Parameter direction="in" name="ImportClassificationScheme" type="boolean" eval="constant">true</Parameter>
		<Parameter direction="in" eval="xpath" type="string" name="MasterCatalog" source="/Message/Body/Document/BusinessDocument/CatalogAction/CatalogActionHeader/MasterCatalog/RevisionID/BaseName/text()">inDoc</Parameter>
	</Activity>
	<Activity Name="ManageRecordCollection">
		<Action>ManageRecordCollection</Action>
		<Description lang="en">Create record bundles</Description>
		<Parameter direction="in" type="string" eval="constant" name="eventState">CREATEBUNDLE</Parameter>
		<Parameter direction="in" name="InDocument" type="document" eval="variable">workDoc</Parameter>
		<Parameter direction="in" name="InRecordList" type="recordlist" eval="variable">workRecordList</Parameter>
		<Parameter direction="in" name="RelationshipName" type="string" eval="constant">Contains</Parameter>
		<Parameter direction="in" name="BundlingOption" type="boolean" eval="constant">true</Parameter>
		<Parameter direction="in" name="SetRecordListReadOnly" type="boolean" eval="constant">false</Parameter>
		<!--Parameter direction="in" eval="constant" type="long" name="RecordPerAsyncCall">10</Parameter-->
		<!--Parameter direction="in" name="AsynProcessIndicator" type="boolean" eval="constant">true</Parameter-->
		<!--Parameter direction="in" name="IncludeDraftRecords" type="boolean" eval="constant">false</Parameter-->
		<Parameter direction="in" name="VersionOption" type="string" eval="constant">LATEST</Parameter>
		<Parameter direction="out" name="OutRecordList" type="recordlist" eval="variable">workRecordList</Parameter>
		<Parameter direction="out" name="OutRecordList2" type="recordlist" eval="variable">rejectRecordList</Parameter>
	</Activity>
	<!-- Added duplicate activity deliberately. This allows us to have no bundling for direct load. If we do need bundling,

	simply switch on bundling and uncomment relationshi. -->
	<Activity Name="ManageRecordCollectionDirectLoad">
		<Action>ManageRecordCollection</Action>
		<Description lang="en">Create simple record collection without bundling</Description>
		<Parameter direction="in" type="string" eval="constant" name="eventState">CREATEBUNDLE</Parameter>
		<!--Parameter direction="in" name="InDocument" type="document" eval="variable">workDoc</Parameter-->
		<Parameter direction="in" name="MasterCatalog" eval="xpath" type="long" source="/Message/Body/Document/BusinessDocument/CatalogAction/CatalogActionHeader/MasterCatalog/RevisionID/DBID/text()">inDoc</Parameter>
		<Parameter direction="in" name="InRecordList" type="recordlist" eval="variable">workRecordList</Parameter>
		<!--Parameter direction="in" name="RelationshipName" type="string" eval="constant">Contains</Parameter-->
		<Parameter direction="in" name="BundlingOption" type="boolean" eval="constant">false</Parameter>
		<!--Parameter direction="in" eval="constant" type="long" name="RecordPerAsyncCall">10</Parameter-->
		<!--Parameter direction="in" name="AsynProcessIndicator" type="boolean" eval="constant">true</Parameter-->
		<Parameter direction="in" name="SetRecordListReadOnly" type="boolean" eval="constant">false</Parameter>
		<!--Parameter direction="in" name="IncludeDraftRecords" type="boolean" eval="constant">false</Parameter-->
		<Parameter direction="in" name="VersionOption" type="string" eval="constant">LATEST</Parameter>
		<Parameter direction="out" name="OutRecordList" type="recordlist" eval="variable">workRecordList</Parameter>
		<Parameter direction="out" name="OutRecordList2" type="recordlist" eval="variable">rejectRecordList</Parameter>
	</Activity>
	
	<Activity Name="SetRulebaseFilePath">
		<Action>InterpretCommand</Action>
		<Description lang="en">Determine the rulebase file path to pick</Description>

		<Parameter direction="in" name="InDocument" type="document" eval="variable">workDoc</Parameter>
		
		<Parameter direction="in" name="InDocument" type="document" eval="variable">inDoc</Parameter>
		<Parameter direction="in" eval="xpath" type="string" name="MasterCatalog" source="/Message/Body/Document/BusinessDocument/CatalogAction/CatalogActionHeader/MasterCatalog/RevisionID/BaseName/text()">inDoc</Parameter>
		<Parameter direction="in" eval="xpath" type="string" name="EnterpriseShortName" source="/Message/Header/MessageHeader[@origin='Receiver']/Organization/PartyID/PartyName/text()">inDoc</Parameter>
		<Parameter direction="in" eval="xpath" type="string" name="MasterCatalogID" source=
		"/Message/Body/Document/BusinessDocument/CatalogAction/CatalogActionHeader/MasterCatalog/RevisionID/DBID/text()">inDoc</Parameter>
		<Parameter direction="out" name="RulebaseFile" type="string" eval="variable">RulebaseFile</Parameter>
		<Script format="bsh"><![CDATA[
				java.lang.String RulebaseFile = EnterpriseShortName+"/catalog/master/"+MasterCatalogID+"/importcatalog_" + MasterCatalog + ".xml";
		]]></Script>
	</Activity>
	
	<Activity Name="SetRulebaseFilePath1">
		<Action>InterpretCommand</Action>
		<Description lang="en">Determine the rulebase file path to pick</Description>
		<Parameter direction="in" name="InDocument" type="document" eval="variable">workDoc</Parameter>

		<Parameter direction="in" name="InDocument" type="document" eval="variable">inDoc</Parameter>
		<Parameter direction="in" eval="xpath" type="string" name="MasterCatalog" source="/Message/Body/Document/BusinessDocument/CatalogAction/CatalogActionHeader/MasterCatalog/RevisionID/BaseName/text()">inDoc</Parameter>
		<Parameter direction="in" eval="xpath" type="string" name="EnterpriseShortName" source="/Message/Header/MessageHeader[@origin='Receiver']/Organization/PartyID/PartyName/text()">inDoc</Parameter>
		<Parameter direction="in" eval="xpath" type="string" name="MasterCatalogID" source=
		"/Message/Body/Document/BusinessDocument/CatalogAction/CatalogActionHeader/MasterCatalog/RevisionID/DBID/text()">inDoc</Parameter>
		<Parameter direction="out" name="RulebaseFile" type="string" eval="variable">RulebaseFile</Parameter>
		<Script format="bsh"><![CDATA[
				java.lang.String RulebaseFile = EnterpriseShortName+"/catalog/master/"+MasterCatalogID+"/importcatalog_" + MasterCatalog + ".xml";
		]]></Script>
	</Activity>
	
	<!-- Created sepearate activity to allow for different rulebase to used for direct load -->
	<Activity Name="EvaluateRulebaseDirectLoad">
		<Action>EvaluateRuleBase</Action>
		<Description lang="en">Apply validation rules for records which are not bundled</Description>
		<Parameter direction="in" type="string" eval="constant" name="eventState">EVALUATERULEBASE</Parameter>
		<!--Parameter direction="in" name="CatalogValidation" eval="constant" type="boolean">true</Parameter-->
		<!--Reverted to SetRulebaseFileActivity and RulebaseFile Variable because to send the LifeCycle_status constant variable as an input to the called rulebase -->
		<Parameter direction="in" name="Rulebase" eval="variable" type="string">RulebaseFile</Parameter>
		<Parameter direction="in" name="EvaluateChildren" eval="constant" type="boolean">false</Parameter>
		<!--Parameter direction="in" name="VersionPolicy" type="string" eval="constant">Optimize</Parameter>
		<Parameter direction="in" name="RecordState" eval="constant" type="string">CONFIRMED</Parameter-->
		<!--Parameter direction="in" name="BundlePerAsyncCall" type="long" eval="constant">10</Parameter-->
		<!--Parameter direction="in" name="RecordPerAsyncCall" type="long" eval="constant">10</Parameter-->
		<!--Parameter direction="in" name="AsynProcessIndicator" type="boolean" eval="constant">true</Parameter-->
		<Parameter direction="in" name="RelationshipName" type="string" eval="constant">NoRelationshipRead</Parameter>
		<Parameter direction="in" name="InDocument" type="document" eval="variable">inDoc</Parameter>
		<Parameter direction="in" name="InRecordList" type="recordlist" eval="variable">workRecordList</Parameter>
		<!-- Severity: Validations with severity < input Severity are considered Fatal errors.  The rest are considered Warnings. -->
		<Parameter direction="in" name="Severity" type="long" eval="constant">9</Parameter>
		<!--    RemoveRecord : NONE - Do NOT remove records with errors.  FATAL - Remove records with Fatal errors (see Severity)  -->
		<Parameter direction="in" name="RemoveRecord" type="string" eval="constant">FATAL</Parameter>
		<!-- SaveFlag indicates if any changes to attributes should be saved in the database. Values are: SAVE,NOSAVE -->
		<Parameter direction="in" name="SaveFlag" type="string" eval="constant">NOSAVE</Parameter>
		<!-- LogOption: A - AttributeLog, F - Log File -->
		<Parameter direction="in" name="LogOption" type="string" eval="constant">F</Parameter>
		<!-- Number of FATAL errors (see Severity) -->
		<Parameter direction="out" name="ValidationErrors" type="long" eval="variable">fatalErrors</Parameter>
		<!-- Number of Warnings (see Severity) -->
		<Parameter direction="out" name="ValidationErrors1" type="long" eval="variable">warningErrors</Parameter>
		<!-- OutRecordList - with Valid record bundles -->
		<Parameter direction="out" name="OutRecordList" type="recordlist" eval="variable">workRecordList</Parameter>
		<!-- OutRecordList2 - with Error record bundles -->
		<Parameter direction="out" name="OutRecordList2" type="recordlist" eval="variable">workRecordList1</Parameter>
	</Activity>
	<Activity Name="EvaluateRuleBase">
		<Action>EvaluateRuleBase</Action>
		<Description lang="en">Apply validation rules</Description>
		<Parameter direction="in" type="string" eval="constant" name="eventState">EVALUATERULEBASE</Parameter>
		<!--        <Parameter direction="in" name="Rulebase" eval="catalog" type="string" source="TransformRuleBase">inDoc</Parameter> -->
		<!--Parameter direction="in" name="Rulebase" eval="constant" type="string">D:\common\a\rulebase/catalogvalidation.xml</Parameter-->
		<!--Parameter direction="in" name="BundlePerAsyncCall" type="long" eval="constant">10</Parameter-->
		<!--Parameter direction="in" name="RecordPerAsyncCall" type="long" eval="constant">10</Parameter-->
		<!--Parameter direction="in" name="AsynProcessIndicator" type="boolean" eval="constant">true</Parameter-->
		<!--Parameter direction="in" name="RelationshipName" type="string" eval="constant">Contains</Parameter-->
		<Parameter direction="in" name="InDocument" type="document" eval="variable">inDoc</Parameter>
		<Parameter direction="in" name="InRecordList" type="recordlist" eval="variable">workRecordList</Parameter>
		<!-- Severity: Validations with severity < input Severity are considered Fatal errors.  The rest are considered Warnings. -->
		<Parameter direction="in" name="Severity" type="long" eval="constant">9</Parameter>
		<!--    RemoveRecord : NONE - Do NOT remove records with errors.  FATAL - Remove records with Fatal errors (see Severity)  -->
		<Parameter direction="in" name="RemoveRecord" type="string" eval="constant">FATAL</Parameter>
		<!-- SaveFlag indicates if any changes to attributes should be saved in the database. Values are: SAVE,NOSAVE -->
		<Parameter direction="in" name="SaveFlag" type="string" eval="constant">SAVE</Parameter>
		<!-- LogOption: A - AttributeLog, F - Log File -->
		<Parameter direction="in" name="LogOption" type="string" eval="constant">F</Parameter>
		<!-- Number of FATAL errors (see Severity) -->
		<Parameter direction="out" name="ValidationErrors" type="long" eval="variable">fatalErrors</Parameter>
		<!-- Number of Warnings (see Severity) -->
		<Parameter direction="out" name="ValidationErrors1" type="long" eval="variable">warningErrors</Parameter>
		<!-- OutRecordList - with Valid record bundles -->
		<Parameter direction="out" name="OutRecordList" type="recordlist" eval="variable">workRecordList</Parameter>
		<!-- OutRecordList2 - with Error record bundles -->
		<Parameter direction="out" name="OutRecordList2" type="recordlist" eval="variable">workRecordList1</Parameter>
	</Activity>
	<!--Activity Name="EvaluateLifecycleStatusActive">
		<Action>EvaluateRuleBase</Action>
		<Description lang="en">Apply validation rules for records which are not bundled</Description>
		<Parameter direction="in" type="string" eval="constant" name="eventState">EVALUATERULEBASE</Parameter>
		<Parameter direction="in" name="Lifecycle_status" eval="constant" type="string">STATETRANSITION</Parameter>
		<Parameter direction="in" name="VersionPolicy" type="string" eval="constant">OPTIMIZE</Parameter>
		<Parameter direction="in" name="ConfirmImmediately" type="boolean" eval="constant">false</Parameter>
		<Parameter direction="in" name="Rulebase" eval="constant" type="string">standard/rulebase/rbrecordlifecyclestatus.xml</Parameter>
		<Parameter direction="in" name="InDocument" type="document" eval="variable">inDoc</Parameter>
		<Parameter direction="in" name="InRecordList" type="recordlist" eval="variable">workRecordList</Parameter>
		<Parameter direction="in" name="Severity" type="long" eval="constant">9</Parameter>

		<Parameter direction="in" name="RemoveRecord" type="string" eval="constant">FATAL</Parameter>

		<Parameter direction="in" name="SaveFlag" type="string" eval="constant">SAVE</Parameter>

		<Parameter direction="in" name="LogOption" type="string" eval="constant">F</Parameter>

		<Parameter direction="out" name="ValidationErrors" type="long" eval="variable">fatalErrors</Parameter>

		<Parameter direction="out" name="ValidationErrors1" type="long" eval="variable">warningErrors</Parameter>

		<Parameter direction="out" name="OutRecordList" type="recordlist" eval="variable">workRecordList</Parameter>

		<Parameter direction="out" name="OutRecordList2" type="recordlist" eval="variable">workRecordList1</Parameter>
	</Activity-->
	
	<Activity Name="EvaluateLifecycleStatusRejected">
		<Action>EvaluateRuleBase</Action>
		<Description lang="en">Apply validation rules for records which are not bundled</Description>
		<Parameter direction="in" type="string" eval="constant" name="eventState">EVALUATERULEBASE</Parameter>
		<!--Parameter direction="in" name="CatalogValidation" eval="constant" type="boolean">true</Parameter-->
		<!--Reverted to SetRulebaseFileActivity and RulebaseFile Variable because to send the LifeCycle_status constant variable as an input to the called rulebase -->
		<Parameter direction="in" name="Lifecycle_status" eval="constant" type="string">REJECTED</Parameter>
		<Parameter direction="in" name="VersionPolicy" type="string" eval="constant">OPTIMIZE</Parameter>
		<Parameter direction="in" name="ConfirmImmediately" type="boolean" eval="constant">false</Parameter>
		<Parameter direction="in" name="Rulebase" eval="constant" type="string">standard/rulebase/rbrecordlifecyclestatus.xml</Parameter>
		<!--Parameter direction="in" name="BundlePerAsyncCall" type="long" eval="constant">10</Parameter-->
		<!--Parameter direction="in" name="RecordPerAsyncCall" type="long" eval="constant">10</Parameter-->
		<!--Parameter direction="in" name="AsynProcessIndicator" type="boolean" eval="constant">true</Parameter-->
		<!--Parameter direction="in" name="RelationshipName" type="string" eval="constant">Contains</Parameter-->
		<Parameter direction="in" name="InDocument" type="document" eval="variable">inDoc</Parameter>
		<Parameter direction="in" name="InRecordList" type="recordlist" eval="variable">workRecordList</Parameter>
		<!-- Severity: Validations with severity < input Severity are considered Fatal errors.  The rest are considered Warnings. -->
		<Parameter direction="in" name="Severity" type="long" eval="constant">9</Parameter>
		<!--    RemoveRecord : NONE - Do NOT remove records with errors.  FATAL - Remove records with Fatal errors (see Severity)  -->
		<Parameter direction="in" name="RemoveRecord" type="string" eval="constant">FATAL</Parameter>
		<!-- SaveFlag indicates if any changes to attributes should be saved in the database. Values are: SAVE,NOSAVE -->
		<Parameter direction="in" name="SaveFlag" type="string" eval="constant">SAVE</Parameter>
		<!-- LogOption: A - AttributeLog, F - Log File -->
		<Parameter direction="in" name="LogOption" type="string" eval="constant">F</Parameter>
		<!-- Number of FATAL errors (see Severity) -->
		<Parameter direction="out" name="ValidationErrors" type="long" eval="variable">fatalErrors</Parameter>
		<!-- Number of Warnings (see Severity) -->
		<Parameter direction="out" name="ValidationErrors1" type="long" eval="variable">warningErrors</Parameter>
		<!-- OutRecordList - with Valid record bundles -->
		<Parameter direction="out" name="OutRecordList" type="recordlist" eval="variable">workRecordList</Parameter>
		<!-- OutRecordList2 - with Error record bundles -->
		<Parameter direction="out" name="OutRecordList2" type="recordlist" eval="variable">workRecordList1</Parameter>
	</Activity>
		
	<Activity Name="InternalApprovalMoveToFirst">
		<Action>StateTransition</Action>
		<Description lang="en">Set workflow to next step</Description>
		<Parameter direction="in" type="string" eval="constant" name="eventState">STATETRANSITION</Parameter>
		<Parameter direction="in" name="InDocument" type="document" eval="variable">workDoc</Parameter>
		<Parameter direction="in" name="ConversationAction" eval="constant" type="string">connect</Parameter>
		<Parameter direction="in" name="CheckTransition" eval="constant" type="string">false</Parameter>
		<Parameter direction="in" name="MoveTo" eval="constant" type="string">Step1</Parameter>
		<Parameter direction="in" name="Key1" eval="constant" type="string">ImportMasterCatalogInternalApproval</Parameter>
		<Parameter direction="in" name="Key2" eval="xpath" type="string" source="/Message/Body/Document/BusinessDocument/CatalogAction/CatalogActionHeader/ThisDocID/DocID/IDNumber/text()">workDoc</Parameter>
		<Parameter direction="out" eval="variable" type="document" name="OutDocument">workDoc</Parameter>
		<Parameter direction="out" name="ConversationState" eval="variable" type="string">InternalApprovalNextState</Parameter>
	</Activity>
	<Activity Name="ImpInternalApprovalWorkitem">
		<Action>CreateWorkItem</Action>
		<Description lang="en">Create a workitem for import approval</Description>
		<Execution>SYNCHR</Execution>
		<Parameter direction="in" type="string" eval="constant" name="eventState">IMPORTAPPROVALWORKITEM</Parameter>
        <Parameter direction="in" name="Intent" eval="constant" type="string">Approval</Parameter>
		<Parameter direction="in" name="ReferenceStepID" eval="variable" type="long">pl2</Parameter>
		<Parameter direction="in" eval="rule" source="Import Approval" type="long" name="ParticipantID">workDoc</Parameter>
		<Parameter direction="in" eval="constant" type="string" name="FormPresentation">com.tibco.mdm.ui.workflow.engine.workitem.templates.CatalogImportApproval</Parameter>
		<Parameter direction="in" eval="constant" type="string" name="TaskType">CATALOGIMPORTRECORD</Parameter>
		<Parameter direction="in" eval="variable" type="document" name="InDocument">workDoc</Parameter>
		<Parameter direction="in" eval="constant" type="string" name="ExpiryType">RELATIVE</Parameter>
		<Parameter direction="in" eval="constant" type="string" name="ExpiryDate">1:0:0:0</Parameter>
		<Parameter direction="out" eval="variable" type="document" name="OutDocument">wiDoc</Parameter>
		<Parameter direction="out" eval="variable" type="boolean" name="WorkItemCreated">approvalFlag</Parameter>
		<Parameter direction="out" eval="variable" type="boolean" name="MergedDocument">workDoc</Parameter>
		<Parameter direction="out" name="StepID" eval="variable" type="long">pl1</Parameter>
	</Activity>
	<Activity Name="InternalApprovalMoveToNext">
		<Action>StateTransition</Action>
		<Description lang="en">Set workflow to next step</Description>
		<Parameter direction="in" type="string" eval="constant" name="eventState">STATETRANSITION</Parameter>
		<Parameter direction="in" name="InDocument" type="document" eval="variable">workDoc</Parameter>
		<Parameter direction="in" name="ConversationAction" eval="constant" type="string">connect</Parameter>
		<Parameter direction="in" name="CheckTransition" eval="constant" type="string">false</Parameter>
		<Parameter direction="in" name="MoveTo" eval="rule" source="Import Approval" type="string">workDoc</Parameter>
		<Parameter direction="in" name="MoveTo" eval="constant" type="string">Done</Parameter>
		<Parameter direction="in" name="Key1" eval="constant" type="string">ImportMasterCatalogInternalApproval</Parameter>
		<Parameter direction="in" name="Key2" eval="xpath" type="string" source="/Message/Body/Document/BusinessDocument/CatalogAction/CatalogActionHeader/ThisDocID/DocID/IDNumber/text()">workDoc</Parameter>
		<Parameter direction="out" eval="variable" type="document" name="OutDocument">workDoc</Parameter>
		<Parameter direction="out" name="ConversationState" eval="variable" type="string">InternalApprovalNextState</Parameter>
		<Parameter direction="out" name="CouldMove" eval="variable" type="string">approvalCouldMove</Parameter>
	</Activity>
	<Activity Name="UpdateRecordStateAsRejected">
		<Action>UpdateRecordState</Action>
		<Description lang="en">Set record status as rejected for all records, import is not approved</Description>
		<Parameter direction="in" type="string" eval="constant" name="eventState">UPDATERECORDSTATUS</Parameter>
		<Parameter direction="in" name="Status" type="string" eval="constant">REJECTED</Parameter>
		<Parameter direction="in" name="InDocument" type="document" eval="variable">inDoc</Parameter>
		<!--Parameter direction="in" name="RecordPerAsyncCall" type="long" eval="constant">10</Parameter-->
		<!--Parameter direction="in" name="AsynProcessIndicator" type="boolean" eval="constant">true</Parameter-->
	</Activity>
	<Activity Name="UpdateRecordStateAsRejected1">
		<Action>UpdateRecordState</Action>
		<Description lang="en">Set record status as rejected for records which failed validations</Description>
		<Parameter direction="in" type="string" eval="constant" name="eventState">UPDATERECORDSTATUS</Parameter>
		<Parameter direction="in" name="Status" type="string" eval="constant">REJECTED</Parameter>
		<Parameter direction="in" name="InDocument" type="document" eval="variable">inDoc</Parameter>
		<!--Parameter direction="in" name="RecordPerAsyncCall" type="long" eval="constant">10</Parameter-->
		<!--Parameter direction="in" name="AsynProcessIndicator" type="boolean" eval="constant">true</Parameter-->
		<!-- Failed record list is input -->
		<Parameter direction="in" name="InRecordList" type="recordlist" eval="variable">workRecordList1</Parameter>
	</Activity>
	<Activity Name="UpdateRecordStateAsRejected2">
		<Action>UpdateRecordState</Action>
		<Description lang="en">Set record status as rejected as these records failed in bundling</Description>
		<Parameter direction="in" type="string" eval="constant" name="eventState">UPDATERECORDSTATUS</Parameter>
		<Parameter direction="in" name="Status" type="string" eval="constant">REJECTED</Parameter>
		<Parameter direction="in" name="InDocument" type="document" eval="variable">inDoc</Parameter>
		<!-- Failed record list is input -->
		<Parameter direction="in" name="InRecordList" type="recordlist" eval="variable">rejectRecordList</Parameter>
		<!--Parameter direction="in" name="RecordPerAsyncCall" type="long" eval="constant">10</Parameter-->
		<!--Parameter direction="in" name="AsynProcessIndicator" type="boolean" eval="constant">true</Parameter-->
	</Activity>
	<Activity Name="UpdateRecordStateAsRejected3">
		<Action>UpdateRecordState</Action>
		<Description lang="en">Set record status as rejected for records which failed validations</Description>
		<Parameter direction="in" type="string" eval="constant" name="eventState">UPDATERECORDSTATUS</Parameter>
		<Parameter direction="in" name="Status" type="string" eval="constant">REJECTED</Parameter>
		<Parameter direction="in" name="InDocument" type="document" eval="variable">inDoc</Parameter>
		<!--Parameter direction="in" name="RecordPerAsyncCall" type="long" eval="constant">10</Parameter-->
		<!--Parameter direction="in" name="AsynProcessIndicator" type="boolean" eval="constant">true</Parameter-->
		<!-- No need to specify a record collection -->
		<!--Parameter direction="in" name="InRecordList" type="recordlist" eval="variable">workRecordList1</Parameter-->
	</Activity>
	<Activity Name="UpdateRecordStateAsRejected5">
		<Action>UpdateRecordState</Action>
		<Description lang="en">Set record status as rejected as these records failed in bundling</Description>
		<Parameter direction="in" type="string" eval="constant" name="eventState">UPDATERECORDSTATUS</Parameter>
		<Parameter direction="in" name="Status" type="string" eval="constant">REJECTED</Parameter>
		<Parameter direction="in" name="InDocument" type="document" eval="variable">inDoc</Parameter>
		<!-- Failed record list is input -->
		<Parameter direction="in" name="InRecordList" type="recordlist" eval="variable">rejectRecordList</Parameter>
		<!--Parameter direction="in" name="RecordPerAsyncCall" type="long" eval="constant">10</Parameter-->
		<!--Parameter direction="in" name="AsynProcessIndicator" type="boolean" eval="constant">true</Parameter-->
	</Activity>
	<Activity Name="UpdateRecordStateAsCancelled">
		<Action>UpdateRecordState</Action>
		<Description lang="en">Set record status as rejected and update logs</Description>
		<Parameter direction="in" type="string" eval="constant" name="eventState">UPDATERECORDSTATUS</Parameter>
		<Parameter direction="in" name="Status" type="string" eval="constant">REJECTED</Parameter>
		<Parameter direction="in" name="InDocument" type="document" eval="variable">inDoc</Parameter>
		<!--Parameter direction="in" name="RecordPerAsyncCall" type="long" eval="constant">10</Parameter-->
		<!--Parameter direction="in" name="AsynProcessIndicator" type="boolean" eval="constant">true</Parameter-->
	</Activity>
	<!-- Confirm with override, only those records which passed validations -->
	<Activity Name="UpdateRecordStateAsConfirmed">
		<Action>UpdateRecordState</Action>
		<Description lang="en">Set record status as confirmed</Description>
		<Parameter direction="in" type="boolean" eval="constant" name="OverrideConflict">true</Parameter>
		<Parameter direction="in" type="string" eval="constant" name="eventState">UPDATERECORDSTATUS</Parameter>
		<Parameter direction="in" name="Status" type="string" eval="constant">CONFIRMED</Parameter>
		<Parameter direction="in" name="InDocument" type="document" eval="variable">inDoc</Parameter>
		<!--Parameter direction="in" name="InRecordList" type="recordlist" eval="variable">workRecordList</Parameter-->
		<!--Parameter direction="in" name="RecordPerAsyncCall" type="long" eval="constant">10</Parameter-->
		<!--Parameter direction="in" name="AsynProcessIndicator" type="boolean" eval="constant">true</Parameter-->
	</Activity>
	<Activity Name="SpawnWorkflow">
		<Action>SpawnWorkflow</Action>
		<Description lang="en">Spawn individual WorkFlow for each record bundle</Description>
		<Execution>ASYNCHR</Execution>
		<Parameter direction="in" type="string" eval="constant" name="eventState">SPAWNWORKFLOW</Parameter>
		<Parameter direction="in" name="InDocument" type="document" eval="variable">inDoc</Parameter>
		<Parameter direction="in" name="InRecordList" type="recordlist" eval="variable">workRecordList</Parameter>
		<Parameter direction="in" name="ProcessID" type="string" eval="constant">standard/workflow/wfin26catsourceimportv2</Parameter>
		<Parameter direction="in" name="DocumentTemplate" type="string" eval="constant">standard/template/tm26catimportv1.xml</Parameter>
		<Parameter direction="in" eval="constant" name="Form" type="string">standard/forms/fm26importtemplatev1.xml</Parameter>
		<Parameter direction="in" name="DefaultDomain" type="string" eval="constant">MartQuestNet</Parameter>
		<Parameter direction="in" name="SenderCredential" eval="xpath" type="long" source="/Message/Header/MessageHeader[@origin='Receiver']/Member/PartyID/DBID/text()">inDoc</Parameter>
		<Parameter direction="in" name="ChannelCredential" eval="xpath" type="long" source="/Message/Header/MessageHeader[@origin='Receiver']/Member/PartyID/DBID/text()">inDoc</Parameter>
		<Parameter direction="in" name="TradingPartnerCredential" eval="xpath" type="long" source="/Message/Header/MessageHeader[@origin='Receiver']/Member/PartyID/DBID/text()">inDoc</Parameter>
		<Parameter direction="in" name="MasterCatalog" eval="xpath" type="long" source="/Message/Body/Document/BusinessDocument/CatalogAction/CatalogActionHeader/MasterCatalog/RevisionID/DBID/text()">inDoc</Parameter>
		<!--Parameter direction="in" name="RelationshipName" type="string" eval="constant">Contains</Parameter-->
		<!--Parameter direction="in" name="RecordPerAsyncCall" type="long" eval="constant">10</Parameter-->
		<!--Parameter direction="in" name="AsynProcessIndicator" type="boolean" eval="constant">true</Parameter-->
	</Activity>
	<Activity Name="InternalApprovalResultEmail">
		<Action>Send</Action>
		<Description lang="en">Send internal approval result email</Description>
		<Execution>ASYNCHR</Execution>
		<Parameter direction="in" type="string" eval="constant" name="eventState">SENDAPPROVALEMAIL</Parameter>
		<Parameter direction="in" eval="rule" source="Message or Workflow Completion" type="string" name="Protocol">workDoc</Parameter>
		<Parameter direction="in" eval="rule" source="Message or Workflow Completion" type="long" name="Address">workDoc</Parameter>
		<Parameter direction="in" type="document" eval="variable" name="InDocument">workDoc</Parameter>
		<Parameter direction="in" name="Sender" type="string" eval="constant">support@tibco.com</Parameter>
		<Parameter direction="in" eval="constant" name="Form" type="string">standard/forms/fm26ca.xml</Parameter>
		<Parameter direction="in" name="Subject" type="string" eval="constant">Import Approval Status</Parameter>
		<Parameter direction="in" name="Presentation" type="string" eval="constant">com.tibco.mdm.ui.workflow.engine.emailtemplates.EmailImportApprovalStatus</Parameter>
	</Activity>
	<Activity Name="SourceSuccessEmail">
		<Action>Send</Action>
		<Description lang="en">Send Success email</Description>
		<Execution>ASYNCHR</Execution>
		<Parameter direction="in" type="string" eval="constant" name="eventState">SENDSUCCESSEMAIL</Parameter>
		<Parameter direction="in" eval="rule" source="Message or Workflow Completion" type="string" name="Protocol">inDoc</Parameter>
		<Parameter direction="in" eval="rule" source="Message or Workflow Completion" type="string" name="Address">inDoc</Parameter>
		<Parameter direction="in" name="Sender" type="string" eval="constant">support@tibco.com</Parameter>
		<Parameter direction="in" name="Presentation" type="string" eval="constant">com.tibco.mdm.ui.workflow.engine.emailtemplates.EmailSourceMessage</Parameter>
		<Parameter direction="in" eval="constant" type="string" name="Form">standard/forms/fm26ca.xml</Parameter>
		<Parameter direction="in" type="document" eval="variable" name="InDocument">inDoc</Parameter>
		<Parameter direction="in" type="string" eval="constant" name="OperationStatus">succeeded</Parameter>
		<Parameter direction="in" eval="constant" type="string" name="Message">The catalog upload/import operation succeeded.</Parameter>
	</Activity>
	<Activity Name="SourceErrorEmail">
		<Action>Send</Action>
		<Description lang="en">Send Error email</Description>
		<Execution>ASYNCHR</Execution>
		<Parameter direction="in" type="string" eval="constant" name="eventState">SENDERROREMAIL</Parameter>
		<Parameter direction="in" eval="rule" source="Message or Workflow Completion" type="string" name="Protocol">inDoc</Parameter>
		<Parameter direction="in" eval="rule" source="Message or Workflow Completion" type="string" name="Address">inDoc</Parameter>
		<Parameter direction="in" name="Sender" type="string" eval="constant">support@tibco.com</Parameter>
		<Parameter direction="in" name="Presentation" type="string" eval="constant">com.tibco.mdm.ui.workflow.engine.emailtemplates.EmailSourceMessage</Parameter>
		<Parameter direction="in" eval="constant" type="string" name="Form">standard/forms/fm26ca.xml</Parameter>
		<Parameter direction="in" type="document" eval="variable" name="InDocument">inDoc</Parameter>
		<Parameter direction="in" type="string" eval="constant" name="OperationStatus">failed</Parameter>
		<Parameter direction="in" eval="property" type="string" name="Message">error.Text</Parameter>
	</Activity>
	<Activity Name="SetStatusToSuccess">
		<Action>UpdateEvent</Action>
		<Description lang="en">Set the event status to Success/Done</Description>
		<Parameter direction="in" name="eventStatus" type="string" eval="constant">SUCCESS</Parameter>
		<Parameter direction="in" type="string" eval="constant" name="eventState">DONE</Parameter>
	</Activity>
	<Activity Name="SetStatusToError">
		<Action>UpdateEvent</Action>
		<Description lang="en">Set the event status to Error/Done</Description>
		<Parameter direction="in" name="eventStatus" type="string" eval="constant">ERROR</Parameter>
		<Parameter direction="in" type="string" eval="constant" name="eventState">DONE</Parameter>
	</Activity>
	<Activity Name="SetStatusToError2">
		<Action>UpdateEvent</Action>
		<Description lang="en">Set the event status to Error/Done</Description>
		<Parameter direction="in" name="eventStatus" type="string" eval="constant">ERROR</Parameter>
		<Parameter direction="in" type="string" eval="constant" name="eventState">DONE</Parameter>
	</Activity>
	<Activity Name="SetStatusToTimedout">
		<Action>UpdateEvent</Action>
		<Description lang="en">Set the event status to Timedout/Done</Description>
		<Parameter direction="in" name="eventStatus" type="string" eval="constant">TIMEOUT</Parameter>
		<Parameter direction="in" type="string" eval="constant" name="eventState">TIMEOUT</Parameter>
	</Activity>
	<!--Activity Name="SendTimeOutEmailForApprovalWorkItem">
		<Action>Send</Action>
		<Description>Send email - record approval work item has timed out</Description>
		<Execution>ASYNCHR</Execution>
		<Parameter direction="in" type="string" eval="constant" name="eventState">SENDTIMEOUTEMAIL</Parameter>
		<Parameter direction="in" eval="rule" source="Message or Workflow Completion" type="string" name="Protocol">workDoc</Parameter>
		<Parameter direction="in" eval="rule" source="Message or Workflow Completion" type="string" name="Address">workDoc</Parameter>
		<Parameter direction="in" eval="constant" name="Sender" type="string">support@tibco.com</Parameter>
		<Parameter direction="in" eval="constant" name="Form" type="string">standard/forms/fm26ca.xml</Parameter>
		<Parameter direction="in" eval="variable" name="InDocument" type="document">workDoc</Parameter>
		<Parameter direction="in" eval="constant" name="Presentation" type="string">com.tibco.mdm.ui.workflow.engine.emailtemplates.EmailProductEditTimeOut</Parameter>
		<Parameter direction="in" eval="variable" name="Approver" type="string">ParticipantName</Parameter>
	</Activity-->
	<Activity Name="RejectDueToWorkflowError">
		<Action>Send</Action>
		<Description lang="en">Error occured during workflow processing</Description>
		<Execution>ASYNCHR</Execution>
		<Parameter direction="in" type="string" eval="constant" name="eventState">REJECTDUETOWFERROR</Parameter>
		<Parameter direction="in" eval="rule" source="Message or Workflow Completion" type="string" name="Protocol">inDoc</Parameter>
		<Parameter direction="in" eval="rule" source="Message or Workflow Completion" type="long" name="Address">inDoc</Parameter>
		<Parameter direction="in" name="Sender" type="string" eval="constant">support@tibco.com</Parameter>
		<Parameter direction="in" name="Presentation" type="string" eval="constant">com.tibco.mdm.ui.workflow.engine.emailtemplates.EmailUploadImportWorkflowError</Parameter>
		<Parameter direction="in" eval="constant" type="string" name="Form">standard/forms/fm26ca.xml</Parameter>
		<Parameter direction="in" type="document" eval="variable" name="InDocument">inDoc</Parameter>
	</Activity>
	<!-- Handle cancellation of event -->
	<Activity Name="SetStatusToCancel">
		<Action>UpdateEvent</Action>
		<Description lang="en">Set the event status to Cancelled/Done</Description>
		<Parameter direction="in" name="eventStatus" type="string" eval="constant">CANCELLED</Parameter>
		<Parameter direction="in" type="string" eval="constant" name="eventState">DONE</Parameter>
	</Activity>
	
	
	
	<!-- * * * * * * * * * * * * * * * * * * * *  T R A N S I T I O N S * * * * * * * * * * * * * * * * -->
	
	
	
	<!-- Same workflow is used for data source upload and import. -->
	<Transition FromActivity="AddMsgInfoToEvent" ToActivity="PrepareForImportCatalog">

		<Description lang="en">If type is Import only, skip directly to Import</Description>
		<Rule>
			<Parameter direction="in" name="subdoctype" type="string" eval="xpath" source="/Message/Body/Document/@subtype">inDoc</Parameter>
			<Parameter direction="in" name="inputParamString" eval="constant" type="string">CatSourceImport</Parameter>
			<Parameter name="result" type="boolean" direction="out"/>
			<Condition format="java"><![CDATA[
					com.tibco.mdm.workflow.engine.transition.WfSharedConditionTransition.equalsIgnoreCase(subdoctype, inputParamString);
                ]]></Condition>
		</Rule>
	</Transition>
	<!-- Data source upload needs to be done first -->
	<Transition FromActivity="AddMsgInfoToEvent" ToActivity="UploadDataSource"/>
	<Transition FromActivity="UploadDataSource" ToActivity="SourceErrorEmail">
		<Description lang="en">If process record return no error then create edit workitem</Description>
		<Rule>
			<Parameter name="totalRowsAttempted" type="long" eval="variable" direction="in">totalRowsAttempted</Parameter>
			<Parameter name="totalRowsWithErrors" type="long" eval="variable" direction="in">totalRowsWithErrors</Parameter>
			<Parameter name="result" type="boolean" direction="out"/>
			<Condition format="java"><![CDATA[
				com.tibco.mdm.workflow.engine.transition.WfCatsourceTransition.uploadDataSourceToSourceErrorEmail(totalRowsAttempted, totalRowsWithErrors);
            ]]></Condition>
		</Rule>
	</Transition>
	<!-- Datasource Upload failed, end the workflow -->
	<Transition FromActivity="SourceErrorEmail" ToActivity="SetStatusToError"/>
	<!-- Upload was successful, inform the user and continue -->
	<Transition FromActivity="UploadDataSource" ToActivity="SourceSuccessEmail">
		<Description lang="en">If type is Upload only then Import Catalog.</Description>
		<Rule>
			<Parameter direction="in" name="subdoctype" type="string" eval="xpath" source="/Message/Body/Document/@subtype">inDoc</Parameter>
			<Parameter direction="in" name="inputParamString" eval="constant" type="string">CatSourceLoad</Parameter>
			<Parameter name="result" type="boolean" direction="out"/>
			<Condition format="java"><![CDATA[
					com.tibco.mdm.workflow.engine.transition.WfSharedConditionTransition.equalsIgnoreCase(subdoctype, inputParamString);
                ]]></Condition>
		</Rule>
	</Transition>
	<!-- End of data source upload workflow -->
	<!--Transition FromActivity="SourceSuccessEmail" ToActivity="SetStatusToSuccess"/-->
	<!-- Import specific workflow starts now -->
	<Transition FromActivity="UploadDataSource" ToActivity="PrepareForImportCatalog"/>
	
	<!--  * * * * * *  TRANSITIONS FOR IMPORT RELATIONSHIP ONLY AND CLASSIFY ONLY   * * *  [STARTED] * * * *  -->
	
	<Transition FromActivity="PrepareForImportCatalog" ToActivity="ImportCatalogForDeleteRelationships">
		<Description lang="en">If only import relationships.</Description>
		<Rule>
			<Parameter direction="in" eval="xpath" type="string" name="ImportRelationshipsOnly" source="/Message/Body/Document/BusinessDocument/CatalogAction/CatalogActionHeader/MasterCatalog/Extension[@name='ImportRelationshipsOnly']/Value/text()">inDoc</Parameter>
			<Parameter direction="in" name="inputParamString" eval="constant" type="string">true</Parameter>
			<Parameter name="result" type="boolean" direction="out"/>
			<Condition format="java"><![CDATA[
					com.tibco.mdm.workflow.engine.transition.WfSharedConditionTransition.equalsIgnoreCase(ImportRelationshipsOnly, inputParamString);
                ]]>
            </Condition>
		</Rule>
	</Transition>
	<Transition FromActivity="ImportCatalogForDeleteRelationships" ToActivity="ExtractRelationship">
		<Description lang="en">If only import relationships.</Description>
		<Rule>
			<Parameter direction="in" eval="xpath" type="string" name="ImportRelationshipsOnly" source="/Message/Body/Document/BusinessDocument/CatalogAction/CatalogActionHeader/MasterCatalog/Extension[@name='ImportRelationshipsOnly']/Value/text()">inDoc</Parameter>
			<Parameter direction="in" name="inputParamString" eval="constant" type="string">true</Parameter>
			<Parameter name="result" type="boolean" direction="out"/>
			<Condition format="java"><![CDATA[
					com.tibco.mdm.workflow.engine.transition.WfSharedConditionTransition.equalsIgnoreCase(ImportRelationshipsOnly, inputParamString);
                ]]>
            </Condition>
		</Rule>
	</Transition>	
	
	<Transition FromActivity="PrepareForImportCatalog" ToActivity="ManualClassification">
		<Description lang="en">In case of Classify Records Only</Description>
		<Rule>
			<Parameter direction="in" eval="xpath" type="string" name="ClassifyRecordsOnly" source="/Message/Body/Document/BusinessDocument/CatalogAction/CatalogActionHeader/MasterCatalog/Extension[@name='ClassifyRecordsOnly']/Value/text()">inDoc</Parameter>
			<Parameter direction="in" name="inputParamString" eval="constant" type="string">true</Parameter>
			<Parameter name="result" type="boolean" direction="out"/>
			<Condition format="java"><![CDATA[
					com.tibco.mdm.workflow.engine.transition.WfSharedConditionTransition.equalsIgnoreCase(ClassifyRecordsOnly, inputParamString);
                ]]>
            </Condition>
		</Rule>
	</Transition>
	
	<Transition FromActivity="ExtractRelationship" ToActivity="ManualClassification">
	<Description lang="en">Incase of Classify Records Or Direct Import</Description>
		<Rule>
			<Parameter direction="in" eval="xpath" type="string" name="ImportRelationshipsOnly" source="/Message/Body/Document/BusinessDocument/CatalogAction/CatalogActionHeader/MasterCatalog/Extension[@name='ImportRelationshipsOnly']/Value/text()">inDoc</Parameter>
			<Parameter direction="in" eval="xpath" type="string" name="ClassifyRecordsOnly" source="/Message/Body/Document/BusinessDocument/CatalogAction/CatalogActionHeader/MasterCatalog/Extension[@name='ClassifyRecordsOnly']/Value/text()">inDoc</Parameter>
			<Parameter direction="in" name="inputParamString" eval="constant" type="string">true</Parameter>
			<Parameter name="result" type="boolean" direction="out"/>
			<Condition format="bsh"><![CDATA[
					if(com.tibco.mdm.workflow.engine.transition.WfSharedConditionTransition.equalsIgnoreCase(ImportRelationshipsOnly, inputParamString)){
						if (com.tibco.mdm.workflow.engine.transition.WfSharedConditionTransition.equalsIgnoreCase(ClassifyRecordsOnly, inputParamString)){
							result = true ;
						}
						else{
							result = false ;
						}
					}
					else{
						result = true ;
					}
                ]]>
            </Condition>
		</Rule>
	</Transition>
	
	<Transition FromActivity="ExtractRelationship" ToActivity="PurgeStaging">
		<Description lang="en">In case of Import Relationship.</Description>
		<Rule>
			<Parameter direction="in" eval="xpath" type="string" name="ImportRelationshipsOnly" source="/Message/Body/Document/BusinessDocument/CatalogAction/CatalogActionHeader/MasterCatalog/Extension[@name='ImportRelationshipsOnly']/Value/text()">inDoc</Parameter>
			<Parameter direction="in" name="inputParamString" eval="constant" type="string">true</Parameter>
			<Parameter name="result" type="boolean" direction="out"/>
			<Condition format="java"><![CDATA[
					com.tibco.mdm.workflow.engine.transition.WfSharedConditionTransition.equalsIgnoreCase(inputParamString,ImportRelationshipsOnly);
                ]]>
            </Condition>
		</Rule>
	</Transition>
	
	<Transition FromActivity="ManualClassification" ToActivity="PurgeStaging">
		<Description lang="en">In case of Classify only Or Import Relationship with Classiffy only.</Description>
		<Rule>
			<Parameter direction="in" eval="xpath" type="string" name="ImportRelationshipsOnly" source="/Message/Body/Document/BusinessDocument/CatalogAction/CatalogActionHeader/MasterCatalog/Extension[@name='ImportRelationshipsOnly']/Value/text()">inDoc</Parameter>
			<Parameter direction="in" eval="xpath" type="string" name="ClassifyRecordsOnly" source="/Message/Body/Document/BusinessDocument/CatalogAction/CatalogActionHeader/MasterCatalog/Extension[@name='ClassifyRecordsOnly']/Value/text()">inDoc</Parameter>
			<Parameter direction="in" name="inputParamString" eval="constant" type="string">true</Parameter>
			<Parameter name="result" type="boolean" direction="out"/>
			<Condition format="java"><![CDATA[
					com.tibco.mdm.workflow.engine.transition.WfSharedConditionTransition.equalsEitherString(inputParamString,ImportRelationshipsOnly,ClassifyRecordsOnly);
                ]]>
            </Condition>
		</Rule>
	</Transition>

	<!-- Just set to success -->
	<!--Transition FromActivity="PurgeStaging" ToActivity="SetStatusToSuccess">
		<Description lang="en">In Case of Import relationships and classify Only.</Description>
		<Rule>
			<Parameter direction="in" eval="xpath" type="string" name="ImportRelationshipsOnly" source="/Message/Body/Document/BusinessDocument/CatalogAction/CatalogActionHeader/MasterCatalog/Extension[@name='ImportRelationshipsOnly']/Value/text()">inDoc</Parameter>
			<Parameter direction="in" eval="xpath" type="string" name="ClassifyRecordsOnly" source="/Message/Body/Document/BusinessDocument/CatalogAction/CatalogActionHeader/MasterCatalog/Extension[@name='ClassifyRecordsOnly']/Value/text()">inDoc</Parameter>
			<Parameter direction="in" name="inputParamString" eval="constant" type="string">true</Parameter>
			<Parameter name="result" type="boolean" direction="out"/>
			<Condition format="java"><![CDATA[
					com.tibco.mdm.workflow.engine.transition.WfSharedConditionTransition.equalsEitherString(inputParamString,ImportRelationshipsOnly,ClassifyRecordsOnly);
                ]]>
            </Condition>
		</Rule>
	</Transition-->
	
	<!--  * * * * * *  TRANSITIONS FOR IMPORT RELATIONSHIP ONLY AND CLASSIFY ONLY   * * *  [END] * * * *  -->
	
	
	<!-- If there are no records imported, no need to continue. Not informing user by email?  -->
	<Transition FromActivity="PrepareForImportCatalog" ToActivity="SetRulebaseFilePath2"/>
	<Transition FromActivity="SetRulebaseFilePath2" ToActivity="ImportCatalog"/>
	<Transition FromActivity="ImportCatalog" ToActivity="SetStatusToError">
		<Description lang="en">If there are no records to process, end with error.</Description>
		<Rule>
			<Parameter name="recordsSuccess" type="long" eval="variable" direction="in">recordsSuccess</Parameter>
			<Parameter name="catalogsWithError" type="long" eval="variable" direction="in">catalogsWithError</Parameter>
			<Parameter name="result" type="boolean" direction="out"/>
			<Condition format="java"><![CDATA[
				com.tibco.mdm.workflow.engine.transition.WfCatsourceTransition.importCatalogToSetStatusToError(recordsSuccess, catalogsWithError);
            ]]></Condition>
		</Rule>
	</Transition>
	<!--Transition FromActivity="ImportCatalog" ToActivity="SetStatusToSuccess">
		<Description lang="en">If there are no records to process, end with error.</Description>
		<Rule>
			<Parameter name="recordsSuccess" type="long" eval="variable" direction="in">recordsSuccess</Parameter>
			<Parameter name="catalogsWithError" type="long" eval="variable" direction="in">catalogsWithError</Parameter>
			<Parameter name="result" type="boolean" direction="out"/>
			<Condition format="java"><![CDATA[
				com.tibco.mdm.workflow.engine.transition.WfCatsourceTransition.importCatalogToSetStatusToSuccess(recordsSuccess, catalogsWithError);
            ]]></Condition>
		</Rule>
	</Transition-->

	<Transition FromActivity="ImportCatalog" ToActivity="DeleteRecord">
		<Description lang="en">Delete Record after import</Description>
		<Rule>
			<Parameter direction="in" eval="xpath" type="string" name="Incremental" source="/Message/Body/Document/BusinessDocument/CatalogAction/CatalogActionHeader/MasterCatalog/Extension[@name='Incremental']/Value/text()">inDoc</Parameter>
			<Parameter direction="in" name="inputParamString" eval="constant" type="string">No</Parameter>
			<Parameter name="result" type="boolean" direction="out"/>
			<Condition format="java"><![CDATA[
					com.tibco.mdm.workflow.engine.transition.WfSharedConditionTransition.equalsIgnoreCase(Incremental, inputParamString);
                ]]></Condition>
		</Rule>
	</Transition>
	
	<!-- Some records were imported, create bundles out of these. If bundling option is not specified, this

    woul just create a record collection -->
	<!-- ************************* Handle direct load first ************************************ -->
	<Transition FromActivity="ImportCatalog" ToActivity="ExtractRelationship"/>	
	<Transition FromActivity="ManualClassification" ToActivity="ReclassifyRecordsForImport"/>
	<Transition FromActivity="DeleteRecord" ToActivity="ExtractRelationship"/>
	<Transition FromActivity="ExtractRelationship" ToActivity="ReclassifyRecordsForImport"/>
	<Transition FromActivity="ReclassifyRecordsForImport" ToActivity="PurgeStaging"/>
	<Transition FromActivity="PurgeStaging" ToActivity="ManageRecordCollectionDirectLoad">
		<Description lang="en">Create dummy bundles.</Description>
		<Rule>
			<Parameter direction="in" eval="xpath" type="string" name="SplitImportBatch" source="/Message/Body/Document/BusinessDocument/CatalogAction/CatalogActionHeader/MasterCatalog/Extension[@name='SplitImportBatch']/Value/text()">inDoc</Parameter>
			<Parameter direction="in" name="inputParamString" eval="constant" type="string">Direct Load</Parameter>
			<Parameter direction="in" eval="xpath" type="string" name="ImportRelationshipsOnly" source="/Message/Body/Document/BusinessDocument/CatalogAction/CatalogActionHeader/MasterCatalog/Extension[@name='ImportRelationshipsOnly']/Value/text()">inDoc</Parameter>
			<Parameter direction="in" eval="xpath" type="string" name="ClassifyRecordsOnly" source="/Message/Body/Document/BusinessDocument/CatalogAction/CatalogActionHeader/MasterCatalog/Extension[@name='ClassifyRecordsOnly']/Value/text()">inDoc</Parameter>
			<Parameter direction="in" name="inputParamString1" eval="constant" type="string">false</Parameter>			
			<Parameter name="result" type="boolean" direction="out"/>
			<Condition format="bsh"><![CDATA[
					result = SplitImportBatch.equalsIgnoreCase(inputParamString) && 
						ImportRelationshipsOnly.equalsIgnoreCase(inputParamString1) && ClassifyRecordsOnly.equalsIgnoreCase(inputParamString1)
                ]]></Condition>
		</Rule>
	</Transition>
	<Transition FromActivity="ManageRecordCollectionDirectLoad" ToActivity="UpdateRecordStateAsRejected5">
		<Description lang="en">Check if there are any rejected records.</Description>
		<Rule>
			<Parameter direction="in" name="rc" type="recordlist" eval="variable">rejectRecordList</Parameter>
			<Parameter name="result" type="boolean" direction="out"/>
			<Condition format="java"><![CDATA[
					com.tibco.mdm.workflow.engine.transition.WfSharedConditionTransition.isNotNull(rc);
                ]]></Condition>
		</Rule>
	</Transition>
	<Transition FromActivity="UpdateRecordStateAsRejected5" ToActivity="SetRulebaseFilePath1"/>
	<Transition FromActivity="SetRulebaseFilePath1" ToActivity="EvaluateRulebaseDirectLoad">
		<Description lang="en">Check if there are any good records to validate.</Description>
		<Rule>
			<Parameter direction="in" name="rc" type="recordlist" eval="variable">workRecordList</Parameter>
			<Parameter name="result" type="boolean" direction="out"/>
			<Condition format="java"><![CDATA[
					com.tibco.mdm.workflow.engine.transition.WfSharedConditionTransition.isNotNull(rc);
                ]]></Condition>
		</Rule>
	</Transition>
	<!-- No good records, end the workflow -->
	<Transition FromActivity="UpdateRecordStateAsRejected5" ToActivity="SetStatusToError"/>
	
	<Transition FromActivity="ManageRecordCollectionDirectLoad" ToActivity="SetRulebaseFilePath"/>
	<Transition FromActivity="SetRulebaseFilePath" ToActivity="EvaluateRulebaseDirectLoad">
		<Description lang="en">Check if there are any good records to validate.</Description>
		<Rule>
			<Parameter direction="in" name="rc" type="recordlist" eval="variable">workRecordList</Parameter>
			<Parameter name="result" type="boolean" direction="out"/>
			<Condition format="java"><![CDATA[
					com.tibco.mdm.workflow.engine.transition.WfSharedConditionTransition.isNotNull(rc);
                ]]></Condition>
		</Rule>
	</Transition>
	<!-- No good records, end the workflow -->
	<Transition FromActivity="ManageRecordCollectionDirectLoad" ToActivity="SetStatusToError"/>
	<Transition FromActivity="EvaluateRulebaseDirectLoad" ToActivity="UpdateRecordStateAsRejected3">
		<Description lang="en">Transition if success list is null.</Description>
		<Rule>
			<Parameter direction="in" name="rc" type="recordlist" eval="variable">workRecordList</Parameter>
			<Parameter name="result" type="boolean" direction="out"/>
			<Condition format="java"><![CDATA[
					com.tibco.mdm.workflow.engine.transition.WfSharedConditionTransition.isNull(rc);
                ]]></Condition>
		</Rule>
	</Transition>
	<Transition FromActivity="EvaluateLifecycleStatusRejected" ToActivity="UpdateRecordStateAsRejected3"/>
	<!-- At this point, there is atleast one record to approve -->
	<!--Transition FromActivity="EvaluateRulebaseDirectLoad" ToActivity="EvaluateLifecycleStatusActive"/>
	<Transition FromActivity="EvaluateLifecycleStatusActive" ToActivity="InternalApprovalMoveToFirst"/-->
	<Transition FromActivity="EvaluateRulebaseDirectLoad" ToActivity="InternalApprovalMoveToFirst"/>
	
	
	
	<!-- ********** Direct load handling now joins the main workflow ************* -->
	<Transition FromActivity="PurgeStaging" ToActivity="ManageRecordCollection">
		<Description lang="en">Create dummy bundles.</Description>
		<Rule>
			<Parameter direction="in" eval="xpath" type="string" name="ImportRelationshipsOnly" source="/Message/Body/Document/BusinessDocument/CatalogAction/CatalogActionHeader/MasterCatalog/Extension[@name='ImportRelationshipsOnly']/Value/text()">inDoc</Parameter>
			<Parameter direction="in" eval="xpath" type="string" name="ClassifyRecordsOnly" source="/Message/Body/Document/BusinessDocument/CatalogAction/CatalogActionHeader/MasterCatalog/Extension[@name='ClassifyRecordsOnly']/Value/text()">inDoc</Parameter>
			<Parameter direction="in" name="inputParamString" eval="constant" type="string">false</Parameter>			
			<Parameter name="result" type="boolean" direction="out"/>
			<Condition format="bsh"><![CDATA[
					result = (ImportRelationshipsOnly.equalsIgnoreCase(inputParamString) && ClassifyRecordsOnly.equalsIgnoreCase(inputParamString))
                ]]></Condition>
		</Rule>
	</Transition>
	
	<!-- Lets first eliminate the records which failed bundling. -->
	<!--Go to rejected 2 only if rejectRecordList is not null and it has atleast one record. -->
	<Transition FromActivity="ManageRecordCollection" ToActivity="UpdateRecordStateAsRejected2">
		<Description lang="en">Transition if null.</Description>
		<Rule>
			<Parameter direction="in" name="rc" type="recordlist" eval="variable">rejectRecordList</Parameter>
			<Parameter name="result" type="boolean" direction="out"/>
			<Condition format="java"><![CDATA[
					com.tibco.mdm.workflow.engine.transition.WfSharedConditionTransition.isNotNull(rc);
                ]]></Condition>
		</Rule>
	</Transition>
	<!-- Now check if there is atleast one bundle. Otherwise, end the workflow -->
	<Transition FromActivity="UpdateRecordStateAsRejected2" ToActivity="SetStatusToError">
		<Description lang="en">Transition if null.</Description>
		<Rule>
			<Parameter direction="in" name="rc" type="recordlist" eval="variable">workRecordList</Parameter>
			<Parameter name="result" type="boolean" direction="out"/>
			<Condition format="java"><![CDATA[
					com.tibco.mdm.workflow.engine.transition.WfSharedConditionTransition.isNull(rc);
                ]]></Condition>
		</Rule>
	</Transition>
	<!-- Not likely to happen that you have no records in reject list and none in success list -->
	<Transition FromActivity="ManageRecordCollection" ToActivity="SetStatusToError">
		<Description lang="en">Transition if there not even one bundle created.</Description>
		<Rule>
			<Parameter direction="in" name="rc" type="recordlist" eval="variable">workRecordList</Parameter>
			<Parameter name="result" type="boolean" direction="out"/>
			<Condition format="java"><![CDATA[
					com.tibco.mdm.workflow.engine.transition.WfSharedConditionTransition.isNull(rc);
                ]]></Condition>
		</Rule>
	</Transition>
	<!-- Continue after rejecting the records which failed validation as there is atleast one valid bundle -->
	<Transition FromActivity="UpdateRecordStateAsRejected2" ToActivity="EvaluateRuleBase"/>
	<!-- At this point we are sure that there is at least one bundle to be processed. Validate it -->
	<!-- Continue with those records which were bundled successfully -->
	<!-- No bundle to reject, go straight to validations-->
	<Transition FromActivity="ManageRecordCollection" ToActivity="EvaluateRuleBase"/>
	<!-- If no records passed validation, reject all and end the workflow. Not informing user?-->
	<Transition FromActivity="EvaluateRuleBase" ToActivity="UpdateRecordStateAsRejected3">
		<Description lang="en">Transition if success list is null.</Description>
		<Rule>
			<Parameter direction="in" name="rc" type="recordlist" eval="variable">workRecordList</Parameter>
			<Parameter name="result" type="boolean" direction="out"/>
			<Condition format="java"><![CDATA[
					com.tibco.mdm.workflow.engine.transition.WfSharedConditionTransition.isNull(rc);
                ]]></Condition>
		</Rule>
	</Transition>
	<!-- All records rejected, end the workflow -->
	<!--Transition FromActivity="UpdateRecordStateAsRejected3" ToActivity="SetStatusToError"/-->
	<!-- At this point, there is atleast one record to approve -->
	<Transition FromActivity="EvaluateRuleBase" ToActivity="InternalApprovalMoveToFirst"/>
	<Transition FromActivity="InternalApprovalMoveToFirst" ToActivity="ImpInternalApprovalWorkitem"/>
	<Transition FromActivity="ImpInternalApprovalWorkitem" ToActivity="ImpInternalApprovalWorkitem">
		<Description lang="en">Test that all created Import Master Catalog approval workitems have been completed or someone has rejected workitem.</Description>
		<Rule>
			<Parameter name="wicreated" type="boolean" eval="variable" direction="in">approvalFlag</Parameter>
			<Parameter name="numberCreated" type="long" eval="variable" direction="in">NumberCreated</Parameter>
			<Parameter name="numberCompleted" type="long" eval="variable" direction="in">NumberCompleted</Parameter>
			<Parameter name="response" type="string" eval="variable" direction="in">FormResult</Parameter>
			<!-- Parameter name="response" type="string" eval="xpath" source="/Message/Body/Document/BusinessDocument/CatalogAction/CatalogActionHeader/CatalogActionHeaderAck[last()]/AcknowledgmentCode/Code/Value/text()" direction="in">workDoc</Parameter -->
			<Parameter name="result" type="boolean" direction="out"/>
			<Condition format="java"><![CDATA[
				com.tibco.mdm.workflow.engine.transition.WfSharedConditionTransition.responseDoesNotEqualReject(wicreated, numberCreated, numberCompleted, response);
            ]]></Condition>
		</Rule>
	</Transition>
	<Transition FromActivity="ImpInternalApprovalWorkitem" ToActivity="InternalApprovalMoveToNext"/>
	<Transition FromActivity="InternalApprovalMoveToNext" ToActivity="ImpInternalApprovalWorkitem">
		<Description lang="en">If not done, loop</Description>
		<Rule>
			<Parameter name="state" type="string" eval="variable" direction="in">InternalApprovalNextState</Parameter>
			<Parameter name="status" type="string" eval="variable" direction="in">FormResult</Parameter>
			<!-- Parameter name="status" type="string" eval="xpath" source="/Message/Body/Document/BusinessDocument/CatalogAction/CatalogActionHeader/CatalogActionHeaderAck[last()]/AcknowledgmentCode/Code/Value/text()" direction="in">workDoc</Parameter -->
			<Parameter name="result" type="boolean" direction="out"/>
			<Condition format="java"><![CDATA[
				com.tibco.mdm.workflow.engine.transition.WfSharedConditionTransition.statusEqualsAccept(state, status);
            ]]></Condition>
		</Rule>
	</Transition>
	<!-- If not approved, reject the batch and continue -->
	<Transition FromActivity="InternalApprovalMoveToNext" ToActivity="UpdateRecordStateAsRejected">
		<Description lang="en">If accept, send catalog.</Description>
		<Rule>
			<Parameter name="status" type="string" eval="variable" direction="in">FormResult</Parameter>
			<Parameter direction="in" name="inputParamString" eval="constant" type="string">Reject</Parameter>
			<!-- Parameter name="status" type="string" eval="xpath" source="/Message/Body/Document/BusinessDocument/CatalogAction/CatalogActionHeader/CatalogActionHeaderAck[last()]/AcknowledgmentCode/Code/Value/text()" direction="in">workDoc</Parameter -->
			<Parameter name="result" type="boolean" direction="out"/>
			<Condition format="java"><![CDATA[
				com.tibco.mdm.workflow.engine.transition.WfSharedConditionTransition.equalsIgnoreCase(status, inputParamString);
            ]]></Condition>
		</Rule>
	</Transition>
	<!-- Inform user of approval/ rejection -->
	<Transition FromActivity="UpdateRecordStateAsRejected" ToActivity="InternalApprovalResultEmail"/>
	<!-- After approval, reject those records which failed the validation -->
	<Transition FromActivity="InternalApprovalMoveToNext" ToActivity="UpdateRecordStateAsRejected1">
		<Description lang="en">Transition if there are any records which failed validations.</Description>
		<Rule>
			<Parameter direction="in" name="rc" type="recordlist" eval="variable">workRecordList1</Parameter>
			<Parameter name="result" type="boolean" direction="out"/>
			<Condition format="java"><![CDATA[
					com.tibco.mdm.workflow.engine.transition.WfSharedConditionTransition.isNotNull(rc);
                ]]></Condition>
		</Rule>
	</Transition>
	<!-- If no workitem, then reject the failed bundles.-->
	<!--Transition FromActivity="ImpInternalApprovalWorkitem" ToActivity="UpdateRecordStateAsRejected1">
		<Description lang="en">Transition if there are any records which failed validations.</Description>
		<Rule>
			<Parameter direction="in" name="rc" type="recordlist" eval="variable">workRecordList1</Parameter>
			<Parameter name="result" type="boolean" direction="out"/>
			<Condition format="java"><![CDATA[
					com.tibco.mdm.workflow.engine.transition.WfSharedConditionTransition.isNotNull(rc);
                ]]></Condition>
		</Rule>
	</Transition-->
	<Transition FromActivity="InternalApprovalMoveToNext" ToActivity="InternalApprovalResultEmail"/>
	<!-- Send email first, before spawn -->
	<Transition FromActivity="UpdateRecordStateAsRejected1" ToActivity="InternalApprovalResultEmail"/>
	<!-- End of workflow if direct load. -->
	<Transition FromActivity="InternalApprovalResultEmail" ToActivity="UpdateRecordStateAsConfirmed">
		<Description lang="en">If Direct load, end of workflow.</Description>
		<Rule>
			<Parameter direction="in" eval="xpath" type="string" name="SplitImportBatch" source="/Message/Body/Document/BusinessDocument/CatalogAction/CatalogActionHeader/MasterCatalog/Extension[@name='SplitImportBatch']/Value/text()">inDoc</Parameter>
			<Parameter direction="in" name="inputParamString" eval="constant" type="string">Direct Load</Parameter>
			<Parameter name="result" type="boolean" direction="out"/>
			<Condition format="java"><![CDATA[
				com.tibco.mdm.workflow.engine.transition.WfSharedConditionTransition.equalsIgnoreCase(SplitImportBatch, inputParamString);
             ]]></Condition>
		</Rule>
	</Transition>
	<!-- Spawn workflows if approval was obtained. -->
	<Transition FromActivity="InternalApprovalResultEmail" ToActivity="SpawnWorkflow">
		<Description lang="en">If accept, send catalog.</Description>
		<Rule>
			<Parameter name="status" type="string" eval="variable" direction="in">FormResult</Parameter>
			<Parameter direction="in" name="inputParamString" eval="constant" type="string">Accept</Parameter>
			<!-- Parameter name="status" type="string" eval="xpath" source="/Message/Body/Document/BusinessDocument/CatalogAction/CatalogActionHeader/CatalogActionHeaderAck[last()]/AcknowledgmentCode/Code/Value/text()" direction="in">workDoc</Parameter -->
			<Parameter name="result" type="boolean" direction="out"/>
			<Condition format="java"><![CDATA[
				com.tibco.mdm.workflow.engine.transition.WfSharedConditionTransition.isNullOrEqualsIgnoreCase(status, inputParamString);
            ]]></Condition>
		</Rule>
	</Transition>
	<!-- If user did not approve of batch, all products are rejected. Send email and end the event -->
	<!--Transition FromActivity="InternalApprovalResultEmail" ToActivity="SetStatusToSuccess"/-->
	<Transition FromActivity="UpdateRecordStateAsConfirmed" ToActivity="SetStatusToTimedout">
		<Description lang="en">If there Update Product Status process is TimeOut, end with Timedout.</Description>
		<Rule>
			<Parameter name="nextCommand" type="string" eval="variable" direction="in">UpdateProductStatusNextCommand</Parameter>
			<Parameter direction="in" name="inputParamString1" eval="constant" type="string">TIMEOUT</Parameter>
			<Parameter direction="in" name="inputParamString2" eval="constant" type="string">ABORT</Parameter>
			<Parameter name="result" type="boolean" direction="out"/>
			<Condition format="java"><![CDATA[
				com.tibco.mdm.workflow.engine.transition.WfSharedConditionTransition.equalsEitherString(nextCommand, inputParamString1, inputParamString2);
            ]]></Condition>
		</Rule>
	</Transition>
	<!--Transition FromActivity="UpdateRecordStateAsConfirmed" ToActivity="SetStatusToSuccess"/-->
	<!--Transition FromActivity="SpawnWorkflow" ToActivity="SetStatusToSuccess"/-->
	<!-- ERROR Handling Transitions -->
	<Transition type="error" FromActivity="Any" ToActivity="RejectDueToWorkflowError"/>
	<Transition FromActivity="RejectDueToWorkflowError" ToActivity="SetStatusToError2"/>
	<!-- CANCEL transitions -->
	<Transition type="cancel" FromActivity="Any" ToActivity="UpdateRecordStateAsCancelled"/>
	<Transition FromActivity="UpdateRecordStateAsCancelled" ToActivity="SetStatusToCancel"/>
</Workflow>
<!-- Copyright (c) 2018-2018 TIBCO Software Inc. All Rights Reserved. Confidential & Proprietary. -->