<?xml version="1.0" encoding="UTF-8"?>
<rulebase metaversion="1.0">
<!--This is a New Rulebase of type Validation. It uses include action. 
Include action calls i.e includes another rulebases which is designed in Rulebase model -> Common Folder.
Rulebase in common foler needs to be of type other. Otherwise it will ovewrite on catalogvalidation.xml/newrecord.xml/searchcontrolrules.xml file. -->

<name>Catalogassignment and importcatalog SALESCHANNEL</name>
<description>Catalogassignment and importcatalog SALESCHANNEL</description>

<constraint>
		<name>Include importcatalog file</name>
		<description>Include catalogassignment and importcatalog</description>
		<action>
			<include>
				<literal>Rulebase</literal>
				<literal>#ENTERPRISENAME#/catalog/master/#CATALOGID#/importcatalog_SALESCHANNEL.xml</literal>
			</include>	
		</action>
	</constraint>

<constraint>
		<name>Include catalogassignment file</name>
		<description>Include catalogassignment file</description>
		<action>
			<include>
				<literal>Rulebase</literal>
				<literal>#ENTERPRISENAME#/catalog/master/#CATALOGID#/catalogassignment_SALESCHANNEL.xml</literal>				
			</include>
		</action>
	</constraint>

</rulebase>
<!-- Copyright (c) 2018-2018 TIBCO Software Inc. All Rights Reserved. Confidential & Proprietary. -->