<?xml version="1.0"?>
<!--
    $Revision: 73054 $

    Route the Product Add to editors and approvers.
    The three steps in the workflow are
    1. InternalEdit - uses 'New Record Introduction Edit' rules to identify editors
    2. InternalApproval - uses 'Record Edit Approval' rules to identify approvers
    3. TargetedRejection - uses 'Data Custodian' rules to identify data custodians
    4. Added SpawnWorkflow activity for V2V - to publish the record to velosel datapool.
-->
<Workflow Version="1.3" xmlns:xsi="http://www.w3.org/2001/XMLSchema-instance"  xsi:noNamespaceSchemaLocation="Workflow.xsd">
	<Owner>TIBCO</Owner>
	<Name>wfin26productaddapprovalv3</Name>
	<Description>New record introduction process</Description>
	<Parameter direction="in" name="inDoc" description="Free form workflow description" type="document" eval="variable">1</Parameter>
	<Parameter direction="out" name="outDoc1" type="document" eval="variable"/>
	<!-- Edit loop -->
	<Activity Name="InternalEditMoveToFirst">
		<Start/>
		<Action>StateTransition</Action>
		<Description lang="en">Set workflow to next step</Description>
		<Parameter direction="in" type="string" eval="constant" name="eventState" description="Free form parameter description">PRODUCTADDINTERNALAPPROVAL</Parameter>
		<Parameter direction="in" name="InDocument" type="document" eval="variable">inDoc</Parameter>
		<Parameter direction="in" name="ConversationAction" eval="constant" type="string">connect</Parameter>
		<Parameter direction="in" name="CheckTransition" eval="constant" type="string">false</Parameter>
		<Parameter direction="in" name="MoveTo" eval="constant" type="string">Step1</Parameter>
		<Parameter direction="in" name="ConversationType" eval="constant" type="string">Global</Parameter>
		<Parameter direction="in" name="Key1" eval="constant" type="string">ProductAddEdit</Parameter>
		<Parameter direction="in" name="Key2" eval="xpath" type="string" source="/Message/Body/Document/BusinessDocument/CatalogAction/CatalogActionDetails/CatalogItem[LineNumber=1]/PartNumber/GlobalPartNumber/ProdID/DBID/text()">inDoc</Parameter>
		<Parameter direction="out" eval="variable" type="document" name="OutDocument">workDoc</Parameter>
		<Parameter direction="out" name="ConversationState" eval="variable" type="string">InternalEditNextState</Parameter>
	</Activity>
	<Activity Name="GetItemData">
		<Action>GetRecord</Action>
		<Description lang="en">Get record data</Description>
		<Parameter direction="in" name="InDocument" type="document" eval="variable">workDoc</Parameter>
		<Parameter direction="in" eval="constant" type="string" name="Agency">SOURCE</Parameter>
		<!--Parameter direction="in" name="BackEndIntegration" type="string" eval="constant">Y</Parameter-->
		<Parameter direction="in" eval="xpath" type="long" name="MasterCatalog" source="/Message/Body/Document/BusinessDocument/CatalogAction/CatalogActionHeader/MasterCatalog/RevisionID/DBID/text()">workDoc</Parameter>
		<Parameter direction="out" eval="variable" type="document" name="OutDocument">workDoc</Parameter>
	</Activity>
	<Activity Name="CompareRecord">
		<Action>CompareRecord</Action>
		<Description lang="en">Compare with previous confirmed version and generate an output document</Description>
		<Parameter direction="in" name="InDocument" type="document" eval="variable">workDoc</Parameter>
		<Parameter direction="in" name="CompareKeyword" type="string" eval="constant">PREVIOUS_CONFIRMED_VERSION</Parameter>
		<Parameter direction="in" name="FullCompareFlag" type="string" eval="constant">True</Parameter>
		<Parameter direction="out" eval="variable" type="document" name="OutDocument">workDoc</Parameter>
		<Parameter direction="out" name="StepID" eval="variable" type="long">pl1</Parameter>
	</Activity>
	<Activity Name="InternalEditWorkItem">
		<Action>CreateWorkItem</Action>
		<Description lang="en">Create workitem for edit of the new record</Description>
		<Execution>SYNCHR</Execution>
		<Parameter direction="in" eval="constant" type="string" name="Intent">Edit</Parameter>
		<Parameter direction="in" eval="constant" type="string" name="RecordAttributeName">GTIN</Parameter>
		<Parameter direction="in" eval="constant" type="string" name="RecordAttributeName1">SHORTDESC</Parameter>
		<Parameter direction="in" eval="constant" type="string" name="RecordAttributeName2">UOM</Parameter>
		<Parameter direction="in" name="ReferenceStepID" eval="variable" type="long">pl1</Parameter>
		<Parameter direction="in" eval="rule" source="New Record Introduction Edit" type="long" name="ParticipantID">workDoc</Parameter>
		<Parameter direction="in" eval="rule" source="New Record Introduction Edit" type="string" name="ParticipantType">workDoc</Parameter>
		<Parameter direction="in" eval="constant" type="string" name="Form">standard/forms/fm26ca.xml</Parameter>
		<Parameter direction="in" eval="constant" type="string" name="MailPresentation">com.tibco.mdm.ui.workflow.engine.emailtemplates.EmailProductAddEditWorkItem</Parameter>
		<Parameter direction="in" eval="constant" type="string" name="ReassignMailPresentation">com.tibco.mdm.ui.workflow.engine.emailtemplates.EmailReassignWorkItem</Parameter>
		<Parameter direction="in" eval="constant" type="string" name="DelegationMailPresentation">com.tibco.mdm.ui.workflow.engine.emailtemplates.EmailWorkItemDelegationNotification</Parameter>
		<Parameter direction="in" eval="constant" type="string" name="FormPresentation">com.tibco.mdm.ui.workflow.engine.workitem.templates.ProductAddEdit</Parameter>
		<Parameter direction="in" eval="constant" type="string" name="TaskType">CATALOGMESSAGE</Parameter>
		<Parameter direction="in" eval="variable" type="document" name="InDocument">workDoc</Parameter>
		<Parameter direction="out" eval="variable" type="document" name="OutDocument">wiDoc</Parameter>
		<Parameter direction="out" eval="variable" type="boolean" name="WorkItemCreated">editFlag</Parameter>
		<Parameter direction="out" eval="variable" type="boolean" name="MergedDocument">workDoc</Parameter>
		<Parameter direction="in" eval="constant" type="string" name="ExpiryType">RELATIVE</Parameter>
		<Parameter direction="in" eval="constant" type="string" name="ExpiryDate">1:0:0:0</Parameter>
	</Activity>
	<Activity Name="InternalEditMoveToNext">
		<Action>StateTransition</Action>
		<Description lang="en">Set workflow to next step</Description>
		<Parameter direction="in" name="InDocument" type="document" eval="variable">workDoc</Parameter>
		<Parameter direction="in" name="ConversationAction" eval="constant" type="string">connect</Parameter>
		<Parameter direction="in" name="CheckTransition" eval="constant" type="string">false</Parameter>
		<Parameter direction="in" name="MoveTo" eval="rule" source="New Record Introduction Edit" type="string">workDoc</Parameter>
		<Parameter direction="in" name="ConversationType" eval="constant" type="string">Global</Parameter>
		<Parameter direction="in" name="Key1" eval="constant" type="string">ProductAddEdit</Parameter>
		<Parameter direction="in" name="Key2" eval="xpath" type="string" source="/Message/Body/Document/BusinessDocument/CatalogAction/CatalogActionDetails/CatalogItem[LineNumber=1]/PartNumber/GlobalPartNumber/ProdID/DBID/text()">workDoc</Parameter>
		<Parameter direction="out" eval="variable" type="document" name="OutDocument">workDoc</Parameter>
		<Parameter direction="out" name="ConversationState" eval="variable" type="string">InternalEditNextState</Parameter>
		<Parameter direction="out" name="CouldMove" eval="variable" type="string">editCouldMove</Parameter>
	</Activity>
	<Activity Name="SendTimeOutEmailForEditWorkItem">
		<Action>Send</Action>
		<Description>Send an email stating that record add workitem has timed out</Description>
		<Execution>ASYNCHR</Execution>
		<Parameter direction="in" eval="rule" source="Message or Workflow Completion" type="string" name="Protocol">workDoc</Parameter>
		<Parameter direction="in" eval="rule" source="Message or Workflow Completion" type="string" name="Address">workDoc</Parameter>
		<Parameter direction="in" eval="constant" name="Sender" type="string">support@tibco.com</Parameter>
		<Parameter direction="in" eval="constant" name="Form" type="string">standard/forms/fm26ca.xml</Parameter>
		<Parameter direction="in" eval="variable" name="InDocument" type="document">workDoc</Parameter>
		<Parameter direction="in" eval="constant" name="Presentation" type="string">com.tibco.mdm.ui.workflow.engine.emailtemplates.EmailProductEditTimeOut</Parameter>
		<Parameter direction="in" eval="variable" name="Approver" type="string">ParticipantName</Parameter>
	</Activity>
	<!-- End of Edit loop -->
	<!-- Add approval loop -->
	<Activity Name="GetItemData2">
		<Action>GetRecord</Action>
		<Description lang="en">Get record data</Description>
		<Parameter direction="in" name="InDocument" type="document" eval="variable">workDoc</Parameter>
		<Parameter direction="in" eval="constant" type="string" name="Agency">SOURCE</Parameter>
		<Parameter direction="in" eval="xpath" type="long" name="MasterCatalog" source="/Message/Body/Document/BusinessDocument/CatalogAction/CatalogActionHeader/MasterCatalog/RevisionID/DBID/text()">workDoc</Parameter>
		<Parameter direction="out" eval="variable" type="document" name="OutDocument">workDoc</Parameter>
	</Activity>
	<Activity Name="CompareRecord2">
		<Action>CompareRecord</Action>
		<Description lang="en">Compare with previous confirmed version and generate an output document</Description>
		<Parameter direction="in" name="InDocument" type="document" eval="variable">workDoc</Parameter>
		<Parameter direction="in" name="CompareKeyword" type="string" eval="constant">PREVIOUS_CONFIRMED_VERSION</Parameter>
		<Parameter direction="in" name="FullCompareFlag" type="string" eval="constant">True</Parameter>
		<Parameter direction="out" eval="variable" type="document" name="OutDocument">workDoc</Parameter>
		<Parameter direction="out" name="StepID" eval="variable" type="long">pl2</Parameter>
	</Activity>
	<Activity Name="InternalApprovalMoveToFirst">
		<Action>StateTransition</Action>
		<Description lang="en">Set workflow to next step</Description>
		<Parameter direction="in" name="InDocument" type="document" eval="variable">workDoc</Parameter>
		<Parameter direction="in" name="ConversationAction" eval="constant" type="string">connect</Parameter>
		<Parameter direction="in" name="CheckTransition" eval="constant" type="string">false</Parameter>
		<Parameter direction="in" name="MoveTo" eval="constant" type="string">Step1</Parameter>
		<Parameter direction="in" name="ConversationType" eval="constant" type="string">Global</Parameter>
		<Parameter direction="in" name="Key1" eval="constant" type="string">ProductAddInternalApproval</Parameter>
		<Parameter direction="in" name="Key2" eval="xpath" type="string" source="/Message/Body/Document/BusinessDocument/CatalogAction/CatalogActionDetails/CatalogItem[LineNumber=1]/PartNumber/GlobalPartNumber/ProdID/DBID/text()">workDoc</Parameter>
		<Parameter direction="out" eval="variable" type="document" name="OutDocument">workDoc</Parameter>
		<Parameter direction="out" name="ConversationState" eval="variable" type="string">InternalApprovalNextState</Parameter>
	</Activity>
	<Activity Name="InternalApprovalWorkItem">
		<Action>CreateWorkItem</Action>
		<Description lang="en">Create workitem for approval of the addition of record</Description>
		<Execution>SYNCHR</Execution>
		<Parameter direction="in" eval="constant" type="string" name="Intent">Approval</Parameter>
		<Parameter direction="in" eval="constant" type="string" name="RecordAttributeName">GTIN</Parameter>
		<Parameter direction="in" eval="constant" type="string" name="RecordAttributeName1">SHORTDESC</Parameter>
		<Parameter direction="in" eval="constant" type="string" name="RecordAttributeName2">UOM</Parameter>
		<Parameter direction="in" name="ReferenceStepID" eval="variable" type="long">pl2</Parameter>
		<Parameter direction="in" eval="rule" source="Record Edit Approval" type="long" name="ParticipantID">workDoc</Parameter>
		<Parameter direction="in" eval="rule" source="Record Edit Approval" type="string" name="ParticipantType">workDoc</Parameter>
		<Parameter direction="in" eval="constant" type="string" name="Form">standard/forms/fm26ca.xml</Parameter>
		<Parameter direction="in" eval="constant" type="string" name="MailPresentation">com.tibco.mdm.ui.workflow.engine.emailtemplates.EmailProductAddApprovalWorkItem</Parameter>
		<Parameter direction="in" eval="constant" type="string" name="ReassignMailPresentation">com.tibco.mdm.ui.workflow.engine.emailtemplates.EmailReassignWorkItem</Parameter>
		<Parameter direction="in" eval="constant" type="string" name="DelegationMailPresentation">com.tibco.mdm.ui.workflow.engine.emailtemplates.EmailWorkItemDelegationNotification</Parameter>
		<Parameter direction="in" eval="constant" type="string" name="FormPresentation">com.tibco.mdm.ui.workflow.engine.workitem.templates.ProductAddApproval</Parameter>
		<Parameter direction="in" eval="constant" type="string" name="TaskType">CATALOGMESSAGE</Parameter>
		<Parameter direction="in" eval="variable" type="document" name="InDocument">workDoc</Parameter>
		<Parameter direction="out" eval="variable" type="document" name="OutDocument">wiDoc</Parameter>
		<Parameter direction="out" eval="variable" type="boolean" name="WorkItemCreated">approvalFlag</Parameter>
		<Parameter direction="out" eval="variable" type="boolean" name="MergedDocument">workDoc</Parameter>
		<Parameter direction="out" name="StepID" eval="variable" type="long">pl1</Parameter>
		<Parameter direction="in" eval="constant" type="string" name="ExpiryType">RELATIVE</Parameter>
		<Parameter direction="in" eval="constant" type="string" name="ExpiryDate">1:0:0:0</Parameter>
	</Activity>
	<Activity Name="InternalApprovalMoveToNext">
		<Action>StateTransition</Action>
		<Description lang="en">Set workflow to next step</Description>
		<Parameter direction="in" name="InDocument" type="document" eval="variable">workDoc</Parameter>
		<Parameter direction="in" name="ConversationAction" eval="constant" type="string">connect</Parameter>
		<Parameter direction="in" name="CheckTransition" eval="constant" type="string">false</Parameter>
		<Parameter direction="in" name="MoveTo" eval="rule" source="Record Edit Approval" type="string">workDoc</Parameter>
		<Parameter direction="in" name="ConversationType" eval="constant" type="string">Global</Parameter>
		<Parameter direction="in" name="Key1" eval="constant" type="string">ProductAddInternalApproval</Parameter>
		<Parameter direction="in" name="Key2" eval="xpath" type="string" source="/Message/Body/Document/BusinessDocument/CatalogAction/CatalogActionDetails/CatalogItem[LineNumber=1]/PartNumber/GlobalPartNumber/ProdID/DBID/text()">workDoc</Parameter>
		<Parameter direction="out" eval="variable" type="document" name="OutDocument">workDoc</Parameter>
		<Parameter direction="out" name="ConversationState" eval="variable" type="string">InternalApprovalNextState</Parameter>
		<Parameter direction="out" name="CouldMove" eval="variable" type="string">approvalCouldMove</Parameter>
	</Activity>
	<Activity Name="SendTimeOutEmailForApprovalWorkItem">
		<Action>Send</Action>
		<Description>Send a Email stating that record add workitem has timed out</Description>
		<Execution>ASYNCHR</Execution>
		<Parameter direction="in" eval="rule" source="Message or Workflow Completion" type="string" name="Protocol">workDoc</Parameter>
		<Parameter direction="in" eval="rule" source="Message or Workflow Completion" type="string" name="Address">workDoc</Parameter>
		<Parameter direction="in" eval="constant" name="Sender" type="string">support@tibco.com</Parameter>
		<Parameter direction="in" eval="constant" name="Form" type="string">standard/forms/fm26ca.xml</Parameter>
		<Parameter direction="in" eval="variable" name="InDocument" type="document">workDoc</Parameter>
		<Parameter direction="in" eval="constant" name="Presentation" type="string">com.tibco.mdm.ui.workflow.engine.emailtemplates.EmailProductEditTimeOut</Parameter>
		<Parameter direction="in" eval="variable" name="Approver" type="string">ParticipantName</Parameter>
	</Activity>
	<!-- End of Add approval loop -->
	<!-- Targeted Rejection loop -->
	<Activity Name="TargetedRejectionMoveToFirst">
		<Action>StateTransition</Action>
		<Description lang="en">Set workflow to next targeted rejection step</Description>
		<Parameter direction="in" type="string" eval="constant" name="eventState">TARGETTEDREJECTIONEDIT</Parameter>
		<Parameter direction="in" name="InDocument" type="document" eval="variable">workDoc</Parameter>
		<Parameter direction="in" name="ConversationAction" eval="constant" type="string">connect</Parameter>
		<Parameter direction="in" name="CheckTransition" eval="constant" type="string">false</Parameter>
		<Parameter direction="in" name="MoveTo" eval="constant" type="string">Step1</Parameter>
		<Parameter direction="in" name="ConversationType" eval="constant" type="string">Global</Parameter>
		<Parameter direction="in" name="Key1" eval="constant" type="string">ProductAddTargetedRejection</Parameter>
		<Parameter direction="in" name="Key2" eval="xpath" type="string" source="/Message/Body/Document/BusinessDocument/CatalogAction/CatalogActionDetails/CatalogItem[LineNumber=1]/PartNumber/GlobalPartNumber/ProdID/DBID/text()">inDoc</Parameter>
		<Parameter direction="out" eval="variable" type="document" name="OutDocument">workDoc</Parameter>
		<Parameter direction="out" name="ConversationState" eval="variable" type="string">TargetedRejectionNextState</Parameter>
	</Activity>
	<Activity Name="TargetedRejectionWorkItem">
		<Action>CreateWorkItem</Action>
		<Description lang="en">Create workitem for targeted rejection - edit of record</Description>
		<Execution>SYNCHR</Execution>
		<Parameter direction="in" eval="constant" type="string" name="Intent">Correction</Parameter>
		<Parameter direction="in" eval="constant" type="string" name="RecordAttributeName">GTIN</Parameter>
		<Parameter direction="in" eval="constant" type="string" name="RecordAttributeName1">SHORTDESC</Parameter>
		<Parameter direction="in" eval="constant" type="string" name="RecordAttributeName2">UOM</Parameter>
		<Parameter direction="in" name="ReferenceStepID" eval="variable" type="long">pl1</Parameter>
		<Parameter direction="in" eval="rule" source="Data Custodian" type="long" name="ParticipantID">workDoc</Parameter>
		<Parameter direction="in" eval="rule" source="Data Custodian" type="string" name="ParticipantType">workDoc</Parameter>
		<Parameter direction="in" eval="constant" type="string" name="Form">standard/forms/fm26ca.xml</Parameter>
		<Parameter direction="in" eval="constant" type="string" name="MailPresentation">com.tibco.mdm.ui.workflow.engine.emailtemplates.EmailProductAddEditWorkItem</Parameter>
		<Parameter direction="in" eval="constant" type="string" name="ReassignMailPresentation">com.tibco.mdm.ui.workflow.engine.emailtemplates.EmailReassignWorkItem</Parameter>
		<Parameter direction="in" eval="constant" type="string" name="DelegationMailPresentation">com.tibco.mdm.ui.workflow.engine.emailtemplates.EmailWorkItemDelegationNotification</Parameter>
		<Parameter direction="in" eval="constant" type="string" name="FormPresentation">com.tibco.mdm.ui.workflow.engine.workitem.templates.ProductAddEdit</Parameter>
		<Parameter direction="in" eval="constant" type="string" name="TaskType">CATALOGMESSAGE</Parameter>
		<Parameter direction="in" eval="variable" type="document" name="InDocument">workDoc</Parameter>
		<Parameter direction="out" eval="variable" type="document" name="OutDocument">wiDoc</Parameter>
		<Parameter direction="out" eval="variable" type="boolean" name="WorkItemCreated">correctionFlag</Parameter>
		<Parameter direction="out" eval="variable" type="boolean" name="MergedDocument">workDoc</Parameter>
		<Parameter direction="in" eval="constant" type="string" name="ExpiryType">RELATIVE</Parameter>
		<Parameter direction="in" eval="constant" type="string" name="ExpiryDate">1:0:0:0</Parameter>
	</Activity>
	<Activity Name="TargetedRejectionMoveToNext">
		<Action>StateTransition</Action>
		<Description lang="en">Set targeted rejection to next step</Description>
		<Parameter direction="in" name="ReferenceStepID" eval="variable" type="long">pl1</Parameter>
		<Parameter direction="in" name="InDocument" type="document" eval="variable">workDoc</Parameter>
		<Parameter direction="in" name="ConversationAction" eval="constant" type="string">connect</Parameter>
		<Parameter direction="in" name="CheckTransition" eval="constant" type="string">false</Parameter>
		<Parameter direction="in" name="MoveTo" eval="rule" source="Data Custodian" type="string">workDoc</Parameter>
		<Parameter direction="in" name="ConversationType" eval="constant" type="string">Global</Parameter>
		<Parameter direction="in" name="Key1" eval="constant" type="string">ProductAddTargetedRejection</Parameter>
		<Parameter direction="in" name="Key2" eval="xpath" type="string" source="/Message/Body/Document/BusinessDocument/CatalogAction/CatalogActionDetails/CatalogItem[LineNumber=1]/PartNumber/GlobalPartNumber/ProdID/DBID/text()">workDoc</Parameter>
		<Parameter direction="out" eval="variable" type="document" name="OutDocument">workDoc</Parameter>
		<Parameter direction="out" name="ConversationState" eval="variable" type="string">TargetedRejectionNextState</Parameter>
		<Parameter direction="out" name="CouldMove" eval="variable" type="string">targetedRejectionCouldMove</Parameter>
	</Activity>
	<Activity Name="SendTimeOutEmailForTargetedRejectionWorkItem">
		<Action>Send</Action>
		<Description>Send a email stating that targeted rejection work item has timed out</Description>
		<Execution>ASYNCHR</Execution>
		<Parameter direction="in" eval="rule" source="Message or Workflow Completion" type="string" name="Protocol">workDoc</Parameter>
		<Parameter direction="in" eval="rule" source="Message or Workflow Completion" type="string" name="Address">workDoc</Parameter>
		<Parameter direction="in" eval="constant" name="Sender" type="string">support@tibco.com</Parameter>
		<Parameter direction="in" eval="constant" name="Form" type="string">standard/forms/fm26ca.xml</Parameter>
		<Parameter direction="in" eval="variable" name="InDocument" type="document">workDoc</Parameter>
		<Parameter direction="in" eval="constant" name="Presentation" type="string">com.tibco.mdm.ui.workflow.engine.emailtemplates.EmailProductEditTimeOut</Parameter>
		<Parameter direction="in" eval="variable" name="Approver" type="string">ParticipantName</Parameter>
	</Activity>
	<!-- End of Targeted Rejection loop -->
	<!-- Status/State maintenance -->
	<Activity Name="SetStatusToSuccess">
		<Action>UpdateEvent</Action>
		<Description lang="en">Set the event status to Success/Done</Description>
		<Parameter direction="in" name="eventStatus" type="string" eval="constant">SUCCESS</Parameter>
		<Parameter direction="in" type="string" eval="constant" name="eventState">DONE</Parameter>
	</Activity>
	<Activity Name="SetStatusToError">
		<Action>UpdateEvent</Action>
		<Description lang="en">Set the event status to Error/Done</Description>
		<Parameter direction="in" name="eventStatus" type="string" eval="constant">ERROR</Parameter>
		<Parameter direction="in" type="string" eval="constant" name="eventState">DONE</Parameter>
	</Activity>
	<Activity Name="SetStatusToTimedout">
		<Action>UpdateEvent</Action>
		<Description lang="en">Set the event status to Timedout/Done</Description>
		<Parameter direction="in" name="eventStatus" type="string" eval="constant">TIMEOUT</Parameter>
		<Parameter direction="in" type="string" eval="constant" name="eventState">TIMEOUT</Parameter>
	</Activity>
	<Activity Name="InternalApprovalResultEmail">
		<Action>Send</Action>
		<Description lang="en">Send internal approval result email</Description>
		<Execution>ASYNCHR</Execution>
		<Parameter direction="in" eval="rule" source="Message or Workflow Completion" type="string" name="Protocol">workDoc</Parameter>
		<Parameter direction="in" eval="rule" source="Message or Workflow Completion" type="long" name="Address">workDoc</Parameter>
		<Parameter direction="in" type="document" eval="variable" name="InDocument">workDoc</Parameter>
		<Parameter direction="in" name="Sender" type="string" eval="constant">support@tibco.com</Parameter>
		<Parameter direction="in" eval="constant" name="Form" type="string">standard/forms/fm26ca.xml</Parameter>
		<Parameter direction="in" name="Subject" type="string" eval="constant">Catalog Record Edit Approval </Parameter>
		<Parameter direction="in" name="Presentation" type="string" eval="constant">com.tibco.mdm.ui.workflow.engine.emailtemplates.EmailProductAddApproval</Parameter>
	</Activity>
	<Activity Name="InternalApprovalRejectEmail">
		<Action>Send</Action>
		<Description lang="en">Send internal approval result email</Description>
		<Execution>ASYNCHR</Execution>
		<Parameter direction="in" eval="rule" source="Message or Workflow Completion" type="string" name="Protocol">workDoc</Parameter>
		<Parameter direction="in" eval="rule" source="Message or Workflow Completion" type="long" name="Address">workDoc</Parameter>
		<Parameter direction="in" type="document" eval="variable" name="InDocument">workDoc</Parameter>
		<Parameter direction="in" name="Sender" type="string" eval="constant">support@tibco.com</Parameter>
		<Parameter direction="in" eval="constant" name="Form" type="string">standard/forms/fm26ca.xml</Parameter>
		<Parameter direction="in" name="Subject" type="string" eval="constant">Catalog Record Edit Approval </Parameter>
		<Parameter direction="in" name="Presentation" type="string" eval="constant">com.tibco.mdm.ui.workflow.engine.emailtemplates.EmailProductAddApproval</Parameter>
	</Activity>
	<Activity Name="ConflictResolutionGoToFirstC">
		<Action>StateTransition</Action>
		<Description lang="en">Set workflow to first step for conflict resolution</Description>
		<Parameter direction="in" type="string" eval="constant" name="eventState">STATETRANSITION</Parameter>
		<Parameter direction="in" name="InDocument" type="document" eval="variable">inDoc</Parameter>
		<Parameter direction="in" name="ConversationAction" eval="constant" type="string">connect</Parameter>
		<Parameter direction="in" name="CheckTransition" eval="constant" type="string">false</Parameter>
		<Parameter direction="in" name="MoveTo" eval="constant" type="string">Step1</Parameter>
		<Parameter direction="in" name="ConversationType" eval="constant" type="string">Global</Parameter>
		<Parameter direction="in" name="Key1" eval="constant" type="string">ConflictResolution</Parameter>
		<Parameter direction="in" name="Key2" eval="xpath" type="string" source="/Message/Body/Document/BusinessDocument/CatalogAction/CatalogActionDetails/CatalogItem[LineNumber=1]/PartNumber/GlobalPartNumber/ProdID/DBID/text()">workDoc</Parameter>
		<Parameter direction="out" eval="variable" type="document" name="OutDocument">workDoc</Parameter>
		<Parameter direction="out" name="ConversationState" eval="variable" type="string">InternalApprovalNextState</Parameter>
	</Activity>
	<Activity Name="ConflictResolutionWIC">
		<Action>CreateWorkItem</Action>
		<Description lang="en">Create workitem to resolve conflicts - traget state Confimred</Description>
		<Execution>SYNCHR</Execution>
		<!-- Intent is required to show correct workitem description -->
		<Parameter direction="in" eval="constant" type="string" name="Intent">Conflict Resolution</Parameter>
		<Parameter direction="in" eval="constant" type="string" name="RecordAttributeName">GTIN</Parameter>
		<Parameter direction="in" eval="constant" type="string" name="RecordAttributeName1">SHORTDESC</Parameter>
		<Parameter direction="in" eval="constant" type="string" name="RecordAttributeName2">UOM</Parameter>
		<Parameter direction="in" eval="variable" type="long" name="ReferenceStepID">update_step</Parameter>
		<Parameter direction="in" type="string" eval="constant" name="eventState">CONFLICTRESOLUTIONWORKITEM</Parameter>
		<Parameter direction="in" eval="rule" source="Conflict Resolution" type="long" name="ParticipantID">workDoc</Parameter>
		<Parameter direction="in" eval="rule" source="Conflict Resolution" type="string" name="ParticipantType">workDoc</Parameter>
		<Parameter direction="in" eval="constant" type="string" name="Form">standard/forms/fm26ca.xml</Parameter>
		<Parameter direction="in" eval="constant" type="string" name="MailPresentation">com.tibco.mdm.ui.workflow.engine.emailtemplates.EmailConflictResolutionNewWorkItem</Parameter>
		<Parameter direction="in" eval="constant" type="string" name="ReassignMailPresentation">com.tibco.mdm.ui.workflow.engine.emailtemplates.EmailReassignWorkItem</Parameter>
		<Parameter direction="in" eval="constant" type="string" name="DelegationMailPresentation">com.tibco.mdm.ui.workflow.engine.emailtemplates.EmailWorkItemDelegationNotification</Parameter>
		<Parameter direction="in" eval="constant" type="string" name="FormPresentation">com.tibco.mdm.ui.workflow.engine.workitem.templates.ConflictResolution</Parameter>
		<Parameter direction="in" eval="constant" type="string" name="TaskType">CATALOGMESSAGE</Parameter>
		<Parameter direction="in" eval="variable" type="document" name="InDocument">workDoc</Parameter>
		<Parameter direction="in" eval="constant" type="string" name="ExpiryType">RELATIVE</Parameter>
		<Parameter direction="in" eval="constant" type="string" name="ExpiryDate">1:0:0:0</Parameter>
		<Parameter direction="in" eval="constant" type="string" name="RequestedState">CONFIRMED</Parameter>
		<Parameter direction="out" eval="variable" type="document" name="OutDocument">wiDoc</Parameter>
		<Parameter direction="out" eval="variable" type="boolean" name="WorkItemCreated">approvalFlag</Parameter>
		<Parameter direction="out" eval="variable" type="boolean" name="MergedDocument">workDoc</Parameter>
		<Parameter direction="out" name="StepID" eval="variable" type="long">pl1</Parameter>
	</Activity>
	<Activity Name="ConflictResolutionGoToNextC">
		<Action>StateTransition</Action>
		<Description lang="en">Set workflow to next step for conflict resolution</Description>
		<Parameter direction="in" name="InDocument" type="document" eval="variable">workDoc</Parameter>
		<Parameter direction="in" name="ConversationAction" eval="constant" type="string">connect</Parameter>
		<Parameter direction="in" name="CheckTransition" eval="constant" type="string">false</Parameter>
		<Parameter direction="in" name="MoveTo" eval="rule" source="Conflict Resolution" type="string">workDoc</Parameter>
		<Parameter direction="in" name="ConversationType" eval="constant" type="string">Global</Parameter>
		<Parameter direction="in" name="Key1" eval="constant" type="string">ConflictResolution</Parameter>
		<Parameter direction="in" name="Key2" eval="xpath" type="string" source="/Message/Body/Document/BusinessDocument/CatalogAction/CatalogActionDetails/CatalogItem[LineNumber=1]/PartNumber/GlobalPartNumber/ProdID/DBID/text()">workDoc</Parameter>
		<Parameter direction="out" eval="variable" type="document" name="OutDocument">workDoc</Parameter>
		<Parameter direction="out" name="ConversationState" eval="variable" type="string">ConflictResolutionNextState</Parameter>
		<Parameter direction="out" name="CouldMove" eval="variable" type="string">approvalCouldMove</Parameter>
	</Activity>
 	<Activity Name="CheckRecordState">
		<Action>CheckRecordState</Action>
		<Description lang="en">Check state of the record</Description>
		<Parameter direction="in" type="string" eval="constant" name="eventState">CHECKRECORDSTATE</Parameter>
		<Parameter direction="in" name="InDocument" type="document" eval="variable">inDoc</Parameter>
		<Parameter direction="in" name="InRecordList" type="recordlist" eval="variable">inRL</Parameter>
		<Parameter direction="in" name="CheckRecordState" type="string" eval="constant">CheckInWorkflow</Parameter>
		<Parameter direction="out" name="OutRecordList" type="recordlist" eval="variable">recordsInWorkflow</Parameter>
		<Parameter direction="out" name="RecordProcessed" type="long" eval="variable">recordsProcessed</Parameter>
		<!--<Parameter direction="out" eval="variable" type="document" name="OutDocument">workDoc</Parameter>-->
	</Activity>
	<Activity Name="JoinExistingWorkflow">
		<Action>JoinExistingWorkflow</Action>
		<Description lang="en">Join the existing workflow</Description>
		<Parameter direction="in" type="string" eval="constant" name="eventState">JOINWORKFLOW</Parameter>
		<!--<Parameter direction="in" name="InDocument" type="document" eval="variable">workDoc</Parameter>-->
		<Parameter direction="in" name="InRecordList" type="recordlist" eval="variable">inRL</Parameter>
	</Activity>
	<Activity Name="UpdateRecordStateAsApproved">
		<Action>UpdateRecordState</Action>
		<Description lang="en">Set the record status as confirmed</Description>
        <Parameter direction="in" name="Status" type="string" eval="constant">CONFIRMED</Parameter>
		<Parameter direction="in" name="InDocument" type="document" eval="variable">inDoc</Parameter>
		<Parameter direction="out" eval="variable" type="long" name="StepID">update_step</Parameter>
		<Parameter direction="out" name="CommandStatus" type="string" eval="variable">commandStatus</Parameter>
	</Activity>
	<Activity Name="UpdateRecordStateAsApprovedOR">
			<Action>UpdateRecordState</Action>
			<Description lang="en">Set the record status as confirmed</Description>
			<Parameter direction="in" name="Status" type="string" eval="constant">CONFIRMED</Parameter>
			<Parameter direction="in" name="InDocument" type="document" eval="variable">workDoc</Parameter>
			<Parameter direction="in" name="OverrideConflict" type="boolean" eval="constant">TRUE</Parameter>
			<Parameter direction="out" eval="variable" type="long" name="StepID">update_step</Parameter>
			<Parameter direction="out" name="CommandStatus" type="string" eval="variable">commandStatus</Parameter>
	</Activity>
	<Activity Name="UpdateRecordStateAsRejected">
		<Action>UpdateRecordState</Action>
		<Description lang="en">Set the record status as rejected</Description>
		<Parameter direction="in" name="Status" type="string" eval="constant">REJECTED</Parameter>
		<Parameter direction="in" name="InDocument" type="document" eval="variable">inDoc</Parameter>
	</Activity>
	<Activity Name="RejectDueToWorkflowError">
		<Action>Send</Action>
		<Description lang="en">Error occured during workflow processing</Description>
		<Execution>ASYNCHR</Execution>
		<Parameter direction="in" eval="rule" source="Message or Workflow Completion" type="string" name="Protocol">inDoc</Parameter>
		<Parameter direction="in" eval="rule" source="Message or Workflow Completion" type="long" name="Address">inDoc</Parameter>
		<Parameter direction="in" name="Sender" type="string" eval="constant">support@tibco.com</Parameter>
		<Parameter direction="in" name="Presentation" type="string" eval="constant">com.tibco.mdm.ui.workflow.engine.emailtemplates.EmailProductEditWorkflowError</Parameter>
		<Parameter direction="in" eval="constant" type="string" name="Form">standard/forms/fm26ca.xml</Parameter>
		<Parameter direction="in" type="document" eval="variable" name="InDocument">inDoc</Parameter>
	</Activity>
	 
	<Activity Name="PublishToEAI">
		<Action>SendProtocolMessage</Action>
		<Description>Publish the confirmed record to JMS for EAI to pickup</Description>
		<Execution>SYNCHR</Execution>
		<Parameter direction="in" eval="constant" type="string" name="BizProtocol">JMS</Parameter>
		<Parameter direction="in" name="InDocument" type="document" eval="variable">workDoc</Parameter>
		<Parameter direction="in" name="InDocument" type="document" eval="variable">inDoc</Parameter>
		<Parameter direction="in" name="DefaultDomain" type="string" eval="constant">DUNS</Parameter>
		<Parameter direction="in" name="SenderCredential" type="string" eval="constant">0065064183213</Parameter>
		<Parameter direction="in" name="ChannelCredential" type="string" eval="constant">0065064183213</Parameter>
		<Parameter direction="in" name="TradingPartnerCredential" type="string" eval="constant">0065068483364</Parameter>
        <Parameter direction="in" name="GenerateCommEvent" eval="constant" type="boolean">true</Parameter>                          
		<Parameter direction="in" name="PayloadPackagingScheme" eval="constant" type="string">BK_INTEGRATION_OUT_2</Parameter>
		<Parameter direction="in" name="MessageID1" source="/Message/Body/Document/BusinessDocument/CatalogAction/CatalogActionDetails/CatalogItem[1]/@key" type="string" eval="xpath">inDoc</Parameter>
		<Parameter direction="in" eval="constant" type="string" name="ExpiryType">RELATIVE</Parameter>
		<Parameter direction="in" eval="constant" type="string" name="ExpiryDate">0:5:5:0</Parameter>
		<Parameter direction="out" name="OutDocument" eval="variable" type="document">EAIresponse</Parameter>
		<Parameter direction="in" type="string" eval="constant" name="eventState">SENDCATALOG</Parameter>
    </Activity>
    
  
	 <Activity Name="InitiateSync">
		<Action>InitiateSubFlow</Action>
		<Description/>
		<Execution>SYNCHR</Execution>
		<Parameter name="eventState" direction="in" type="string" eval="constant">SPAWNWORKFLOW</Parameter>
		<Parameter name="ProcessID" direction="in" type="string" eval="constant">standard/workflow/wfin26cim2cimsyncV1</Parameter>
		<Parameter name="EVENTDESCRIPTOR" direction="in" type="string" eval="xpath" source="/Message/Body/Document/@subtype">inDoc</Parameter>
		<Parameter direction="in" name="InRecordList" type="recordlist" eval="variable">inRL</Parameter>
		<Parameter name="InDocument" direction="in" type="document" eval="variable">workDoc</Parameter>
		<Parameter name="OutDocument" direction="out" type="document" eval="variable">workDoc</Parameter>
	</Activity>
	
	<Activity Name="ManageProductRecordCollection">
			<Action>ManageRecordCollection</Action>
			<Description lang="en">Construct record list again to update the record list</Description>
			<Parameter direction="in" type="string" eval="constant" name="eventState">CREATEBUNDLE</Parameter>		
			<Parameter direction="in" name="InDocument" type="document" eval="variable">workDoc</Parameter>			
		<!-- Relationship Name -->	
			
			<Parameter direction="in" name="VersionOption" type="string" eval="constant">LATEST</Parameter>
			<Parameter direction="in" name="RelationshipName" type="string" eval="constant">CompatibleParty</Parameter>
			<Parameter direction="in" name="RelationshipName1" type="string" eval="constant">ProductComprisedOf</Parameter>
			<Parameter direction="in" name="RelationshipName2" type="string" eval="constant">Characteristic</Parameter>
			<Parameter direction="in" name="RelationshipName3" type="string" eval="constant">CompatibleProduct</Parameter>
			<Parameter direction="in" name="RelationshipName4" type="string" eval="constant">IncompatibleProduct</Parameter>
			<Parameter direction="in" name="RelationshipName5" type="string" eval="constant">CompatibleSegment</Parameter>
			<Parameter direction="in" name="RelationshipName6" type="string" eval="constant">IncompatibleSegment</Parameter>
			<Parameter direction="in" name="RelationshipName7" type="string" eval="constant">CompatibleCharacteristic</Parameter>
			<Parameter direction="in" name="RelationshipName8" type="string" eval="constant">IncompatibleParty</Parameter>
			<Parameter direction="in" name="RelationshipName9" type="string" eval="constant">ProductPricedBy</Parameter>
			<Parameter direction="in" name="RelationshipName10" type="string" eval="constant">ProductRequiredFor</Parameter>
			<Parameter direction="in" name="RelationshipName11" type="string" eval="constant">IncompatibleCharacteristic</Parameter>
			<!-- Pass relationship name to publish more than once level data -->
			<Parameter direction="in" name="RelationshipName12" type="string" eval="constant">PriceAlteredByDiscount</Parameter>
			<Parameter direction="in" name="RelationshipName13" type="string" eval="constant">DiscountRequiresProduct</Parameter>
			<Parameter direction="in" name="VersionOption" type="string" eval="constant">CONFIRMED</Parameter>
			<Parameter direction="in" name="BundlingOption" type="boolean" eval="constant">true</Parameter>
			<Parameter direction="out" name="OutRecordList" type="recordlist" eval="variable">workRecord_List</Parameter>
			<Parameter direction="out" name="RecordsProcessed" type="long" eval="variable">recordsProcessed</Parameter>
			
		</Activity>
		
		
		<Activity Name="ManageCustomerRecordCollection">
			<Action>ManageRecordCollection</Action>
			<Description lang="en">Construct record list again to update the record list</Description>
			<Parameter direction="in" type="string" eval="constant" name="eventState">CREATEBUNDLE</Parameter>
		
			<Parameter direction="in" name="InDocument" type="document" eval="variable">workDoc</Parameter>
			
		<!-- Relationship Name -->	
			
			<Parameter direction="in" name="VersionOption" type="string" eval="constant">LATEST</Parameter>
			<Parameter direction="in" name="RelationshipName" type="string" eval="constant">PartyHasData</Parameter>
			<Parameter direction="in" name="RelationshipName1" type="string" eval="constant">PartyHasSegment</Parameter>
			<Parameter direction="in" name="RelationshipName2" type="string" eval="constant">CompatibleProductForParty</Parameter>
			<Parameter direction="in" name="RelationshipName3" type="string" eval="constant">OrgIn</Parameter>
			<Parameter direction="in" name="RelationshipName4" type="string" eval="constant">HasPeople</Parameter>
			<Parameter direction="in" name="VersionOption" type="string" eval="constant">CONFIRMED</Parameter>
			<Parameter direction="in" name="BundlingOption" type="boolean" eval="constant">true</Parameter>
			<Parameter direction="out" name="OutRecordList" type="recordlist" eval="variable">workRecord_List</Parameter>
			<Parameter direction="out" name="RecordsProcessed" type="long" eval="variable">recordsProcessed</Parameter>
			
		</Activity>
		
		
	<Activity Name="ManageSegmentRecordCollection">
		<Action>ManageRecordCollection</Action>
		<Description lang="en">Construct record list again to update the record list</Description>
		<Parameter direction="in" type="string" eval="constant" name="eventState">CREATEBUNDLE</Parameter>
		<Parameter direction="in" name="InDocument" type="document" eval="variable">workDoc</Parameter>
		<Parameter direction="in" name="VersionOption" type="string" eval="constant">LATEST</Parameter>
		<Parameter direction="in" name="RelationshipName" type="string" eval="constant">SegmentForParty</Parameter>
		<Parameter direction="in" name="VersionOption" type="string" eval="constant">CONFIRMED</Parameter>
		<Parameter direction="in" name="BundlingOption" type="boolean" eval="constant">true</Parameter>
		<Parameter direction="out" name="OutRecordList" type="recordlist" eval="variable">workRecord_List</Parameter>
		<Parameter direction="out" name="RecordsProcessed" type="long" eval="variable">recordsProcessed</Parameter>
		
	</Activity>

	<Activity Name="ManagePlanFragmentRecordCollection">
		<Action>ManageRecordCollection</Action>
		<Description lang="en">Construct record list again to update the record list</Description>
		<Parameter direction="in" type="string" eval="constant" name="eventState">CREATEBUNDLE</Parameter>		
		<Parameter direction="in" name="InDocument" type="document" eval="variable">workDoc</Parameter>			
		<!-- Relationship Name -->
		<Parameter direction="in" name="VersionOption" type="string" eval="constant">CONFIRMED</Parameter>
		<Parameter direction="in" name="RelationshipName" type="string" eval="constant">HasSections</Parameter>
		<Parameter direction="in" name="BundlingOption" type="boolean" eval="constant">true</Parameter>
		<Parameter direction="out" name="OutRecordList" type="recordlist" eval="variable">workRecord_List</Parameter>
		<Parameter direction="out" name="RecordsProcessed" type="long" eval="variable">recordsProcessed</Parameter>
	</Activity>
	
	
		   <Activity Name="PublishAddProductData">
		   		<Action>ACModelPublish</Action>
		   		<Description>Processes Product Model data and publishes jms message on topic</Description>
		   		<Execution>SYNCHR</Execution>		
		   		<Parameter direction="in" name="InRecordList" type="recordlist" eval="variable">workRecord_List</Parameter>
		   		<Parameter direction="in" name="recordCount" type="long" eval="variable">recordsProcessed</Parameter>
		   		<Parameter direction="in" eval="constant" type="string" name="ProductModelMap">mpfromcatalogitemtobulkproductmodelv1.xsl</Parameter>
		   		<Parameter direction="in" name="RelationshipName" type="string" eval="constant">CompatibleParty</Parameter>
		        <Parameter direction="in" name="RelationshipName1" type="string" eval="constant">ProductComprisedOf</Parameter>
		        <Parameter direction="in" name="RelationshipName2" type="string" eval="constant">Characteristic</Parameter>
		   		<Parameter direction="in" name="RelationshipName3" type="string" eval="constant">CompatibleProduct</Parameter>
		   		<Parameter direction="in" name="RelationshipName4" type="string" eval="constant">IncompatibleProduct</Parameter>
		        <Parameter direction="in" name="RelationshipName5" type="string" eval="constant">CompatibleSegment</Parameter>
		        <Parameter direction="in" name="RelationshipName6" type="string" eval="constant">IncompatibleSegment</Parameter>
		   		<Parameter direction="in" name="RelationshipName7" type="string" eval="constant">CompatibleCharacteristic</Parameter>
		        <Parameter direction="in" name="RelationshipName8" type="string" eval="constant">IncompatibleParty</Parameter>
		        <Parameter direction="in" name="RelationshipName9" type="string" eval="constant">ProductPricedBy</Parameter>
		   		<Parameter direction="in" name="RelationshipName10" type="string" eval="constant">ProductRequiredFor</Parameter>
		   		<Parameter direction="in" name="ChildRelationshipName" type="string" eval="constant">ProductComprisedOf</Parameter>
		        <Parameter direction="in" name="ChildRelationshipName1" type="string" eval="constant">CompatibleParty</Parameter>
		        <Parameter direction="in" name="ChildRelationshipName2" type="string" eval="constant">Characteristic</Parameter>
		   		<Parameter direction="in" eval="constant" type="string" name="ProductModelCatName">MsgSeqProductModel</Parameter>
		   		<Parameter direction="in" eval="constant" type="string" name="connShareMode">1</Parameter>
		   		<Parameter direction="in" eval="constant" type="boolean" name="transacted">false</Parameter>
		   		<Parameter direction="in" name="publishAction" type="string" eval="constant">ADD</Parameter>
				<Parameter direction="in" name="Channel" type="string" eval="constant">JMS</Parameter>
				<Parameter direction="in" name="folderLocation" type="string" eval="constant">E:/ProductOffline1</Parameter>
		   		<!--Parameter direction="in" eval="variable" type="string" name="MasterCatalog">MasterCatalog</Parameter-->
		   		<Parameter direction="in" eval="xpath" type="string" name="MasterCatalog" source="/Message/Body/Document/BusinessDocument/CatalogAction/CatalogActionHeader/MasterCatalog/RevisionID/BaseName/text()">inDoc</Parameter>
		   		<Parameter direction="out" name="OutRecordList" type="recordlist" eval="variable">productmodelprocessed</Parameter>	
	   </Activity>	
	
	
		    <Activity Name="PublishAddCustomerData">
		   	   		<Action>ACModelPublish</Action>
					<Description>Processes Customer Model data and publishes jms message on topic</Description>
					<Execution>SYNCHR</Execution>		
					<Parameter direction="in" name="InRecordList" type="recordlist" eval="variable">workRecord_List</Parameter>
					<Parameter direction="in" name="recordCount" type="long" eval="variable">recordsProcessed</Parameter>
					<Parameter direction="in" eval="constant" type="string" name="CustomerModelMap">mpfromcatalogitemtobulkcustomermodelv1.xsl</Parameter>
					<Parameter direction="in" name="RelationshipName" type="string" eval="constant">PartyHasData</Parameter>
					<Parameter direction="in" name="RelationshipName1" type="string" eval="constant">PartyHasSegment</Parameter>
					<Parameter direction="in" name="RelationshipName2" type="string" eval="constant">CompatibleProductForParty</Parameter>
					<Parameter direction="in" name="RelationshipName3" type="string" eval="constant">OrgIn</Parameter>
					<Parameter direction="in" name="RelationshipName4" type="string" eval="constant">HasPeople</Parameter>
					<Parameter direction="in" eval="constant" type="string" name="CustomerModelCatName">MsgSeqCustomerModel</Parameter>
			   		<Parameter direction="in" eval="constant" type="string" name="connShareMode">1</Parameter>
			   		<Parameter direction="in" eval="constant" type="boolean" name="transacted">false</Parameter>
					<Parameter direction="in" name="publishAction" type="string" eval="constant">ADD</Parameter>
					<Parameter direction="in" name="Channel" type="string" eval="constant">JMS</Parameter>
					<Parameter direction="in" name="folderLocation" type="string" eval="constant">E:/customerOffline1</Parameter>
					<!--Parameter direction="in" eval="variable" type="string" name="MasterCatalog">MasterCatalog</Parameter-->
					<Parameter direction="in" eval="xpath" type="string" name="MasterCatalog" source="/Message/Body/Document/BusinessDocument/CatalogAction/CatalogActionHeader/MasterCatalog/RevisionID/BaseName/text()">inDoc</Parameter>
					<Parameter direction="out" name="OutRecordList" type="recordlist" eval="variable">productmodelprocessed</Parameter>	
	   </Activity>
	   
	   
	   
	     <Activity Name="PublishAddSegmentData">
					<Action>ACModelPublish</Action>
					<Description>Processes Segment Model  data and publishes jms message on topic</Description>
					<Execution>SYNCHR</Execution>		
					<Parameter direction="in" name="InRecordList" type="recordlist" eval="variable">workRecord_List</Parameter>
					<Parameter direction="in" name="recordCount" type="long" eval="variable">recordsProcessed</Parameter>
					<Parameter direction="in" eval="constant" type="string" name="SegmentModelMap">mpfromcatalogitemtobulksegmentmodelv1.xsl</Parameter>
					<Parameter direction="in" eval="constant" type="string" name="SegmentModelCatName">MsgSeqSegmentModel</Parameter>
					<Parameter direction="in" eval="constant" type="string" name="connShareMode">1</Parameter>
					<Parameter direction="in" eval="constant" type="boolean" name="transacted">false</Parameter>
					<Parameter direction="in" name="publishAction" type="string" eval="constant">ADD</Parameter>
					<Parameter direction="in" name="Channel" type="string" eval="constant">JMS</Parameter>
					<Parameter direction="in" name="folderLocation" type="string" eval="constant">E:/SegmentOffline</Parameter>
					<!--Parameter direction="in" eval="variable" type="string" name="MasterCatalog">MasterCatalog</Parameter-->
					<Parameter direction="in" eval="xpath" type="string" name="MasterCatalog" source="/Message/Body/Document/BusinessDocument/CatalogAction/CatalogActionHeader/MasterCatalog/RevisionID/BaseName/text()">inDoc</Parameter>
					<Parameter direction="out" name="OutRecordList" type="recordlist" eval="variable">productmodelprocessed</Parameter>	
	   </Activity>	
	
	<Activity Name="PublishAddPlanFragmentData">
		<Action>ACModelPublish</Action>
		<Description>Processes Plan Fragment Model data and publishes jms message on topic</Description>
		<Execution>SYNCHR</Execution>		
		<Parameter direction="in" name="InRecordList" type="recordlist" eval="variable">workRecord_List</Parameter>
		<Parameter direction="in" name="recordCount" type="long" eval="variable">recordsProcessed</Parameter>
		<Parameter direction="in" eval="constant" type="string" name="PlanFragmentModelMap">mpfromcatalogitemtoplanfragmentmodelv1.xsl</Parameter>
		<Parameter direction="in" eval="constant" type="string" name="PlanFragmentModelCatName">MsgSeqPlanFragmentModel</Parameter>
		<Parameter direction="in" eval="constant" type="string" name="connShareMode">1</Parameter>
		<Parameter direction="in" eval="constant" type="boolean" name="transacted">false</Parameter>
		<Parameter direction="in" name="publishAction" type="string" eval="constant">ADD</Parameter>
		<Parameter direction="in" name="Channel" type="string" eval="constant">JMS</Parameter>
		<Parameter direction="in" name="folderLocation" type="string" eval="constant">E:/PlanFragment</Parameter>
		<!--Parameter direction="in" eval="variable" type="string" name="MasterCatalog">MasterCatalog</Parameter-->
		<Parameter direction="in" eval="xpath" type="string" name="MasterCatalog" source="/Message/Body/Document/BusinessDocument/CatalogAction/CatalogActionHeader/MasterCatalog/RevisionID/BaseName/text()">inDoc</Parameter>
		<Parameter direction="out" name="OutRecordList" type="recordlist" eval="variable">productmodelprocessed</Parameter>	
   </Activity>
	
	
	<!-- End of Status/State maintenance -->
	<Transition FromActivity="InternalEditMoveToFirst" ToActivity="GetItemData"/>
	 <Transition FromActivity="GetItemData" ToActivity="PublishToEAI">
        <Description>If BackEndIntegration is requested then publish message to exteral system.</Description>
        <Rule>
            <Parameter name="BackEndIntegration" type="string" eval="variable" direction="in" >BackEndIntegration</Parameter>
            <Parameter name="result" type="boolean" direction="out"/>
            <Condition format="java">
            <![CDATA[
				com.tibco.mdm.workflow.engine.transition.WfSharedConditionTransition.isYes(BackEndIntegration);
            ]]>
            </Condition>
        </Rule>
    </Transition> 
	<Transition FromActivity="PublishToEAI" ToActivity="CompareRecord"/>	
	<Transition FromActivity="GetItemData" ToActivity="CompareRecord"/>
	<Transition FromActivity="CompareRecord" ToActivity="InternalEditWorkItem"/>
	<Transition FromActivity="InternalEditWorkItem" ToActivity="InternalEditWorkItem">
		<Description>Test that all created edit workitems have been completed or someone has rejected workitem.</Description>
		<Rule>
			<Parameter name="wicreated" type="boolean" eval="variable" direction="in">editFlag</Parameter>
			<Parameter name="numberCreated" type="long" eval="variable" direction="in">NumberCreated</Parameter>
			<Parameter name="numberCompleted" type="long" eval="variable" direction="in">NumberCompleted</Parameter>
			<Parameter name="response" type="string" eval="xpath" source="/Message/Body/Document/BusinessDocument/CatalogAction/CatalogActionHeader/CatalogActionHeaderAck[last()]/AcknowledgmentCode/Code/Value/text()" direction="in">workDoc</Parameter>
			<Parameter name="result" type="boolean" direction="out"/>
			<Condition format="java"><![CDATA[
				com.tibco.mdm.workflow.engine.transition.WfSharedConditionTransition.responseDoesNotEqualReject(wicreated, numberCreated, numberCompleted, response);
             ]]></Condition>
		</Rule>
	</Transition>
	<Transition FromActivity="InternalEditWorkItem" ToActivity="InternalEditMoveToNext">
		<Description>Do the merge if the workitem was created</Description>
		<Rule>
			<Parameter name="workitemcreation" type="boolean" eval="variable" direction="in">editFlag</Parameter>
			<Parameter name="result" type="boolean" direction="out"/>
			<Condition format="java"><![CDATA[
				com.tibco.mdm.workflow.engine.transition.WfSharedConditionTransition.setToBoolean(workitemcreation);
            ]]></Condition>
		</Rule>
	</Transition>
	<Transition FromActivity="InternalEditWorkItem" ToActivity="GetItemData2"/>
	<Transition FromActivity="GetItemData2" ToActivity="CompareRecord2"/>
	<Transition FromActivity="InternalEditMoveToNext" ToActivity="InternalEditWorkItem">
		<Description>If not done, loop</Description>
		<Rule>
			<Parameter name="state" type="string" eval="variable" direction="in">InternalEditNextState</Parameter>
			<Parameter name="status" type="string" eval="xpath" source="/Message/Body/Document/BusinessDocument/CatalogAction/CatalogActionHeader/CatalogActionHeaderAck[last()]/AcknowledgmentCode/Code/Value/text()" direction="in">workDoc</Parameter>
			<Parameter name="result" type="boolean" direction="out"/>
			<Condition format="java"><![CDATA[
				com.tibco.mdm.workflow.engine.transition.WfSharedConditionTransition.statusEqualsAccept(state, status);
            ]]></Condition>
		</Rule>
	</Transition>
	<Transition FromActivity="InternalEditMoveToNext" ToActivity="GetItemData2"/>
	<Transition FromActivity="CompareRecord2" ToActivity="InternalApprovalMoveToFirst"/>
	<Transition FromActivity="InternalApprovalMoveToFirst" ToActivity="InternalApprovalWorkItem"/>
	<Transition FromActivity="InternalApprovalWorkItem" ToActivity="InternalApprovalWorkItem">
		<Description>Test that all created approval workitems have been completed or someone has
            rejected workitem.</Description>
		<Rule>
			<Parameter name="wicreated" type="boolean" eval="variable" direction="in">approvalFlag</Parameter>
			<Parameter name="numberCreated" type="long" eval="variable" direction="in">NumberCreated</Parameter>
			<Parameter name="numberCompleted" type="long" eval="variable" direction="in">NumberCompleted</Parameter>
			<Parameter name="response" type="string" eval="xpath" source="/Message/Body/Document/BusinessDocument/CatalogAction/CatalogActionHeader/CatalogActionHeaderAck[last()]/AcknowledgmentCode/Code/Value/text()" direction="in">workDoc</Parameter>
			<Parameter name="result" type="boolean" direction="out"/>
			<Condition format="java"><![CDATA[
				com.tibco.mdm.workflow.engine.transition.WfSharedConditionTransition.responseDoesNotEqualReject(wicreated, numberCreated, numberCompleted, response);
            ]]></Condition>
		</Rule>
	</Transition>
	<Transition FromActivity="InternalApprovalWorkItem" ToActivity="InternalApprovalMoveToNext">
		<Description>Do the merge if the workitem was created</Description>
		<Rule>
			<Parameter name="workitemcreation" type="boolean" eval="variable" direction="in">approvalFlag</Parameter>
			<Parameter name="result" type="boolean" direction="out"/>
			<Condition format="java"><![CDATA[
				com.tibco.mdm.workflow.engine.transition.WfSharedConditionTransition.setToBoolean(workitemcreation);
            ]]></Condition>
		</Rule>
	</Transition>
	<Transition FromActivity="InternalApprovalWorkItem" ToActivity="UpdateRecordStateAsApproved"/>
	
	<Transition FromActivity="InternalApprovalMoveToNext" ToActivity="InternalApprovalWorkItem">
		<Description>If not done, loop</Description>
		<Rule>
			<Parameter name="state" type="string" eval="variable" direction="in">InternalApprovalNextState</Parameter>
			<Parameter name="status" type="string" eval="xpath" source="/Message/Body/Document/BusinessDocument/CatalogAction/CatalogActionHeader/CatalogActionHeaderAck[last()]/AcknowledgmentCode/Code/Value/text()" direction="in">workDoc</Parameter>
			<Parameter name="result" type="boolean" direction="out"/>
			<Condition format="java"><![CDATA[
				com.tibco.mdm.workflow.engine.transition.WfSharedConditionTransition.statusEqualsAccept(state, status);
            ]]></Condition>
		</Rule>
	</Transition>
	<Transition FromActivity="InternalApprovalMoveToNext" ToActivity="UpdateRecordStateAsApproved">
		<Description>If accept, send catalog.</Description>
		<Rule>
			<Parameter name="status" type="string" eval="xpath" source="/Message/Body/Document/BusinessDocument/CatalogAction/CatalogActionHeader/CatalogActionHeaderAck[last()]/AcknowledgmentCode/Code/Value/text()" direction="in">workDoc</Parameter>
			<Parameter direction="in" name="inputParamString" eval="constant" type="string">Accept</Parameter>
			<Parameter name="result" type="boolean" direction="out"/>
			<Condition format="java"><![CDATA[
				com.tibco.mdm.workflow.engine.transition.WfSharedConditionTransition.isNullOrEqualsIgnoreCase(status, inputParamString);
            ]]></Condition>
		</Rule>
	</Transition>
	<!--====================================================
    == Continue Add Record Flow - Support For Conflict Handling Starts Here
    ======================================================-->
	<Transition FromActivity="UpdateRecordStateAsApproved" ToActivity="ConflictResolutionGoToFirstC">
		<Description>If conflict resolution is requried</Description>
		<Rule>
			<Parameter name="status" type="string" eval="variable" direction="in">commandStatus</Parameter>
			<Parameter direction="in" name="inputParamString" eval="constant" type="string">ConflictResolutionRequired</Parameter>
			<Parameter name="result" type="boolean" direction="out"/>
			<Condition format="java"><![CDATA[
				com.tibco.mdm.workflow.engine.transition.WfSharedConditionTransition.equalsIgnoreCase(status, inputParamString);
            ]]></Condition>
		</Rule>
	</Transition>
	<Transition FromActivity="UpdateRecordStateAsApproved" ToActivity="CheckRecordState"/>
	<Transition FromActivity="ConflictResolutionGoToFirstC" ToActivity="ConflictResolutionWIC">
		<Description>Go to workitem only if participantIds exist.</Description>
		<Rule>
			<Parameter name="result" type="boolean" direction="out"/>
			<Parameter direction="in" eval="rule" source="Conflict Resolution" type="arraylist" name="ParticipantID">workDoc</Parameter>
			<Condition format="java"><![CDATA[
				com.tibco.mdm.workflow.engine.transition.WfSharedConditionTransition.isNotNull(ParticipantID);
            ]]></Condition>
		</Rule>
	</Transition>
	<Transition FromActivity="ConflictResolutionGoToFirstC" ToActivity="UpdateRecordStateAsApprovedOR"/>
	<Transition FromActivity="ConflictResolutionWIC" ToActivity="ConflictResolutionWIC">
		<Description>Test that all created modify approval workitems have been completed or someone
            has rejected workitem.</Description>
		<Rule>
			<Parameter name="wicreated" type="boolean" eval="variable" direction="in">approvalFlag</Parameter>
			<Parameter name="numberCreated" type="long" eval="variable" direction="in">NumberCreated</Parameter>
			<Parameter name="numberCompleted" type="long" eval="variable" direction="in">NumberCompleted</Parameter>
			<Parameter name="response" type="string" eval="xpath" source="/Message/Body/Document/BusinessDocument/CatalogAction/CatalogActionHeader/CatalogActionHeaderAck[last()]/AcknowledgmentCode/Code/Value/text()" direction="in">workDoc</Parameter>
			<Parameter name="result" type="boolean" direction="out"/>
			<Condition format="java"><![CDATA[
				com.tibco.mdm.workflow.engine.transition.WfSharedConditionTransition.responseDoesNotEqualReject(wicreated, numberCreated, numberCompleted, response);
            ]]></Condition>
		</Rule>
	</Transition>
	<Transition FromActivity="ConflictResolutionWIC" ToActivity="ConflictResolutionGoToNextC">
		<Description>Do the merge if the workitem was created</Description>
		<Rule>
			<Parameter name="workitemcreation" type="boolean" eval="variable" direction="in">approvalFlag</Parameter>
			<Parameter name="result" type="boolean" direction="out"/>
			<Condition format="java"><![CDATA[
				com.tibco.mdm.workflow.engine.transition.WfSharedConditionTransition.setToBoolean(workitemcreation);
            ]]></Condition>
		</Rule>
	</Transition>
	<Transition FromActivity="ConflictResolutionWIC" ToActivity="CheckRecordState"/>
	<Transition FromActivity="ConflictResolutionGoToNextC" ToActivity="ConflictResolutionWIC">
		<Description>If not done, loop</Description>
		<Rule>
			<Parameter name="state" type="string" eval="variable" direction="in">ConflictResolutionNextState</Parameter>
			<Parameter name="status" type="string" eval="xpath" source="/Message/Body/Document/BusinessDocument/CatalogAction/CatalogActionHeader/CatalogActionHeaderAck[last()]/AcknowledgmentCode/Code/Value/text()" direction="in">workDoc</Parameter>
			<Parameter name="result" type="boolean" direction="out"/>
			<Condition format="java"><![CDATA[
				com.tibco.mdm.workflow.engine.transition.WfSharedConditionTransition.statusEqualsAccept(state, status);
            ]]></Condition>
		</Rule>
	</Transition>
	<Transition FromActivity="ConflictResolutionGoToNextC" ToActivity="UpdateRecordStateAsApprovedOR"/>
	<Transition FromActivity="UpdateRecordStateAsApprovedOR" ToActivity="CheckRecordState"/>
	<Transition FromActivity="CheckRecordState" ToActivity="JoinExistingWorkflow">
		<Description>If record in workflow, then Join Existing Workflow</Description>
		<Rule>
			<Parameter name="outRC" type="recordlist" eval="variable" direction="in">recordsInWorkflow</Parameter>
			<Parameter name="result" type="boolean" direction="out"/>
			<Condition format="java"><![CDATA[
				com.tibco.mdm.workflow.engine.transition.WfSharedConditionTransition.isNotNull(outRC);
            ]]></Condition>
		</Rule>
	</Transition>
	<Transition FromActivity="JoinExistingWorkflow" ToActivity="SetStatusToSuccess"/>
	<!-- =============================================================================================== -->
	<Transition FromActivity="CheckRecordState" ToActivity="InitiateSync">
		<Description>If software edition is GDSN then spawn for ApplySynchRuleBase and Spawn Publish Workflow. </Description>
		<Rule>
		<Parameter name="software_edition" type="string" eval="variable"  direction="in">SOFTWARE_EDITION</Parameter>
			<Parameter name="result" type="boolean" direction="out"/>
			<Condition format="java"><![CDATA[
				com.tibco.mdm.workflow.engine.transition.WfSharedConditionTransition.isGDSN_SoftwareEdition(software_edition);
            ]]></Condition>
		</Rule>
	</Transition>
	<!--===================================================
    == Continue Add Record Flow - Support For Conflict Handling Ends Here
    =====================================================-->
	<Transition FromActivity="InternalApprovalMoveToNext" ToActivity="UpdateRecordStateAsRejected">
		<Description>If reject</Description>
		<Rule>
			<Parameter name="status" type="string" eval="xpath" source="/Message/Body/Document/BusinessDocument/CatalogAction/CatalogActionHeader/CatalogActionHeaderAck[last()]/AcknowledgmentCode/Code/Value/text()" direction="in">workDoc</Parameter>
			<Parameter name="sendforcorrection" type="string" eval="xpath" source="/Message/Body/Document/BusinessDocument/CatalogAction/CatalogActionHeader/Extension[@name='SendForCorrection']/Value/text()" direction="in">workDoc</Parameter>
			<Parameter name="result" type="boolean" direction="out"/>
			<Condition format="java"><![CDATA[
				com.tibco.mdm.workflow.engine.transition.WfSharedConditionTransition.doesNotEqualsAcceptAndOptionIsNotTrue(status, sendforcorrection);
            ]]></Condition>
		</Rule>
	</Transition>
	<Transition FromActivity="InternalApprovalMoveToNext" ToActivity="TargetedRejectionMoveToFirst">
		<Description>If reject</Description>
		<Rule>
			<Parameter name="status" type="string" eval="xpath" source="/Message/Body/Document/BusinessDocument/CatalogAction/CatalogActionHeader/CatalogActionHeaderAck[last()]/AcknowledgmentCode/Code/Value/text()" direction="in">workDoc</Parameter>
			<Parameter name="sendforcorrection" type="string" eval="xpath" source="/Message/Body/Document/BusinessDocument/CatalogAction/CatalogActionHeader/Extension[@name='SendForCorrection']/Value/text()" direction="in">workDoc</Parameter>
			<Parameter name="result" type="boolean" direction="out"/>
			<Condition format="java"><![CDATA[
				com.tibco.mdm.workflow.engine.transition.WfSharedConditionTransition.doesNotEqualsAcceptAndOptionIsTrue(status, sendforcorrection);
            ]]></Condition>
		</Rule>
	</Transition>
	<Transition FromActivity="TargetedRejectionMoveToFirst" ToActivity="TargetedRejectionWorkItem"/>
	<Transition FromActivity="TargetedRejectionWorkItem" ToActivity="TargetedRejectionWorkItem">
		<Description>Test that all created rejection workitems have been completed </Description>
		<Rule>
			<Parameter name="wicreated" type="boolean" eval="variable" direction="in">correctionFlag</Parameter>
			<Parameter name="numberCreated" type="long" eval="variable" direction="in">NumberCreated</Parameter>
			<Parameter name="numberCompleted" type="long" eval="variable" direction="in">NumberCompleted</Parameter>
			<Parameter name="response" type="string" eval="xpath" source="/Message/Body/Document/BusinessDocument/CatalogAction/CatalogActionHeader/CatalogActionHeaderAck[last()]/AcknowledgmentCode/Code/Value/text()" direction="in">workDoc</Parameter>
			<Parameter name="result" type="boolean" direction="out"/>
			<Condition format="java"><![CDATA[
				com.tibco.mdm.workflow.engine.transition.WfSharedConditionTransition.responseDoesNotEqualReject(wicreated, numberCreated, numberCompleted, response);
            ]]></Condition>
		</Rule>
	</Transition>
	<Transition FromActivity="TargetedRejectionWorkItem" ToActivity="TargetedRejectionMoveToNext">
		<Description>Do the merge if the workitem was created</Description>
		<Rule>
			<Parameter name="workitemcreation" type="boolean" eval="variable" direction="in">correctionFlag</Parameter>
			<Parameter name="result" type="boolean" direction="out"/>
			<Condition format="java"><![CDATA[
				com.tibco.mdm.workflow.engine.transition.WfSharedConditionTransition.setToBoolean(workitemcreation);
            ]]></Condition>
		</Rule>
	</Transition>
	<Transition FromActivity="TargetedRejectionWorkItem" ToActivity="CompareRecord2"/>
	<Transition FromActivity="TargetedRejectionMoveToNext" ToActivity="TargetedRejectionWorkItem">
		<Description>If not done, loop</Description>
		<Rule>
			<Parameter name="state" type="string" eval="variable" direction="in">TargetedRejectionNextState</Parameter>
			<Parameter name="status" type="string" eval="xpath" source="/Message/Body/Document/BusinessDocument/CatalogAction/CatalogActionHeader/CatalogActionHeaderAck[last()]/AcknowledgmentCode/Code/Value/text()" direction="in">workDoc</Parameter>
			<Parameter name="result" type="boolean" direction="out"/>
			<Condition format="java"><![CDATA[
				com.tibco.mdm.workflow.engine.transition.WfSharedConditionTransition.statusEqualsAccept(state, status);
            ]]></Condition>
		</Rule>
	</Transition>
	<Transition FromActivity="TargetedRejectionMoveToNext" ToActivity="CompareRecord2"/>
	<Transition FromActivity="UpdateRecordStateAsRejected" ToActivity="InternalApprovalResultEmail"/>
	<Transition FromActivity="InternalApprovalRejectEmail" ToActivity="InternalEditWorkItem"/>
	<Transition FromActivity="UpdateRecordStateAsApproved" ToActivity="InternalApprovalResultEmail"/>
	<!-- Spawn workflows if approval was obtained. -->
	<Transition FromActivity="InternalApprovalResultEmail" ToActivity="InitiateSync">
		<Description lang="en">If accept, send catalog.</Description>
		<Rule>
			<Parameter name="status" type="string" eval="variable" direction="in">FormResult</Parameter>
			<Parameter direction="in" name="inputParamString" eval="constant" type="string">Accept</Parameter>
			<Parameter name="result" type="boolean" direction="out"/>
			<Condition format="java"><![CDATA[
				com.tibco.mdm.workflow.engine.transition.WfSharedConditionTransition.isNullOrEqualsIgnoreCase(status, inputParamString);
        ]]></Condition>
		</Rule>
	</Transition>	 
	<!-- If user did not approve of batch, all products are rejected. Send email and end the event -->
	
<Transition FromActivity="CheckRecordState" ToActivity="ManageProductRecordCollection">
	<Rule>
		<Parameter name="MasterCatalog" direction="in" type="string" eval="xpath" source="/Message/Body/Document/BusinessDocument/CatalogAction/CatalogActionHeader/MasterCatalog/RevisionID/BaseName/text()">inDoc</Parameter>
		<Parameter direction="in" name="inputParamString" eval="constant" type="string">PRODUCT</Parameter>
		<Parameter name="result" type="boolean" direction="out"/>
		<Condition format="java"><![CDATA[
							com.tibco.mdm.workflow.engine.transition.WfSharedConditionTransition.equalsIgnoreCase(MasterCatalog, inputParamString);
				]]></Condition>
	</Rule>
	</Transition>

<Transition FromActivity="CheckRecordState" ToActivity="ManageCustomerRecordCollection">
	<Rule>
		<Parameter name="MasterCatalog" direction="in" type="string" eval="xpath" source="/Message/Body/Document/BusinessDocument/CatalogAction/CatalogActionHeader/MasterCatalog/RevisionID/BaseName/text()">inDoc</Parameter>
		<Parameter direction="in" name="inputParamString" eval="constant" type="string">PARTY</Parameter>
		<Parameter name="result" type="boolean" direction="out"/>
		<Condition format="java"><![CDATA[
							com.tibco.mdm.workflow.engine.transition.WfSharedConditionTransition.equalsIgnoreCase(MasterCatalog, inputParamString);
				]]></Condition>
	</Rule>
</Transition>

<Transition FromActivity="CheckRecordState" ToActivity="ManageSegmentRecordCollection">
	<Rule>
		<Parameter name="MasterCatalog" direction="in" type="string" eval="xpath" source="/Message/Body/Document/BusinessDocument/CatalogAction/CatalogActionHeader/MasterCatalog/RevisionID/BaseName/text()">inDoc</Parameter>
		<Parameter direction="in" name="inputParamString" eval="constant" type="string">SEGMENT</Parameter>
		<Parameter name="result" type="boolean" direction="out"/>
		<Condition format="java"><![CDATA[
							com.tibco.mdm.workflow.engine.transition.WfSharedConditionTransition.equalsIgnoreCase(MasterCatalog, inputParamString);
				]]></Condition>
	</Rule>
</Transition>

<Transition FromActivity="CheckRecordState" ToActivity="ManagePlanFragmentRecordCollection">
	<Rule>
		<Parameter name="MasterCatalog" direction="in" type="string" eval="xpath" source="/Message/Body/Document/BusinessDocument/CatalogAction/CatalogActionHeader/MasterCatalog/RevisionID/BaseName/text()">inDoc</Parameter>
		<Parameter direction="in" name="inputParamString" eval="constant" type="string">PLANFRAGMENT</Parameter>
		<Parameter name="result" type="boolean" direction="out"/>
		<Condition format="java"><![CDATA[
							com.tibco.mdm.workflow.engine.transition.WfSharedConditionTransition.equalsIgnoreCase(MasterCatalog, inputParamString);
				]]></Condition>
	</Rule>
</Transition>


<!---            CUSTOMER MODEL        -->

<Transition FromActivity="ManageCustomerRecordCollection" ToActivity="PublishAddCustomerData">
	<Description>Use Modification Forms if action is Modify.</Description>
			<Rule>
				<Parameter name="action" type="string" eval="xpath" source="/Message/Body/Document/BusinessDocument/CatalogAction/CatalogActionDetails/CatalogItem[LineNumber=1]/ActionCode/Code/Normal/text()" direction="in">workDoc</Parameter>
				<Parameter direction="in" name="inputParamString" eval="constant" type="string">AddProduct</Parameter>
				<Parameter name="result" type="boolean" direction="out"/>
				<Condition format="java"><![CDATA[
					com.tibco.mdm.workflow.engine.transition.WfSharedConditionTransition.equalsIgnoreCase(action, inputParamString);
				]]></Condition>
			</Rule>
</Transition>


<!---            PRODUCT MODEL        -->

<Transition FromActivity="ManageProductRecordCollection" ToActivity="PublishAddProductData">
	<Description>Use Modification Forms if action is Modify.</Description>
			<Rule>
				<Parameter name="action" type="string" eval="xpath" source="/Message/Body/Document/BusinessDocument/CatalogAction/CatalogActionDetails/CatalogItem[LineNumber=1]/ActionCode/Code/Normal/text()" direction="in">workDoc</Parameter>
				<Parameter direction="in" name="inputParamString" eval="constant" type="string">AddProduct</Parameter>
				<Parameter name="result" type="boolean" direction="out"/>
				<Condition format="java"><![CDATA[
					com.tibco.mdm.workflow.engine.transition.WfSharedConditionTransition.equalsIgnoreCase(action, inputParamString);
				]]></Condition>
			</Rule>
</Transition>


<!---            SEGMENT MODEL        -->

<Transition FromActivity="ManageSegmentRecordCollection" ToActivity="PublishAddSegmentData">
	<Description>Use Modification Forms if action is Modify.</Description>
			<Rule>
				<Parameter name="action" type="string" eval="xpath" source="/Message/Body/Document/BusinessDocument/CatalogAction/CatalogActionDetails/CatalogItem[LineNumber=1]/ActionCode/Code/Normal/text()" direction="in">workDoc</Parameter>
				<Parameter direction="in" name="inputParamString" eval="constant" type="string">AddProduct</Parameter>
				<Parameter name="result" type="boolean" direction="out"/>
				<Condition format="java"><![CDATA[
					com.tibco.mdm.workflow.engine.transition.WfSharedConditionTransition.equalsIgnoreCase(action, inputParamString);
				]]></Condition>
			</Rule>
</Transition>


<!---            PLANFRAGMENT MODEL        -->

<Transition FromActivity="ManagePlanFragmentRecordCollection" ToActivity="PublishAddPlanFragmentData">
	<Description>Use Modification Forms if action is Modify.</Description>
			<Rule>
				<Parameter name="action" type="string" eval="xpath" source="/Message/Body/Document/BusinessDocument/CatalogAction/CatalogActionDetails/CatalogItem[LineNumber=1]/ActionCode/Code/Normal/text()" direction="in">workDoc</Parameter>
				<Parameter direction="in" name="inputParamString" eval="constant" type="string">AddProduct</Parameter>
				<Parameter name="result" type="boolean" direction="out"/>
				<Condition format="java"><![CDATA[
					com.tibco.mdm.workflow.engine.transition.WfSharedConditionTransition.equalsIgnoreCase(action, inputParamString);
				]]></Condition>
			</Rule>
</Transition>

	<Transition FromActivity="PublishAddProductData" ToActivity="SetStatusToSuccess"/>
	<Transition FromActivity="PublishAddCustomerData" ToActivity="SetStatusToSuccess"/>
	<Transition FromActivity="PublishAddSegmentData" ToActivity="SetStatusToSuccess"/>
	<Transition FromActivity="PublishAddPlanFragmentData" ToActivity="SetStatusToSuccess"/>
	
	<Transition FromActivity="CheckRecordState" ToActivity="SetStatusToSuccess"/>
 	<Transition FromActivity="InternalApprovalResultEmail" ToActivity="SetStatusToSuccess"/>
 	<Transition type="timeout" FromActivity="InternalEditWorkItem" ToActivity="SendTimeOutEmailForEditWorkItem"/>
	<Transition FromActivity="SendTimeOutEmailForEditWorkItem" ToActivity="SetStatusToTimedout"/>
	<Transition type="timeout" FromActivity="InternalApprovalWorkItem" ToActivity="SendTimeOutEmailForApprovalWorkItem"/>
	<Transition FromActivity="SendTimeOutEmailForApprovalWorkItem" ToActivity="SetStatusToTimedout"/>
	<Transition type="timeout" FromActivity="TargetedRejectionWorkItem" ToActivity="SendTimeOutEmailForTargetedRejectionWorkItem"/>
	<Transition FromActivity="SendTimeOutEmailForTargetedRejectionWorkItem" ToActivity="SetStatusToTimedout"/>
	<Transition type="error" FromActivity="Any" ToActivity="RejectDueToWorkflowError"/>
	<Transition FromActivity="RejectDueToWorkflowError" ToActivity="SetStatusToError"/>
</Workflow>
<!-- Copyright (c) 2018-2018 TIBCO Software Inc. All Rights Reserved. Confidential & Proprietary. -->