<?xml version="1.0"?>
<!--  
    $Revision: 70941 $

    Route  the Product Edit to approvers and data custodiansl.
    There are 2 steps in this workflow
    1. InternalApproval - uses 'Record Edit Approval' to identify approvers
    2. TargetedRejection - If there are any rejections then send it back to data custodians , identified by 'Data Custodian' rules
    3. Added SpawnWorkflow activity for V2V - to publish the record to velosel datapool.
-->
<Workflow Version="1.3" xmlns:xsi="http://www.w3.org/2001/XMLSchema-instance"  xsi:noNamespaceSchemaLocation="Workflow.xsd">
	<Owner>TIBCO</Owner>
	<Name>wfin26intiateaffwf</Name>
	<Description>Process to publish product model </Description>
	<Parameter direction="in" name="inDoc" description="Free form workflow description" type="document" eval="variable">1</Parameter>
	<!--Parameter direction="in" name="MasterCatalog_ActiveCat" description="Free form workflow description" type="string" eval="variable"></Parameter-->
	
	<Activity Name="AddMsgInfoToEvent">
		<Start/>
		<Action>UpdateEvent</Action>
		<Description>Set the event state</Description>
		<Execution>SYNCHR</Execution>
		<Parameter direction="in" name="eventDescriptor" eval="constant" type="string">BULKMODELPUBLISH</Parameter>
	</Activity>

	<Activity Name="SelectModel">
		
		<Action>NoOperation</Action>
		<Execution>SYNCHR</Execution>
		<Parameter direction="in" name="InDocument" type="document" eval="variable">inDoc</Parameter>		
		<Parameter direction="out" eval="variable" type="document" name="OutDocument">workDoc</Parameter>
	</Activity>
	
	<Activity Name="ProductModelSubset">
		
		<Action>EvaluateSubset</Action>
		<Description lang="en">Apply subset on Product Model Data</Description>
		
		<Parameter direction="in" type="string" eval="constant" name="eventState">SUBSET</Parameter>
		<Parameter direction="in" name="InDocument" type="document" eval="variable">inDoc</Parameter>
		<Parameter direction="in" eval="xpath" type="string" name="MasterCatalog" source="/Message/Body/Document/BusinessDocument/CatalogAction/CatalogActionHeader/MasterCatalog/RevisionID/BaseName/text()">inDoc</Parameter>
		<!--Parameter direction="in" eval="xpath" type="string" name="MasterCatalogActiveCat" source="/Message/Body/Document/BusinessDocument/CatalogAction/CatalogActionHeader/MasterCatalog/RevisionID/BaseName/text()">inDoc</Parameter-->
		
		<Parameter direction="in" name="RelationshipName" type="string" eval="constant">CompatibleParty</Parameter>
        <Parameter direction="in" name="RelationshipName1" type="string" eval="constant">ProductComprisedOf</Parameter>
        <Parameter direction="in" name="RelationshipName2" type="string" eval="constant">Characteristic</Parameter>
		<!--Parameter direction="in" name="RelationshipName3" type="string" eval="constant">InputCharacteristic</Parameter-->
        <Parameter direction="in" name="RelationshipName3" type="string" eval="constant">CompatibleProduct</Parameter>
		<Parameter direction="in" name="RelationshipName4" type="string" eval="constant">IncompatibleProduct</Parameter>
        <Parameter direction="in" name="RelationshipName5" type="string" eval="constant">CompatibleSegment</Parameter>
        <Parameter direction="in" name="RelationshipName6" type="string" eval="constant">IncompatibleSegment</Parameter>
		<Parameter direction="in" name="RelationshipName7" type="string" eval="constant">CompatibleCharacteristic</Parameter>
		<Parameter direction="in" name="RelationshipName8" type="string" eval="constant">IncompatibleCharacteristic</Parameter>		
        <Parameter direction="in" name="RelationshipName9" type="string" eval="constant">IncompatibleParty</Parameter>
        <Parameter direction="in" name="RelationshipName10" type="string" eval="constant">ProductPricedBy</Parameter>
		<Parameter direction="in" name="RelationshipName11" type="string" eval="constant">ProductRequiredFor</Parameter>
		<Parameter direction="in" name="RelationshipName12" type="string" eval="constant">ProductHasProvidePlanFragment</Parameter>
		<Parameter direction="in" name="RelationshipName13" type="string" eval="constant">ProductHasUpdatePlanFragment</Parameter>
		<Parameter direction="in" name="RelationshipName14" type="string" eval="constant">ProductHasCeasePlanFragment</Parameter>
		<Parameter direction="in" name="RelationshipName15" type="string" eval="constant">ProductHasCancelPlanFragment</Parameter>
		<Parameter direction="in" name="RelationshipName16" type="string" eval="constant">PlanFragmentHasMilestone</Parameter>
		<Parameter direction="in" name="RelationshipName17" type="string" eval="constant">MilestoneDependsOn</Parameter>
		<Parameter direction="in" name="RelationshipName18" type="string" eval="constant">PriceRequiresSegment</Parameter>
		<!-- Pass relationship name to publish more than once level data -->
		<Parameter direction="in" name="RelationshipName19" type="string" eval="constant">PriceAlteredByDiscount</Parameter>
		<Parameter direction="in" name="RelationshipName20" type="string" eval="constant">DiscountRequiresProduct</Parameter>
		<Parameter direction="in" name="VersionOption" type="string" eval="constant">CONFIRMED</Parameter> 
		<Parameter direction="out" name="OutRecordList" type="recordlist" eval="variable">workRecord_List</Parameter>
		<Parameter direction="out" name="RecordsProcessed" type="long" eval="variable">recordsProcessed</Parameter>

      </Activity>

	  <Activity Name="CustomerModelSubset">
		
		<Action>EvaluateSubset</Action>
		<Description lang="en">Apply subset on Customer Model Data</Description>
		
		<Parameter direction="in" type="string" eval="constant" name="eventState">SUBSET</Parameter>
		<Parameter direction="in" name="InDocument" type="document" eval="variable">inDoc</Parameter>
		<Parameter direction="in" eval="xpath" type="string" name="MasterCatalog" source="/Message/Body/Document/BusinessDocument/CatalogAction/CatalogActionHeader/MasterCatalog/RevisionID/BaseName/text()">inDoc</Parameter>
		<!--Parameter direction="in" eval="xpath" type="string" name="MasterCatalogActiveCat" source="/Message/Body/Document/BusinessDocument/CatalogAction/CatalogActionHeader/MasterCatalog/RevisionID/BaseName/text()">inDoc</Parameter-->
		<Parameter direction="in" name="VersionOption" type="string" eval="constant">CONFIRMED</Parameter>
		<Parameter direction="out" name="OutRecordList" type="recordlist" eval="variable">workRecord_List</Parameter>
		<Parameter direction="out" name="RecordsProcessed" type="long" eval="variable">recordsProcessed</Parameter>

      </Activity>

	  <Activity Name="SegmentModelSubset">
		
		<Action>EvaluateSubset</Action>
		<Description lang="en">Apply subset on Segment Model Data</Description>
		
		<Parameter direction="in" type="string" eval="constant" name="eventState">SUBSET</Parameter>
		<Parameter direction="in" name="InDocument" type="document" eval="variable">inDoc</Parameter>
		<Parameter direction="in" eval="xpath" type="string" name="MasterCatalog" source="/Message/Body/Document/BusinessDocument/CatalogAction/CatalogActionHeader/MasterCatalog/RevisionID/BaseName/text()">inDoc</Parameter>
		<!--Parameter direction="in" eval="xpath" type="string" name="MasterCatalogActiveCat" source="/Message/Body/Document/BusinessDocument/CatalogAction/CatalogActionHeader/MasterCatalog/RevisionID/BaseName/text()">inDoc</Parameter-->
		<Parameter direction="in" name="VersionOption" type="string" eval="constant">CONFIRMED</Parameter>
		<Parameter direction="out" name="OutRecordList" type="recordlist" eval="variable">workRecord_List</Parameter>
		<Parameter direction="out" name="RecordsProcessed" type="long" eval="variable">recordsProcessed</Parameter>

      </Activity>

	  <Activity Name="PlanFragmentModelSubset">
		
		<Action>EvaluateSubset</Action>
		<Description lang="en">Apply subset on Plan Fragment Model Data</Description>
		
		<Parameter direction="in" type="string" eval="constant" name="eventState">SUBSET</Parameter>
		<Parameter direction="in" name="InDocument" type="document" eval="variable">inDoc</Parameter>
		<Parameter direction="in" eval="xpath" type="string" name="MasterCatalog" source="/Message/Body/Document/BusinessDocument/CatalogAction/CatalogActionHeader/MasterCatalog/RevisionID/BaseName/text()">inDoc</Parameter>
		<Parameter direction="in" name="RelationshipName" type="string" eval="constant">PlanfragmentHasMilestone</Parameter>
		<Parameter direction="in" name="RelationshipName1" type="string" eval="constant">MilestoneToMilestone</Parameter>
		<Parameter direction="in" name="VersionOption" type="string" eval="constant">CONFIRMED</Parameter>
		<Parameter direction="out" name="OutRecordList" type="recordlist" eval="variable">workRecord_List</Parameter>
		<Parameter direction="out" name="RecordsProcessed" type="long" eval="variable">recordsProcessed</Parameter>

      </Activity>

	   <Activity Name="ProcessProductSubsetData">
		<Action>ACModelPublish</Action>
		<Description>Processes Product Model subset data and publishes jms message on topic</Description>
		<Execution>SYNCHR</Execution>		
		<Parameter direction="in" name="InRecordList" type="recordlist" eval="variable">workRecord_List</Parameter>
		<Parameter direction="in" name="recordCount" type="long" eval="variable">recordsProcessed</Parameter>
		<Parameter direction="in" eval="constant" type="string" name="ProductModelMap">mpfromcatalogitemtobulkproductmodelv1.xsl</Parameter>
		
		<Parameter direction="in" name="RelationshipName" type="string" eval="constant">CompatibleParty</Parameter>
        <Parameter direction="in" name="RelationshipName1" type="string" eval="constant">ProductComprisedOf</Parameter>
        <Parameter direction="in" name="RelationshipName2" type="string" eval="constant">Characteristic</Parameter>
		<!--Parameter direction="in" name="RelationshipName3" type="string" eval="constant">InputCharacteristic</Parameter-->
        <Parameter direction="in" name="RelationshipName3" type="string" eval="constant">CompatibleProduct</Parameter>
		<Parameter direction="in" name="RelationshipName4" type="string" eval="constant">IncompatibleProduct</Parameter>
        <Parameter direction="in" name="RelationshipName5" type="string" eval="constant">CompatibleSegment</Parameter>
        <Parameter direction="in" name="RelationshipName6" type="string" eval="constant">IncompatibleSegment</Parameter>
		<Parameter direction="in" name="RelationshipName7" type="string" eval="constant">CompatibleCharacteristic</Parameter>
		<Parameter direction="in" name="RelationshipName8" type="string" eval="constant">IncompatibleCharacteristic</Parameter>		
        <Parameter direction="in" name="RelationshipName9" type="string" eval="constant">IncompatibleParty</Parameter>
        <Parameter direction="in" name="RelationshipName10" type="string" eval="constant">ProductPricedBy</Parameter>
		<Parameter direction="in" name="RelationshipName11" type="string" eval="constant">ProductRequiredFor</Parameter>
		<Parameter direction="in" name="RelationshipName12" type="string" eval="constant">ProductHasProvidePlanFragment</Parameter>
		<Parameter direction="in" name="RelationshipName13" type="string" eval="constant">ProductHasUpdatePlanFragment</Parameter>
		<Parameter direction="in" name="RelationshipName14" type="string" eval="constant">ProductHasCeasePlanFragment</Parameter>
		<Parameter direction="in" name="RelationshipName15" type="string" eval="constant">ProductHasCancelPlanFragment</Parameter>
		<Parameter direction="in" name="RelationshipName16" type="string" eval="constant">PlanFragmentHasMilestone</Parameter>
		<Parameter direction="in" name="RelationshipName17" type="string" eval="constant">MilestoneDependsOn</Parameter>
		<Parameter direction="in" name="RelationshipName18" type="string" eval="constant">PriceRequiresSegment</Parameter>
		<!-- Pass relationship name to publish more than once level data -->
		<Parameter direction="in" name="RelationshipName19" type="string" eval="constant">PriceAlteredByDiscount</Parameter>
		<Parameter direction="in" name="RelationshipName20" type="string" eval="constant">DiscountRequiresProduct</Parameter>
		
		<Parameter direction="in" name="ChildRelationshipName" type="string" eval="constant">ProductComprisedOf</Parameter>
        <Parameter direction="in" name="ChildRelationshipName1" type="string" eval="constant">CompatibleParty</Parameter>
        <Parameter direction="in" name="ChildRelationshipName2" type="string" eval="constant">Characteristic</Parameter>

		
		
		<Parameter direction="in" eval="constant" type="string" name="ProductModelBatchSize">1</Parameter>
		<Parameter direction="in" eval="constant" type="string" name="ProductModelCatName">MsgSeqProductModel</Parameter>
		<Parameter direction="in" type="string" eval="constant" name="publishAction">BULK</Parameter>
		<Parameter direction="in" eval="constant" type="string" name="connShareMode">1</Parameter>
		<Parameter direction="in" eval="constant" type="boolean" name="transacted">false</Parameter>
		<!--Parameter direction="in" eval="variable" type="string" name="MasterCatalog">MasterCatalog</Parameter-->
		<Parameter direction="in" eval="xpath" type="string" name="MasterCatalog" source="/Message/Body/Document/BusinessDocument/CatalogAction/CatalogActionHeader/MasterCatalog/RevisionID/BaseName/text()">inDoc</Parameter>
		<Parameter direction="in" name="Channel" type="string" eval="constant">JMS</Parameter>
		<Parameter direction="in" name="folderLocation" type="string" eval="constant">E:/ProductOffline1</Parameter>
		<Parameter direction="in" name="logRawModel" type="boolean" eval="constant">TRUE</Parameter>
		<Parameter direction="out" name="OutRecordList" type="recordlist" eval="variable">productmodelprocessed</Parameter>	
	   </Activity>

	   <Activity Name="ProcessCustomerSubsetData">
		<Action>ACModelPublish</Action>
		<Description>Processes Customer Model subset data and publishes jms message on topic</Description>
		<Execution>SYNCHR</Execution>		
		<Parameter direction="in" name="InRecordList" type="recordlist" eval="variable">workRecord_List</Parameter>
		<Parameter direction="in" name="recordCount" type="long" eval="variable">recordsProcessed</Parameter>
		<Parameter direction="in" eval="constant" type="string" name="CustomerModelMap">mpfromcatalogitemtobulkcustomermodelv1.xsl</Parameter>
		<Parameter direction="in" name="ChildRelationshipName" type="string" eval="constant">DataForParty</Parameter>
		<Parameter direction="in" name="ChildRelationshipName1" type="string" eval="constant">PartyHasData</Parameter>
		<Parameter direction="in" name="ChildRelationshipName2" type="string" eval="constant">PartyHasSegment</Parameter>
		<Parameter direction="in" name="ChildRelationshipName3" type="string" eval="constant">CompatibleProductForParty</Parameter>
		<Parameter direction="in" name="ChildRelationshipName4" type="string" eval="constant">OrgIn</Parameter>
		<Parameter direction="in" name="ChildRelationshipName5" type="string" eval="constant">HasPeople</Parameter>
		<Parameter direction="in" eval="constant" type="string" name="CustomerModelBatchSize">25</Parameter>
		<Parameter direction="in" eval="constant" type="string" name="CustomerModelCatName">MsgSeqCustomerModel</Parameter>
		<Parameter direction="in" type="string" eval="constant" name="publishAction">BULK</Parameter>
		<Parameter direction="in" eval="constant" type="string" name="connShareMode">1</Parameter>
		<Parameter direction="in" eval="constant" type="boolean" name="transacted">false</Parameter>
		<!--Parameter direction="in" eval="variable" type="string" name="MasterCatalog">MasterCatalog</Parameter-->
		<Parameter direction="in" eval="xpath" type="string" name="MasterCatalog" source="/Message/Body/Document/BusinessDocument/CatalogAction/CatalogActionHeader/MasterCatalog/RevisionID/BaseName/text()">inDoc</Parameter>
		<Parameter direction="in" name="Channel" type="string" eval="constant">JMS</Parameter>
		<Parameter direction="in" name="folderLocation" type="string" eval="constant">E:/customerOffline1</Parameter>
		<Parameter direction="in" name="logRawModel" type="boolean" eval="constant">TRUE</Parameter>
		<Parameter direction="out" name="OutRecordList" type="recordlist" eval="variable">productmodelprocessed</Parameter>	
	   </Activity>

	   <Activity Name="ProcessSegmentSubsetData">
		<Action>ACModelPublish</Action>
		<Description>Processes Segment Model subset data and publishes jms message on topic</Description>
		<Execution>SYNCHR</Execution>		
		<Parameter direction="in" name="InRecordList" type="recordlist" eval="variable">workRecord_List</Parameter>
		<Parameter direction="in" name="recordCount" type="long" eval="variable">recordsProcessed</Parameter>
		<Parameter direction="in" eval="constant" type="string" name="SegmentModelMap">mpfromcatalogitemtobulksegmentmodelv1.xsl</Parameter>
		<Parameter direction="in" eval="constant" type="string" name="SegmentModelBatchSize">25</Parameter>
		<Parameter direction="in" eval="constant" type="string" name="SegmentModelCatName">MsgSeqSegmentModel</Parameter>
		<Parameter direction="in" type="string" eval="constant" name="publishAction">BULK</Parameter>
		<Parameter direction="in" eval="constant" type="string" name="connShareMode">1</Parameter>
		<Parameter direction="in" eval="constant" type="boolean" name="transacted">false</Parameter>
		<!--Parameter direction="in" eval="variable" type="string" name="MasterCatalog">MasterCatalog</Parameter-->
		<Parameter direction="in" eval="xpath" type="string" name="MasterCatalog" source="/Message/Body/Document/BusinessDocument/CatalogAction/CatalogActionHeader/MasterCatalog/RevisionID/BaseName/text()">inDoc</Parameter>
		<Parameter direction="in" name="Channel" type="string" eval="constant">JMS</Parameter>
		<Parameter direction="in" name="folderLocation" type="string" eval="constant">E:/SegmentOffline</Parameter>
		<Parameter direction="in" name="logRawModel" type="boolean" eval="constant">TRUE</Parameter>
		<Parameter direction="out" name="OutRecordList" type="recordlist" eval="variable">productmodelprocessed</Parameter>	
	   </Activity>

	   <Activity Name="ProcessPlanFragmentSubsetData">
		<Action>ACModelPublish</Action>
		<Description>Processes Plan Fragment Model subset data and publishes jms message on topic</Description>
		<Execution>SYNCHR</Execution>		
		<Parameter direction="in" name="InRecordList" type="recordlist" eval="variable">workRecord_List</Parameter>
		<Parameter direction="in" name="recordCount" type="long" eval="variable">recordsProcessed</Parameter>
		<Parameter direction="in" eval="constant" type="string" name="PlanFragmentModelMap">mpfromcatalogitemtoplanfragmentmodelv1.xsl</Parameter>
		<Parameter direction="in" eval="constant" type="string" name="PlanFragmentModelBatchSize">25</Parameter>
		<Parameter direction="in" eval="constant" type="string" name="PlanFragmentModelCatName">MsgSeqPlanFragmentModel</Parameter>
		<Parameter direction="in" type="string" eval="constant" name="publishAction">BULK</Parameter>
		<Parameter direction="in" name="RelationshipName" type="string" eval="constant">PlanfragmentHasMilestone</Parameter>
		<Parameter direction="in" name="RelationshipName1" type="string" eval="constant">MilestoneToMilestone</Parameter>
		<Parameter direction="in" eval="constant" type="string" name="connShareMode">1</Parameter>
		<Parameter direction="in" eval="constant" type="boolean" name="transacted">false</Parameter>
		<Parameter direction="in" name="Channel" type="string" eval="constant">JMS</Parameter>
		<Parameter direction="in" name="folderLocation" type="string" eval="constant">E:/PlanFragment</Parameter>
		<Parameter direction="in" name="logRawModel" type="boolean" eval="constant">TRUE</Parameter>
		<Parameter direction="in" eval="xpath" type="string" name="MasterCatalog" source="/Message/Body/Document/BusinessDocument/CatalogAction/CatalogActionHeader/MasterCatalog/RevisionID/BaseName/text()">inDoc</Parameter>
		<Parameter direction="out" name="OutRecordList" type="recordlist" eval="variable">productmodelprocessed</Parameter>	
	   </Activity>

	   <Activity Name="SetStatusToSuccess">
			<Action>UpdateEvent</Action>
			<Description lang="en">Set the event status to Success/Done</Description>
			<Parameter direction="in" name="eventStatus" type="string" eval="constant">SUCCESS</Parameter>
			<Parameter direction="in" type="string" eval="constant" name="eventState">DONE</Parameter>
		</Activity>
		<Activity Name="SetStatusToError">
			<Action>UpdateEvent</Action>
			<Description lang="en">Set the event status to Error/Done</Description>
			<Parameter direction="in" name="eventStatus" type="string" eval="constant">ERROR</Parameter>
			<Parameter direction="in" type="string" eval="constant" name="eventState">DONE</Parameter>
		</Activity>
		
		<Activity Name="SetRepositoryInvalidError">
			<Action>UpdateEvent</Action>
			<Description lang="en">Repository is not valid</Description>
			<Parameter direction="in" name="eventStatus" type="string" eval="constant">ERROR</Parameter>
			<Parameter direction="in" type="string" eval="constant" name="eventState">DONE</Parameter>
		</Activity>

		<Activity Name="RejectDueToWorkflowError">
			<Action>Send</Action>
			<Description lang="en">Error occured during workflow processing</Description>
			<Execution>ASYNCHR</Execution>
			<Parameter direction="in" type="string" eval="constant" name="eventState">REJECTDUETOWFERROR</Parameter>
			<Parameter direction="in" eval="rule" source="Message or Workflow Completion" type="string" name="Protocol">inDoc</Parameter>
			<Parameter direction="in" eval="rule" source="Message or Workflow Completion" type="long" name="Address">inDoc</Parameter>
			<Parameter direction="in" name="Sender" type="string" eval="constant">support@tibco.com</Parameter>
			<Parameter direction="in" name="Presentation" type="string" eval="constant">com.tibco.mdm.ui.workflow.engine.emailtemplates.EmailUploadImportWorkflowError</Parameter>
			<Parameter direction="in" eval="constant" type="string" name="Form">standard/forms/fm26ca.xml</Parameter>
			<Parameter direction="in" type="document" eval="variable" name="InDocument">inDoc</Parameter>
		</Activity> 

		<!-- Based pn catalog name, below evalualte subset activity should be invoked -->
		<Transition FromActivity="AddMsgInfoToEvent" ToActivity="SelectModel"/>
		<Transition FromActivity="SelectModel" ToActivity="ProductModelSubset">
			<Rule>
				<Parameter name="MasterCatalog" direction="in" type="string" eval="xpath" source="/Message/Body/Document/BusinessDocument/CatalogAction/CatalogActionHeader/MasterCatalog/RevisionID/BaseName/text()">inDoc</Parameter>
				<Parameter direction="in" name="inputParamString" eval="constant" type="string">PRODUCT</Parameter>
				<Parameter name="result" type="boolean" direction="out"/>
				<Condition format="java"><![CDATA[
					com.tibco.mdm.workflow.engine.transition.WfSharedConditionTransition.equalsIgnoreCase(MasterCatalog, inputParamString);
						]]></Condition>
			</Rule>
		</Transition>

		<Transition FromActivity="SelectModel" ToActivity="CustomerModelSubset">
			<Rule>
				<Parameter name="MasterCatalog" direction="in" type="string" eval="xpath" source="/Message/Body/Document/BusinessDocument/CatalogAction/CatalogActionHeader/MasterCatalog/RevisionID/BaseName/text()">inDoc</Parameter>
				<Parameter direction="in" name="inputParamString" eval="constant" type="string">PARTY</Parameter>
				<Parameter name="result" type="boolean" direction="out"/>
				<Condition format="java"><![CDATA[
					com.tibco.mdm.workflow.engine.transition.WfSharedConditionTransition.equalsIgnoreCase(MasterCatalog, inputParamString);
						]]></Condition>
			</Rule>
		</Transition>

		<Transition FromActivity="SelectModel" ToActivity="SegmentModelSubset">
			<Rule>
				<Parameter name="MasterCatalog" direction="in" type="string" eval="xpath" source="/Message/Body/Document/BusinessDocument/CatalogAction/CatalogActionHeader/MasterCatalog/RevisionID/BaseName/text()">inDoc</Parameter>
				<Parameter direction="in" name="inputParamString" eval="constant" type="string">SEGMENT</Parameter>
				<Parameter name="result" type="boolean" direction="out"/>
				<Condition format="java"><![CDATA[
					com.tibco.mdm.workflow.engine.transition.WfSharedConditionTransition.equalsIgnoreCase(MasterCatalog, inputParamString);
						]]></Condition>
			</Rule>
		</Transition>

		<Transition FromActivity="SelectModel" ToActivity="PlanFragmentModelSubset">
			<Rule>
				<Parameter name="MasterCatalog" direction="in" type="string" eval="xpath" source="/Message/Body/Document/BusinessDocument/CatalogAction/CatalogActionHeader/MasterCatalog/RevisionID/BaseName/text()">inDoc</Parameter>
				<Parameter direction="in" name="inputParamString" eval="constant" type="string">PLANFRAGMENT</Parameter>
				<Parameter name="result" type="boolean" direction="out"/>
				<Condition format="java"><![CDATA[
					com.tibco.mdm.workflow.engine.transition.WfSharedConditionTransition.equalsIgnoreCase(MasterCatalog, inputParamString);
						]]></Condition>
			</Rule>
		</Transition>

	   <Transition FromActivity="ProductModelSubset" ToActivity="ProcessProductSubsetData">
			<Rule>
				<Parameter name="MasterCatalog" direction="in" type="string" eval="xpath" source="/Message/Body/Document/BusinessDocument/CatalogAction/CatalogActionHeader/MasterCatalog/RevisionID/BaseName/text()">inDoc</Parameter>
				<Parameter direction="in" name="inputParamString" eval="constant" type="string">PRODUCT</Parameter>
				<Parameter name="result" type="boolean" direction="out"/>
				<Condition format="java"><![CDATA[
					com.tibco.mdm.workflow.engine.transition.WfSharedConditionTransition.equalsIgnoreCase(MasterCatalog, inputParamString);
						]]></Condition>
			</Rule>
		</Transition>
		
		<Transition FromActivity="CustomerModelSubset" ToActivity="ProcessCustomerSubsetData">
			<Rule>
				<Parameter name="MasterCatalog" direction="in" type="string" eval="xpath" source="/Message/Body/Document/BusinessDocument/CatalogAction/CatalogActionHeader/MasterCatalog/RevisionID/BaseName/text()">inDoc</Parameter>
				<Parameter direction="in" name="inputParamString" eval="constant" type="string">PARTY</Parameter>
				<Parameter name="result" type="boolean" direction="out"/>
				<Condition format="java"><![CDATA[
					com.tibco.mdm.workflow.engine.transition.WfSharedConditionTransition.equalsIgnoreCase(MasterCatalog, inputParamString);
						]]></Condition>
			</Rule>
		</Transition>
		
		<Transition FromActivity="SegmentModelSubset" ToActivity="ProcessSegmentSubsetData">
			<Rule>
				<Parameter name="MasterCatalog" direction="in" type="string" eval="xpath" source="/Message/Body/Document/BusinessDocument/CatalogAction/CatalogActionHeader/MasterCatalog/RevisionID/BaseName/text()">inDoc</Parameter>
				<Parameter direction="in" name="inputParamString" eval="constant" type="string">SEGMENT</Parameter>
				<Parameter name="result" type="boolean" direction="out"/>
				<Condition format="java"><![CDATA[
					com.tibco.mdm.workflow.engine.transition.WfSharedConditionTransition.equalsIgnoreCase(MasterCatalog, inputParamString);
						]]></Condition>
			</Rule>
		</Transition>

		<Transition FromActivity="PlanFragmentModelSubset" ToActivity="ProcessPlanFragmentSubsetData">
			<Rule>
				<Parameter name="MasterCatalog" direction="in" type="string" eval="xpath" source="/Message/Body/Document/BusinessDocument/CatalogAction/CatalogActionHeader/MasterCatalog/RevisionID/BaseName/text()">inDoc</Parameter>
				<Parameter direction="in" name="inputParamString" eval="constant" type="string">PLANFRAGMENT</Parameter>
				<Parameter name="result" type="boolean" direction="out"/>
				<Condition format="java"><![CDATA[
					com.tibco.mdm.workflow.engine.transition.WfSharedConditionTransition.equalsIgnoreCase(MasterCatalog, inputParamString);
						]]></Condition>
			</Rule>
		</Transition>

		<Transition FromActivity="SelectModel" ToActivity="SetRepositoryInvalidError"/>

	   <Transition FromActivity="ProcessProductSubsetData" ToActivity="SetStatusToSuccess"/>
	   <Transition FromActivity="ProcessCustomerSubsetData" ToActivity="SetStatusToSuccess"/>
	   <Transition FromActivity="ProcessSegmentSubsetData" ToActivity="SetStatusToSuccess"/>
	   <Transition FromActivity="ProcessPlanFragmentSubsetData" ToActivity="SetStatusToSuccess"/>

	   <Transition type="error" FromActivity="Any" ToActivity="RejectDueToWorkflowError"/>
	   <Transition FromActivity="RejectDueToWorkflowError" ToActivity="SetStatusToError"/>
		

	  
	  
</Workflow>
<!-- Copyright (c) 2018-2018 TIBCO Software Inc. All Rights Reserved. Confidential & Proprietary. -->