<?xml version="1.0" encoding="UTF-8"?>
<rulebase metaversion="1.0">
<name>Catalog Validations</name>
<description>Catalog Validations</description>


<declare>
	<var>ACTION</var>
	<link type="catalog">
		<literal>ACTION</literal>
	</link>
</declare>

<constraint>
	<name>Start Date</name>
	<description>Validations against Start Date</description>
	<usefor>
		<var>EndDate</var>
	</usefor>
	<condition>
		<defined>
			<var>StartDate</var>
		</defined>
	</condition>
	<action>
		<check>
			<explanation>Start Date can not be greater than End Date
			</explanation>
			<geq>
			<var/>
			<var>StartDate</var>
			</geq>
		</check>
	</action>
</constraint>

<constraint>
	<name>RecordMinQty</name>
	<description>Validations against RecordMinQty</description>
	<usefor>
		<var>RecordMaxQty</var>
	</usefor>
	<condition>
		<defined>
			<var>RecordMinQty</var>
		</defined>
	</condition>
	<action>
		<check>
			<explanation>RecordMinQty can not be greater than RecordMaxQty
			</explanation>
			<geq>
			<var/>
			<var>RecordMinQty</var>
			</geq>
		</check>
	</action>
</constraint>

<constraint>
	<name>DropDownValidBooleanValue</name>
	<description>Valid value for boolean attributes</description>
	<usefor>
		<var>AutoProvision</var>
	</usefor>
	<action>
		<select novalue="default" showoninput="1">
			<enum header="no">
				<const type="string">true</const>
				<const type="string">false</const>
			</enum>
		</select>
	</action>
</constraint>

<constraint>
	<name>DropDownActionID</name>
	<description>Displays available ActionID for selection from ACTION repository</description>
	<usefor>
		<var>ActionID</var>
	</usefor>
	<action>
		<select novalue="default" showoninput="1">
			<table source="sql">
				<literal>ACTION/PRODUCTID</literal>
				<where type="SQL">
					<sql>
					<neq>
					<literal>ACTION/PRODUCTID</literal>
					<const type="string">FC_DUMMY_ACTION</const>
					</neq>
					</sql>
				</where>
			</table>
		</select>
	</action>
</constraint>

</rulebase>
<!-- Copyright (c) 2018-2018 TIBCO Software Inc. All Rights Reserved. Confidential & Proprietary. -->