<?xml version="1.0" encoding="UTF-8"?>
<rulebase metaversion="1.0">

<name>Catalog Validations</name>
<description>Catalog Validations</description>

<constraint>
		<name>Include importcatalog file</name>
		<description>Include catalogassignment and importcatalog</description>
		<action>
			<include>
				<literal>Rulebase</literal>
				<literal>#ENTERPRISENAME#/catalog/master/#CATALOGID#/importcatalog_RULECONDITION.xml</literal>
			</include>	
		</action>
	</constraint>

<constraint>
		<name>Include catalogassignment file</name>
		<description>Include catalogassignment file</description>
		<action>
			<include>
				<literal>Rulebase</literal>
				<literal>#ENTERPRISENAME#/catalog/master/#CATALOGID#/catalogassignment_RULECONDITION.xml</literal>				
			</include>
		</action>
	</constraint>
   
</rulebase>
<!-- Copyright (c) 2018-2018 TIBCO Software Inc. All Rights Reserved. Confidential & Proprietary. -->