<?xml version="1.0" encoding="UTF-8"?>
<rulebase metaversion="1.0">
<name>Catalog Validations RULECONDITION</name>
<description>Catalog Validations RULECONDITION</description>

<declare>
	<var>PROJECTTAG</var>
	<link type="catalog">
		<literal>PROJECTTAG</literal>
	</link>
</declare>

<constraint>
	<name>DropDownRecordType2</name>
	<description>Validations against RecordType</description>
	<usefor>
		<var>lifecyclestatus</var>
	</usefor>	
	<action>	
			<access mode="view"/>			
	</action>
</constraint>

<constraint>
	<name>Start Date</name>
	<description>Validations against Start Date</description>
	<usefor>
		<var>EndDate</var>
	</usefor>
	<condition>
		<defined>
			<var>StartDate</var>
		</defined>
	</condition>
	<action>
		<check>
			<explanation>Start Date can not be greater than End Date
			</explanation>
			<geq>
			<var/>
			<var>StartDate</var>
			</geq>
		</check>
	</action>
</constraint>
   
<constraint>
	<name>ProjectTag</name>
	<description>Displays available for Project Tag Name selection</description>
	<usefor>
		<var>ProjectTagName</var>
	</usefor>
	<action>
		<select novalue="no" order="1" showoninput="1">
			<table source="sql">
				<literal>PROJECTTAG/NAME</literal>
			</table>
		</select>
	</action>
</constraint>

<constraint>
	<name>DropDownImplementationType</name>
	<description>Validations against ImplementationType</description>
	<usefor>
		<var>ImplementationType</var>
	</usefor>
	<condition>
		<eq>
			<var>CATALOG_NAME</var>
			<const type="string">RULECONDITION</const>
		</eq>
	</condition>
	<action>
			   	<select novalue="default" showoninput="1">
  				<enum header="no">
					<const type="string">Segment</const>
					<const type="string">Inventory</const>
  				</enum>
     		</select>
	</action>
</constraint>

</rulebase>
<!-- Copyright (c) 2018-2018 TIBCO Software Inc. All Rights Reserved. Confidential & Proprietary. -->