<?xml version="1.0" encoding="UTF-8"?><Workflow xmlns:xsi="http://www.w3.org/2001/XMLSchema-instance" Version="1.3">
  <Owner>TIBCO</Owner>
  <Name>wfin26catsynchdbdumpv4</Name>
  <Description>Process extract repository data</Description>
  <Parameter name="inDoc" direction="in" type="document" eval="variable">1</Parameter>
  <Parameter name="inRL" direction="in" type="recordlist" eval="variable">2</Parameter>
  <Parameter name="outDoc1" direction="out" type="document" eval="variable"/>
  <!--CIM Activities-->
  <Activity Name="SubsetForDBDump">
    <Start/>
    <Action>EvaluateSubset</Action>
    <Description>Apply subset</Description>
    <Execution>SYNCHR</Execution>
    <Parameter name="eventState" direction="in" eval="constant" type="string">SUBSET</Parameter>
    <Parameter name="InDocument" direction="in" eval="variable" type="document">inDoc</Parameter>
    <Parameter name="VersionOption" direction="in" eval="constant" type="string">LATEST</Parameter>
    <!--Parameter name="Subset" direction="in" eval="constant" type="string">PX1</Parameter-->
    <!-- FEDOption: I - Include FED Records, O - Only FED Records, N - No FED Records -->
    <!--Parameter direction="in" name="FEDOption" eval="constant" type="string">N</Parameter-->    
    <Parameter name="OutRecordList" direction="out" eval="variable" type="recordlist">workRecordList</Parameter>
  </Activity>
  <Activity Name="EvaluateRuleBase">
		<Action>EvaluateRuleBase</Action>
		<Description lang="en">Apply validation rules</Description>
		<Parameter direction="in" type="string" eval="constant" name="eventState">EVALUATERULEBASE</Parameter>
		<!--        <Parameter direction="in" name="Rulebase" eval="catalog" type="string" source="TransformRuleBase">inDoc</Parameter> -->
		<Parameter direction="in" name="Rulebase" eval="constant" type="string">standard/rulebase/rbenterpriseexportrecordfilter.xml</Parameter>
		<!--Parameter direction="in" name="BundlePerAsyncCall" type="long" eval="constant">10</Parameter-->
		<!--Parameter direction="in" name="RecordPerAsyncCall" type="long" eval="constant">10</Parameter-->
		<!--Parameter direction="in" name="AsynProcessIndicator" type="boolean" eval="constant">true</Parameter-->
		<!--Parameter direction="in" name="RelationshipName" type="string" eval="constant">Contains</Parameter-->
		<Parameter direction="in" name="InDocument" type="document" eval="variable">inDoc</Parameter>
		<Parameter direction="in" name="InRecordList" type="recordlist" eval="variable">workRecordList</Parameter>
		<!-- Severity: Validations with severity < input Severity are considered Fatal errors.  The rest are considered Warnings. -->
		<Parameter direction="in" name="Severity" type="long" eval="constant">9</Parameter>
		<!--    RemoveRecord : NONE - Do NOT remove records with errors.  FATAL - Remove records with Fatal errors (see Severity)  -->
		<Parameter direction="in" name="RemoveRecord" type="string" eval="constant">FATAL</Parameter>
		<!-- SaveFlag indicates if any changes to attributes should be saved in the database. Values are: SAVE,NOSAVE -->
		<Parameter direction="in" name="SaveFlag" type="string" eval="constant">SAVE</Parameter>
		<!-- LogOption: A - AttributeLog, F - Log File -->
		<Parameter direction="in" name="LogOption" type="string" eval="constant">F</Parameter>
		<!-- Number of FATAL errors (see Severity) -->
		<Parameter direction="out" name="ValidationErrors" type="long" eval="variable">fatalErrors</Parameter>
		<!-- Number of Warnings (see Severity) -->
		<Parameter direction="out" name="ValidationErrors1" type="long" eval="variable">warningErrors</Parameter>
		<!-- OutRecordList - with Valid record bundles -->
		<Parameter direction="out" name="OutRecordList" type="recordlist" eval="variable">workRecordList</Parameter>
		<!-- OutRecordList2 - with Error record bundles -->
		<Parameter direction="out" name="OutRecordList2" type="recordlist" eval="variable">workRecordList1</Parameter>
	</Activity>
  <Activity Name="ExtractDB">
    <Action>ExtractDataToDelimitedFile</Action>
    <Description lang="en">Mark related records and write output in file</Description>
    <Parameter direction="in" type="string" eval="constant" name="eventState">GENERATEFILE</Parameter>
    <!--<Parameter direction="in" type="long" eval="constant" name="RelationshipDepth">10</Parameter>
    <Parameter direction="in" type="string" eval="constant" name="Delimiter">,</Parameter>
    <Parameter direction="in" type="string" eval="constant" name="TextQualifier">"</Parameter>
    <Parameter direction="in" type="string" eval="constant" name="DataFileExtension">csv</Parameter>
    <Parameter direction="in" type="string" eval="constant" name="DateFormat">yyyy-MM-dd</Parameter>
    <Parameter direction="in" type="boolean" eval="constant" name="DropTempTables">false</Parameter>-->
    <Parameter direction="in" name="InDocument" type="document" eval="variable">inDoc</Parameter>
    <Parameter direction="in" name="InRecordList" type="recordlist" eval="variable">workRecordList</Parameter>
    <Parameter direction="out" name="OutDocument" type="document" eval="variable">fileDoc</Parameter>
    </Activity>
  <Activity Name="SetStatusToSuccess">
    <Action>UpdateEvent</Action>
    <Description>Set the event state to Success/Done</Description>
    <Execution>SYNCHR</Execution>
    <Parameter name="eventStatus" direction="in" eval="constant" type="string">SUCCESS</Parameter>
    <Parameter name="eventState" direction="in" eval="constant" type="string">DONE</Parameter>
  </Activity>
  <Activity Name="SetStatusToError">
    <Action>UpdateEvent</Action>
    <Description>Set the event status to Error/Done</Description>
    <Execution>SYNCHR</Execution>
    <Parameter name="eventStatus" direction="in" eval="constant" type="string">ERROR</Parameter>
    <Parameter name="eventState" direction="in" eval="constant" type="string">DONE</Parameter>
  </Activity>
  <Activity Name="SetStatusToCancel">
    <Action>UpdateEvent</Action>
    <Description>Set the event status to Cancelled/Done</Description>
    <Execution>SYNCHR</Execution>
    <Parameter name="eventStatus" direction="in" eval="constant" type="string">CANCELLED</Parameter>
    <Parameter name="eventState" direction="in" eval="constant" type="string">DONE</Parameter>
  </Activity>
  <!--CIM Transitions-->
  <Transition FromActivity="SubsetForDBDump" ToActivity="EvaluateRuleBase"/>
  <Transition FromActivity="EvaluateRuleBase" ToActivity="ExtractDB"/>
  <Transition FromActivity="ExtractDB" ToActivity="SetStatusToSuccess"/>
  <Transition type="error" FromActivity="Any" ToActivity="SetStatusToError"/>
  <Transition type="cancel" FromActivity="Any" ToActivity="SetStatusToCancel"/>
</Workflow>
<!-- Copyright (c) 2018-2018 TIBCO Software Inc. All Rights Reserved. Confidential & Proprietary. -->