<Workflow Version="1.3" xsi:noNamespaceSchemaLocation="Workflow.xsd" xmlns:xsi="http://www.w3.org/2001/XMLSchema-instance">
	<Owner>TIBCO</Owner>
	<Name>wfin26enterprisedataexportv1</Name>
	<Description>Process to export enterprise data</Description>
	<Parameter direction="in" name="inDoc" description="Free form workflow description" type="document" eval="variable">1</Parameter>
	<!--Parameter direction="in" name="MasterCatalog_ActiveCat" description="Free form workflow description" type="string" eval="variable"></Parameter-->
	<Activity Name="AddMsgInfoToEvent">
      <Start/>
      <Action>UpdateEvent</Action>
      <Description>Set the event state</Description>
      <Execution>SYNCHR</Execution>
      <Parameter direction="in" name="eventDescriptor" eval="constant" type="string">ENTERPRISEDATAEXPORT</Parameter>
	</Activity>
	<Activity Name="SetParameters">
		<Action>FCNoOperation</Action>
		<Execution>SYNCHR</Execution>
		<Parameter direction="out" eval="variable" type="string" name="EnterpriseExportType">ExportType</Parameter>
		<Parameter direction="out" eval="variable" type="string" name="ProjectTags">Tags</Parameter>
		<Parameter direction="in" type="string" eval="constant" name="FeatureName">DataExport</Parameter>
		<Parameter direction="in" name="BackwardCompatibleCsv" type="boolean" eval="constant">false</Parameter>
	</Activity>
	<Activity Name="ComputeExportFileDirectory">
		<Action>InterpretCommand</Action>
		<Description lang="en">Determine the directory to store the export file</Description>
		
		<!-- If triggering this workflow from outside, change the eval from variable to constant, change the direction from out to in, remove the script and provide a valid absolute directory path. 
		This path is where zip would be generated. The directory specified here should be located on CIM server and should have write permission-->
		<Parameter direction="out" name="TempFilePath" type="string" eval="variable">TempFilePath</Parameter>
		<Script format="bsh"><![CDATA[
				java.lang.String TempFilePath = com.tibco.ac.util.ActiveCatalogUtility.createTempFilePath("EnterpriseDataExport");
		]]></Script>
	</Activity>
	<Activity Name="SpawnSubWorkFlow_PRODUCT">
		<Action>InitiateSubFlow</Action>
		<Description>Spawn the subworkflow for PRODUCT repository</Description>
		<Execution>SYNCHR</Execution>
		<Parameter direction="in" type="string" eval="constant" name="eventState">SPAWNWORKFLOW</Parameter>
		<Parameter direction="in" type="string" eval="constant" name="ProcessID">standard/workflow/wfin26enterprisedataexportsubflowv1</Parameter>
		<Parameter direction="in" type="document" eval="variable" name="InDocument">inDoc</Parameter>
		<Parameter name="RepositoryName" direction="in" eval="constant" type="string">PRODUCT</Parameter>
		<Parameter direction="in" eval="variable" type="string" name="ProjectTagNames">ProjectTags</Parameter>
		<Parameter direction="in" eval="variable" type="string" name="FolderPath">TempFilePath</Parameter>
		<Parameter direction="in" eval="variable" type="boolean" name="FCBackwardCompatible">BackwardCompatibleCsv</Parameter>
		<Parameter name="OutDocument" direction="out" eval="variable" type="document">inDoc</Parameter>
	</Activity>
	<Activity Name="SpawnSubWorkFlow_ACTION">
		<Action>InitiateSubFlow</Action>
		<Description>Spawn the subworkflow for ACTION repository</Description>
		<Execution>SYNCHR</Execution>
		<Parameter direction="in" type="string" eval="constant" name="eventState">SPAWNWORKFLOW</Parameter>
		<Parameter direction="in" type="string" eval="constant" name="ProcessID">standard/workflow/wfin26enterprisedataexportsubflowv1</Parameter>
		<Parameter direction="in" type="document" eval="variable" name="InDocument">inDoc</Parameter>
		<Parameter name="RepositoryName" direction="in" eval="constant" type="string">ACTION</Parameter>
		<Parameter direction="in" eval="variable" type="string" name="ProjectTagNames">ProjectTags</Parameter>
		<Parameter direction="in" eval="variable" type="string" name="FolderPath">TempFilePath</Parameter>
		<Parameter direction="in" eval="variable" type="boolean" name="FCBackwardCompatible">BackwardCompatibleCsv</Parameter>
		<Parameter name="OutDocument" direction="out" eval="variable" type="document">inDoc</Parameter>
	</Activity>
	<Activity Name="SpawnSubWorkFlow_ALLOWANCE">
		<Action>InitiateSubFlow</Action>
		<Description>Spawn the subworkflow for ALLOWANCE repository</Description>
		<Execution>SYNCHR</Execution>
		<Parameter direction="in" type="string" eval="constant" name="eventState">SPAWNWORKFLOW</Parameter>
		<Parameter direction="in" type="string" eval="constant" name="ProcessID">standard/workflow/wfin26enterprisedataexportsubflowv1</Parameter>
		<Parameter direction="in" type="document" eval="variable" name="InDocument">inDoc</Parameter>
		<Parameter name="RepositoryName" direction="in" eval="constant" type="string">ALLOWANCE</Parameter>
		<Parameter direction="in" eval="variable" type="string" name="ProjectTagNames">ProjectTags</Parameter>
		<Parameter direction="in" eval="variable" type="string" name="FolderPath">TempFilePath</Parameter>
		<Parameter direction="in" eval="variable" type="boolean" name="FCBackwardCompatible">BackwardCompatibleCsv</Parameter>
		<Parameter name="OutDocument" direction="out" eval="variable" type="document">inDoc</Parameter>
	</Activity>
	<Activity Name="SpawnSubWorkFlow_DISCOUNT">
		<Action>InitiateSubFlow</Action>
		<Description>Spawn the subworkflow for DISCOUNT repository</Description>
		<Execution>SYNCHR</Execution>
		<Parameter direction="in" type="string" eval="constant" name="eventState">SPAWNWORKFLOW</Parameter>
		<Parameter direction="in" type="string" eval="constant" name="ProcessID">standard/workflow/wfin26enterprisedataexportsubflowv1</Parameter>
		<Parameter direction="in" type="document" eval="variable" name="InDocument">inDoc</Parameter>
		<Parameter name="RepositoryName" direction="in" eval="constant" type="string">DISCOUNT</Parameter>
		<Parameter direction="in" eval="variable" type="string" name="ProjectTagNames">ProjectTags</Parameter>
		<Parameter direction="in" eval="variable" type="string" name="FolderPath">TempFilePath</Parameter>
		<Parameter direction="in" eval="variable" type="boolean" name="FCBackwardCompatible">BackwardCompatibleCsv</Parameter>
		<Parameter name="OutDocument" direction="out" eval="variable" type="document">inDoc</Parameter>
	</Activity>
	<Activity Name="SpawnSubWorkFlow_POLICYRULE">
		<Action>InitiateSubFlow</Action>
		<Description>Spawn the subworkflow for POLICYRULE repository</Description>
		<Execution>SYNCHR</Execution>
		<Parameter direction="in" type="string" eval="constant" name="eventState">SPAWNWORKFLOW</Parameter>
		<Parameter direction="in" type="string" eval="constant" name="ProcessID">standard/workflow/wfin26enterprisedataexportsubflowv1</Parameter>
		<Parameter direction="in" type="document" eval="variable" name="InDocument">inDoc</Parameter>
		<Parameter name="RepositoryName" direction="in" eval="constant" type="string">POLICYRULE</Parameter>
		<Parameter direction="in" eval="variable" type="string" name="ProjectTagNames">ProjectTags</Parameter>
		<Parameter direction="in" eval="variable" type="string" name="FolderPath">TempFilePath</Parameter>
		<Parameter direction="in" eval="variable" type="boolean" name="FCBackwardCompatible">BackwardCompatibleCsv</Parameter>
		<Parameter name="OutDocument" direction="out" eval="variable" type="document">inDoc</Parameter>
	</Activity>
	<Activity Name="SpawnSubWorkFlow_PRICE">
		<Action>InitiateSubFlow</Action>
		<Description>Spawn the subworkflow for PRICE repository</Description>
		<Execution>SYNCHR</Execution>
		<Parameter direction="in" type="string" eval="constant" name="eventState">SPAWNWORKFLOW</Parameter>
		<Parameter direction="in" type="string" eval="constant" name="ProcessID">standard/workflow/wfin26enterprisedataexportsubflowv1</Parameter>
		<Parameter direction="in" type="document" eval="variable" name="InDocument">inDoc</Parameter>
		<Parameter name="RepositoryName" direction="in" eval="constant" type="string">PRICE</Parameter>
		<Parameter direction="in" eval="variable" type="string" name="ProjectTagNames">ProjectTags</Parameter>
		<Parameter direction="in" eval="variable" type="string" name="FolderPath">TempFilePath</Parameter>
		<Parameter direction="in" eval="variable" type="boolean" name="FCBackwardCompatible">BackwardCompatibleCsv</Parameter>
		<Parameter name="OutDocument" direction="out" eval="variable" type="document">inDoc</Parameter>
	</Activity>
	<Activity Name="SpawnSubWorkFlow_CATALOG">
		<Action>InitiateSubFlow</Action>
		<Description>Spawn the subworkflow for CATALOG repository</Description>
		<Execution>SYNCHR</Execution>
		<Parameter direction="in" type="string" eval="constant" name="eventState">SPAWNWORKFLOW</Parameter>
		<Parameter direction="in" type="string" eval="constant" name="ProcessID">standard/workflow/wfin26enterprisedataexportsubflowv1</Parameter>
		<Parameter direction="in" type="document" eval="variable" name="InDocument">inDoc</Parameter>
		<Parameter name="RepositoryName" direction="in" eval="constant" type="string">CATALOG</Parameter>
		<Parameter direction="in" eval="variable" type="string" name="ProjectTagNames">ProjectTags</Parameter>
		<Parameter direction="in" eval="variable" type="string" name="FolderPath">TempFilePath</Parameter>
		<Parameter direction="in" eval="variable" type="boolean" name="FCBackwardCompatible">BackwardCompatibleCsv</Parameter>
		<Parameter name="OutDocument" direction="out" eval="variable" type="document">inDoc</Parameter>
	</Activity>
	<Activity Name="SpawnSubWorkFlow_CHARACTERISTIC">
		<Action>InitiateSubFlow</Action>
		<Description>Spawn the subworkflow for CHARACTERISTIC repository</Description>
		<Execution>SYNCHR</Execution>
		<Parameter direction="in" type="string" eval="constant" name="eventState">SPAWNWORKFLOW</Parameter>
		<Parameter direction="in" type="string" eval="constant" name="ProcessID">standard/workflow/wfin26enterprisedataexportsubflowv1</Parameter>
		<Parameter direction="in" type="document" eval="variable" name="InDocument">inDoc</Parameter>
		<Parameter name="RepositoryName" direction="in" eval="constant" type="string">CHARACTERISTIC</Parameter>
		<Parameter direction="in" eval="variable" type="string" name="ProjectTagNames">ProjectTags</Parameter>
		<Parameter direction="in" eval="variable" type="string" name="FolderPath">TempFilePath</Parameter>
		<Parameter direction="in" eval="variable" type="boolean" name="FCBackwardCompatible">BackwardCompatibleCsv</Parameter>
		<Parameter name="OutDocument" direction="out" eval="variable" type="document">inDoc</Parameter>
	</Activity>
	<Activity Name="SpawnSubWorkFlow_CHARACTERISTICDATATYPE">
		<Action>InitiateSubFlow</Action>
		<Description>Spawn the subworkflow for CHARACTERISTICDATATYPE repository</Description>
		<Execution>SYNCHR</Execution>
		<Parameter direction="in" type="string" eval="constant" name="eventState">SPAWNWORKFLOW</Parameter>
		<Parameter direction="in" type="string" eval="constant" name="ProcessID">standard/workflow/wfin26enterprisedataexportsubflowv1</Parameter>
		<Parameter direction="in" type="document" eval="variable" name="InDocument">inDoc</Parameter>
		<Parameter name="RepositoryName" direction="in" eval="constant" type="string">CHARACTERISTICDATATYPE</Parameter>
		<Parameter direction="in" eval="variable" type="string" name="ProjectTagNames">ProjectTags</Parameter>
		<Parameter direction="in" eval="variable" type="string" name="FolderPath">TempFilePath</Parameter>
		<Parameter direction="in" eval="variable" type="boolean" name="FCBackwardCompatible">BackwardCompatibleCsv</Parameter>
		<Parameter name="OutDocument" direction="out" eval="variable" type="document">inDoc</Parameter>
	</Activity>
	<Activity Name="SpawnSubWorkFlow_MILESTONE">
		<Action>InitiateSubFlow</Action>
		<Description>Spawn the subworkflow for MILESTONE repository</Description>
		<Execution>SYNCHR</Execution>
		<Parameter direction="in" type="string" eval="constant" name="eventState">SPAWNWORKFLOW</Parameter>
		<Parameter direction="in" type="string" eval="constant" name="ProcessID">standard/workflow/wfin26enterprisedataexportsubflowv1</Parameter>
		<Parameter direction="in" type="document" eval="variable" name="InDocument">inDoc</Parameter>
		<Parameter name="RepositoryName" direction="in" eval="constant" type="string">MILESTONE</Parameter>
		<Parameter direction="in" eval="variable" type="string" name="ProjectTagNames">ProjectTags</Parameter>
		<Parameter direction="in" eval="variable" type="string" name="FolderPath">TempFilePath</Parameter>
		<Parameter direction="in" eval="variable" type="boolean" name="FCBackwardCompatible">BackwardCompatibleCsv</Parameter>
		<Parameter name="OutDocument" direction="out" eval="variable" type="document">inDoc</Parameter>
	</Activity>
	<Activity Name="SpawnSubWorkFlow_PARTY">
		<Action>InitiateSubFlow</Action>
		<Description>Spawn the subworkflow for PARTY repository</Description>
		<Execution>SYNCHR</Execution>
		<Parameter direction="in" type="string" eval="constant" name="eventState">SPAWNWORKFLOW</Parameter>
		<Parameter direction="in" type="string" eval="constant" name="ProcessID">standard/workflow/wfin26enterprisedataexportsubflowv1</Parameter>
		<Parameter direction="in" type="document" eval="variable" name="InDocument">inDoc</Parameter>
		<Parameter name="RepositoryName" direction="in" eval="constant" type="string">PARTY</Parameter>
		<Parameter direction="in" eval="variable" type="string" name="ProjectTagNames">ProjectTags</Parameter>
		<Parameter direction="in" eval="variable" type="string" name="FolderPath">TempFilePath</Parameter>
		<Parameter direction="in" eval="variable" type="boolean" name="FCBackwardCompatible">BackwardCompatibleCsv</Parameter>
		<Parameter name="OutDocument" direction="out" eval="variable" type="document">inDoc</Parameter>
	</Activity>
	<Activity Name="SpawnSubWorkFlow_PARTYEXTENSION">
		<Action>InitiateSubFlow</Action>
		<Description>Spawn the subworkflow for PARTYEXTENSION repository</Description>
		<Execution>SYNCHR</Execution>
		<Parameter direction="in" type="string" eval="constant" name="eventState">SPAWNWORKFLOW</Parameter>
		<Parameter direction="in" type="string" eval="constant" name="ProcessID">standard/workflow/wfin26enterprisedataexportsubflowv1</Parameter>
		<Parameter direction="in" type="document" eval="variable" name="InDocument">inDoc</Parameter>
		<Parameter name="RepositoryName" direction="in" eval="constant" type="string">PARTYEXTENSION</Parameter>
		<Parameter direction="in" eval="variable" type="string" name="ProjectTagNames">ProjectTags</Parameter>
		<Parameter direction="in" eval="variable" type="string" name="FolderPath">TempFilePath</Parameter>
		<Parameter direction="in" eval="variable" type="boolean" name="FCBackwardCompatible">BackwardCompatibleCsv</Parameter>
		<Parameter name="OutDocument" direction="out" eval="variable" type="document">inDoc</Parameter>
	</Activity>
	<Activity Name="SpawnSubWorkFlow_PLANFRAGMENT">
		<Action>InitiateSubFlow</Action>
		<Description>Spawn the subworkflow for PLANFRAGMENT repository</Description>
		<Execution>SYNCHR</Execution>
		<Parameter direction="in" type="string" eval="constant" name="eventState">SPAWNWORKFLOW</Parameter>
		<Parameter direction="in" type="string" eval="constant" name="ProcessID">standard/workflow/wfin26enterprisedataexportsubflowv1</Parameter>
		<Parameter direction="in" type="document" eval="variable" name="InDocument">inDoc</Parameter>
		<Parameter name="RepositoryName" direction="in" eval="constant" type="string">PLANFRAGMENT</Parameter>
		<Parameter direction="in" eval="variable" type="string" name="ProjectTagNames">ProjectTags</Parameter>
		<Parameter direction="in" eval="variable" type="string" name="FolderPath">TempFilePath</Parameter>
		<Parameter direction="in" eval="variable" type="boolean" name="FCBackwardCompatible">BackwardCompatibleCsv</Parameter>
		<Parameter name="OutDocument" direction="out" eval="variable" type="document">inDoc</Parameter>
	</Activity>
	<Activity Name="SpawnSubWorkFlow_SEGMENT">
		<Action>InitiateSubFlow</Action>
		<Description>Spawn the subworkflow for SEGMENT repository</Description>
		<Execution>SYNCHR</Execution>
		<Parameter direction="in" type="string" eval="constant" name="eventState">SPAWNWORKFLOW</Parameter>
		<Parameter direction="in" type="string" eval="constant" name="ProcessID">standard/workflow/wfin26enterprisedataexportsubflowv1</Parameter>
		<Parameter direction="in" type="document" eval="variable" name="InDocument">inDoc</Parameter>
		<Parameter name="RepositoryName" direction="in" eval="constant" type="string">SEGMENT</Parameter>
		<Parameter direction="in" eval="variable" type="string" name="ProjectTagNames">ProjectTags</Parameter>
		<Parameter direction="in" eval="variable" type="string" name="FolderPath">TempFilePath</Parameter>
		<Parameter direction="in" eval="variable" type="boolean" name="FCBackwardCompatible">BackwardCompatibleCsv</Parameter>
		<Parameter name="OutDocument" direction="out" eval="variable" type="document">inDoc</Parameter>
	</Activity>
	<Activity Name="SpawnSubWorkFlow_CATEGORY">
		<Action>InitiateSubFlow</Action>
		<Description>Spawn the subworkflow for CATEGORY repository</Description>
		<Execution>SYNCHR</Execution>
		<Parameter direction="in" type="string" eval="constant" name="eventState">SPAWNWORKFLOW</Parameter>
		<Parameter direction="in" type="string" eval="constant" name="ProcessID">standard/workflow/wfin26enterprisedataexportsubflowv1</Parameter>
		<Parameter direction="in" type="document" eval="variable" name="InDocument">inDoc</Parameter>
		<Parameter name="RepositoryName" direction="in" eval="constant" type="string">CATEGORY</Parameter>
		<Parameter direction="in" eval="variable" type="string" name="ProjectTagNames">ProjectTags</Parameter>
		<Parameter direction="in" eval="variable" type="string" name="FolderPath">TempFilePath</Parameter>
		<Parameter direction="in" eval="variable" type="boolean" name="FCBackwardCompatible">BackwardCompatibleCsv</Parameter>
		<Parameter name="OutDocument" direction="out" eval="variable" type="document">inDoc</Parameter>
	</Activity>
	<Activity Name="SpawnSubWorkFlow_MIGRATION">
		<Action>InitiateSubFlow</Action>
		<Description>Spawn the subworkflow for MIGRATION repository</Description>
		<Execution>SYNCHR</Execution>
		<Parameter direction="in" type="string" eval="constant" name="eventState">SPAWNWORKFLOW</Parameter>
		<Parameter direction="in" type="string" eval="constant" name="ProcessID">standard/workflow/wfin26enterprisedataexportsubflowv1</Parameter>
		<Parameter direction="in" type="document" eval="variable" name="InDocument">inDoc</Parameter>
		<Parameter name="RepositoryName" direction="in" eval="constant" type="string">MIGRATION</Parameter>
		<Parameter direction="in" eval="variable" type="string" name="ProjectTagNames">ProjectTags</Parameter>
		<Parameter direction="in" eval="variable" type="string" name="FolderPath">TempFilePath</Parameter>
		<Parameter direction="in" eval="variable" type="boolean" name="FCBackwardCompatible">BackwardCompatibleCsv</Parameter>
		<Parameter name="OutDocument" direction="out" eval="variable" type="document">inDoc</Parameter>
	</Activity>
	<Activity Name="SpawnSubWorkFlow_REQUIRES_PRODUCT">
		<Action>InitiateSubFlow</Action>
		<Description>Spawn the subworkflow for REQUIRES_PRODUCT repository</Description>
		<Execution>SYNCHR</Execution>
		<Parameter direction="in" type="string" eval="constant" name="eventState">SPAWNWORKFLOW</Parameter>
		<Parameter direction="in" type="string" eval="constant" name="ProcessID">standard/workflow/wfin26enterprisedataexportsubflowv1</Parameter>
		<Parameter direction="in" type="document" eval="variable" name="InDocument">inDoc</Parameter>
		<Parameter name="RepositoryName" direction="in" eval="constant" type="string">REQUIRES_PRODUCT</Parameter>
		<Parameter direction="in" eval="variable" type="string" name="ProjectTagNames">ProjectTags</Parameter>
		<Parameter direction="in" eval="variable" type="string" name="FolderPath">TempFilePath</Parameter>
		<Parameter direction="in" eval="variable" type="boolean" name="FCBackwardCompatible">BackwardCompatibleCsv</Parameter>
		<Parameter name="OutDocument" direction="out" eval="variable" type="document">inDoc</Parameter>
	</Activity>
	<Activity Name="SpawnSubWorkFlow_RULE">
		<Action>InitiateSubFlow</Action>
		<Description>Spawn the subworkflow for RULE repository</Description>
		<Execution>SYNCHR</Execution>
		<Parameter direction="in" type="string" eval="constant" name="eventState">SPAWNWORKFLOW</Parameter>
		<Parameter direction="in" type="string" eval="constant" name="ProcessID">standard/workflow/wfin26enterprisedataexportsubflowv1</Parameter>
		<Parameter direction="in" type="document" eval="variable" name="InDocument">inDoc</Parameter>
		<Parameter name="RepositoryName" direction="in" eval="constant" type="string">RULE</Parameter>
		<Parameter direction="in" eval="variable" type="string" name="ProjectTagNames">ProjectTags</Parameter>
		<Parameter direction="in" eval="variable" type="string" name="FolderPath">TempFilePath</Parameter>
		<Parameter direction="in" eval="variable" type="boolean" name="FCBackwardCompatible">BackwardCompatibleCsv</Parameter>
		<Parameter name="OutDocument" direction="out" eval="variable" type="document">inDoc</Parameter>
	</Activity>
	<Activity Name="SpawnSubWorkFlow_RULECONDITION">
		<Action>InitiateSubFlow</Action>
		<Description>Spawn the subworkflow for RULECONDITION repository</Description>
		<Execution>SYNCHR</Execution>
		<Parameter direction="in" type="string" eval="constant" name="eventState">SPAWNWORKFLOW</Parameter>
		<Parameter direction="in" type="string" eval="constant" name="ProcessID">standard/workflow/wfin26enterprisedataexportsubflowv1</Parameter>
		<Parameter direction="in" type="document" eval="variable" name="InDocument">inDoc</Parameter>
		<Parameter name="RepositoryName" direction="in" eval="constant" type="string">RULECONDITION</Parameter>
		<Parameter direction="in" eval="variable" type="string" name="ProjectTagNames">ProjectTags</Parameter>
		<Parameter direction="in" eval="variable" type="string" name="FolderPath">TempFilePath</Parameter>
		<Parameter direction="in" eval="variable" type="boolean" name="FCBackwardCompatible">BackwardCompatibleCsv</Parameter>
		<Parameter name="OutDocument" direction="out" eval="variable" type="document">inDoc</Parameter>
	</Activity>
	<Activity Name="SpawnSubWorkFlow_RULEPARAMETER">
		<Action>InitiateSubFlow</Action>
		<Description>Spawn the subworkflow for RULEPARAMETER repository</Description>
		<Execution>SYNCHR</Execution>
		<Parameter direction="in" type="string" eval="constant" name="eventState">SPAWNWORKFLOW</Parameter>
		<Parameter direction="in" type="string" eval="constant" name="ProcessID">standard/workflow/wfin26enterprisedataexportsubflowv1</Parameter>
		<Parameter direction="in" type="document" eval="variable" name="InDocument">inDoc</Parameter>
		<Parameter name="RepositoryName" direction="in" eval="constant" type="string">RULEPARAMETER</Parameter>
		<Parameter direction="in" eval="variable" type="string" name="ProjectTagNames">ProjectTags</Parameter>
		<Parameter direction="in" eval="variable" type="string" name="FolderPath">TempFilePath</Parameter>
		<Parameter direction="in" eval="variable" type="boolean" name="FCBackwardCompatible">BackwardCompatibleCsv</Parameter>
		<Parameter name="OutDocument" direction="out" eval="variable" type="document">inDoc</Parameter>
	</Activity>
	<Activity Name="SpawnSubWorkFlow_SALESCHANNEL">
		<Action>InitiateSubFlow</Action>
		<Description>Spawn the subworkflow for SALESCHANNEL repository</Description>
		<Execution>SYNCHR</Execution>
		<Parameter direction="in" type="string" eval="constant" name="eventState">SPAWNWORKFLOW</Parameter>
		<Parameter direction="in" type="string" eval="constant" name="ProcessID">standard/workflow/wfin26enterprisedataexportsubflowv1</Parameter>
		<Parameter direction="in" type="document" eval="variable" name="InDocument">inDoc</Parameter>
		<Parameter name="RepositoryName" direction="in" eval="constant" type="string">SALESCHANNEL</Parameter>
		<Parameter direction="in" eval="variable" type="string" name="ProjectTagNames">ProjectTags</Parameter>
		<Parameter direction="in" eval="variable" type="string" name="FolderPath">TempFilePath</Parameter>
		<Parameter direction="in" eval="variable" type="boolean" name="FCBackwardCompatible">BackwardCompatibleCsv</Parameter>
		<Parameter name="OutDocument" direction="out" eval="variable" type="document">inDoc</Parameter>
	</Activity>
	<Activity Name="SpawnSubWorkFlow_PROJECTTAG">
		<Action>InitiateSubFlow</Action>
		<Description>Spawn the subworkflow for PROJECTTAG repository</Description>
		<Execution>SYNCHR</Execution>
		<Parameter direction="in" type="string" eval="constant" name="eventState">SPAWNWORKFLOW</Parameter>
		<Parameter direction="in" type="string" eval="constant" name="ProcessID">standard/workflow/wfin26enterprisedataexportsubflowv1</Parameter>
		<Parameter direction="in" type="document" eval="variable" name="InDocument">inDoc</Parameter>
		<Parameter name="RepositoryName" direction="in" eval="constant" type="string">PROJECTTAG</Parameter>
		<Parameter direction="in" eval="variable" type="string" name="ProjectTagNames">ProjectTags</Parameter>
		<Parameter direction="in" eval="variable" type="string" name="FolderPath">TempFilePath</Parameter>
		<Parameter direction="in" eval="variable" type="boolean" name="FCBackwardCompatible">BackwardCompatibleCsv</Parameter>
		<Parameter name="OutDocument" direction="out" eval="variable" type="document">inDoc</Parameter>
	</Activity>
	<Activity Name="SpawnSubWorkFlow_KEYVALUE">
		<Action>InitiateSubFlow</Action>
		<Description>Spawn the subworkflow for KEYVALUE repository</Description>
		<Execution>SYNCHR</Execution>
		<Parameter direction="in" type="string" eval="constant" name="eventState">SPAWNWORKFLOW</Parameter>
		<Parameter direction="in" type="string" eval="constant" name="ProcessID">standard/workflow/wfin26enterprisedataexportsubflowv1</Parameter>
		<Parameter direction="in" type="document" eval="variable" name="InDocument">inDoc</Parameter>
		<Parameter name="RepositoryName" direction="in" eval="constant" type="string">KEYVALUE</Parameter>
		<Parameter direction="in" eval="variable" type="string" name="ProjectTagNames">ProjectTags</Parameter>
		<Parameter direction="in" eval="variable" type="string" name="FolderPath">TempFilePath</Parameter>
		<Parameter direction="in" eval="variable" type="boolean" name="FCBackwardCompatible">BackwardCompatibleCsv</Parameter>
		<Parameter name="OutDocument" direction="out" eval="variable" type="document">inDoc</Parameter>
	</Activity>
	<Activity Name="PostProcessExport">
		<Action>FormatExportedFCData</Action>
		<Description>Post process the eported data</Description>
		<Execution>SYNCHR</Execution>
		<Parameter direction="in" type="string" eval="constant" name="eventState">PostProcessData</Parameter>
		<Parameter direction="in" type="string" eval="variable" name="ExportType">EnterpriseExportType</Parameter>
		<Parameter direction="in" eval="variable" type="string" name="ProjectTagNames">ProjectTags</Parameter>
		<Parameter direction="in" name="InDocument" type="document" eval="variable">inDoc</Parameter>
		<Parameter direction="in" name="FromDir" type="string" eval="variable">TempFilePath</Parameter>
	</Activity>

	<Activity Name="SetStatusToSuccess">
		<Action>UpdateEvent</Action>
		<Description lang="en">Set the event status to Success/Done</Description>
		<Parameter direction="in" name="eventStatus" type="string" eval="constant">SUCCESS</Parameter>
		<Parameter direction="in" type="string" eval="constant" name="eventState">DONE</Parameter>
	</Activity>
	<Activity Name="SetStatusToError">
		<Action>UpdateEvent</Action>
		<Description lang="en">Set the event status to Error/Done</Description>
		<Parameter direction="in" name="eventStatus" type="string" eval="constant">ERROR</Parameter>
		<Parameter direction="in" type="string" eval="constant" name="eventState">DONE</Parameter>
	</Activity>
	<Activity Name="RejectDueToWorkflowError">
		<Action>Send</Action>
		<Description lang="en">Error occured during workflow processing</Description>
		<Execution>ASYNCHR</Execution>
		<Parameter direction="in" type="string" eval="constant" name="eventState">REJECTDUETOWFERROR</Parameter>
		<Parameter direction="in" eval="rule" source="Message or Workflow Completion" type="string" name="Protocol">inDoc</Parameter>
		<Parameter direction="in" eval="rule" source="Message or Workflow Completion" type="long" name="Address">inDoc</Parameter>
		<Parameter direction="in" name="Sender" type="string" eval="constant">support@tibco.com</Parameter>
		<Parameter direction="in" name="Presentation" type="string" eval="constant">com.tibco.mdm.ui.workflow.engine.emailtemplates.EmailUploadImportWorkflowError</Parameter>
		<Parameter direction="in" eval="constant" type="string" name="Form">standard/forms/fm26ca.xml</Parameter>
		<Parameter direction="in" type="document" eval="variable" name="InDocument">inDoc</Parameter>
	</Activity>
   
	<Transition FromActivity="AddMsgInfoToEvent" ToActivity="SetParameters"/>
	<Transition FromActivity="SetParameters" ToActivity="ComputeExportFileDirectory"/>
	<Transition FromActivity="ComputeExportFileDirectory" ToActivity="SpawnSubWorkFlow_PRODUCT"/>
	<Transition FromActivity="SpawnSubWorkFlow_PRODUCT" ToActivity="SpawnSubWorkFlow_ACTION"/>
	<Transition FromActivity="SpawnSubWorkFlow_ACTION" ToActivity="SpawnSubWorkFlow_ALLOWANCE"/>
	<Transition FromActivity="SpawnSubWorkFlow_ALLOWANCE" ToActivity="SpawnSubWorkFlow_DISCOUNT"/>
	<Transition FromActivity="SpawnSubWorkFlow_DISCOUNT" ToActivity="SpawnSubWorkFlow_POLICYRULE"/>
	<Transition FromActivity="SpawnSubWorkFlow_POLICYRULE" ToActivity="SpawnSubWorkFlow_PRICE"/>
	<Transition FromActivity="SpawnSubWorkFlow_PRICE" ToActivity="SpawnSubWorkFlow_CATALOG"/>
	<Transition FromActivity="SpawnSubWorkFlow_CATALOG" ToActivity="SpawnSubWorkFlow_CHARACTERISTIC"/>
	<Transition FromActivity="SpawnSubWorkFlow_CHARACTERISTIC" ToActivity="SpawnSubWorkFlow_CHARACTERISTICDATATYPE"/>
	<Transition FromActivity="SpawnSubWorkFlow_CHARACTERISTICDATATYPE" ToActivity="SpawnSubWorkFlow_MILESTONE"/>
	<Transition FromActivity="SpawnSubWorkFlow_MILESTONE" ToActivity="SpawnSubWorkFlow_PARTY"/>
	<Transition FromActivity="SpawnSubWorkFlow_PARTY" ToActivity="SpawnSubWorkFlow_PARTYEXTENSION"/>
	<Transition FromActivity="SpawnSubWorkFlow_PARTYEXTENSION" ToActivity="SpawnSubWorkFlow_PLANFRAGMENT"/>
	<Transition FromActivity="SpawnSubWorkFlow_PLANFRAGMENT" ToActivity="SpawnSubWorkFlow_SEGMENT"/>
	<Transition FromActivity="SpawnSubWorkFlow_SEGMENT" ToActivity="SpawnSubWorkFlow_CATEGORY"/>
	<Transition FromActivity="SpawnSubWorkFlow_CATEGORY" ToActivity="SpawnSubWorkFlow_MIGRATION"/>
	<Transition FromActivity="SpawnSubWorkFlow_MIGRATION" ToActivity="SpawnSubWorkFlow_REQUIRES_PRODUCT"/>
	<Transition FromActivity="SpawnSubWorkFlow_REQUIRES_PRODUCT" ToActivity="SpawnSubWorkFlow_RULE"/>
	<Transition FromActivity="SpawnSubWorkFlow_RULE" ToActivity="SpawnSubWorkFlow_RULECONDITION"/>
	<Transition FromActivity="SpawnSubWorkFlow_RULECONDITION" ToActivity="SpawnSubWorkFlow_RULEPARAMETER"/>
	<Transition FromActivity="SpawnSubWorkFlow_RULEPARAMETER" ToActivity="SpawnSubWorkFlow_SALESCHANNEL"/>
	<Transition FromActivity="SpawnSubWorkFlow_SALESCHANNEL" ToActivity="SpawnSubWorkFlow_PROJECTTAG"/>
	<Transition FromActivity="SpawnSubWorkFlow_PROJECTTAG" ToActivity="SpawnSubWorkFlow_KEYVALUE"/>
	<Transition FromActivity="SpawnSubWorkFlow_KEYVALUE" ToActivity="PostProcessExport"/>
	<Transition FromActivity="PostProcessExport" ToActivity="SetStatusToSuccess"/>
	<Transition type="error" FromActivity="Any" ToActivity="RejectDueToWorkflowError"/>
	<Transition FromActivity="RejectDueToWorkflowError" ToActivity="SetStatusToError"/>

</Workflow>
<!-- Copyright (c) 2018-2018 TIBCO Software Inc. All Rights Reserved. Confidential & Proprietary. -->