
<Workflow Version="1.3" xsi:noNamespaceSchemaLocation="Workflow.xsd" xmlns:xsi="http://www.w3.org/2001/XMLSchema-instance">
   <Owner>TIBCO</Owner>
   <Name>wfin26partialimportfcdatav1</Name>
   <Description>Process to partially import FC data</Description>
   <Parameter direction="in" name="inDoc" description="Free form workflow description" type="document" eval="variable">1</Parameter>
   <!--Parameter direction="in" name="MasterCatalog_ActiveCat" description="Free form workflow description" type="string" eval="variable"></Parameter-->
	<Activity Name="AddMsgInfoToEvent">
      <Start/>
      <Action>UpdateEvent</Action>
      <Description>Set the event state</Description>
      <Execution>SYNCHR</Execution>
      <Parameter direction="in" name="eventDescriptor" eval="constant" type="string">ENTERPRISEPARTIALDATAIMPORT</Parameter>
	</Activity>
	<Activity Name="ComputeImportFileDirectory">
		<Action>InterpretCommand</Action>
		<Description lang="en">Determine the directory to store the export file</Description>
		
		<!-- If triggering this workflow from outside, change the eval from variable to constant, change the direction from out to in, remove the script and provide a valid absolute directory path. 
		This path is where csv files should be present. The directory specified here should be located on CIM server and should have read, modify permission-->
		<Parameter direction="out" name="TempFilePath" type="string" eval="variable">TempFilePath</Parameter>
		<Script format="bsh"><![CDATA[
				java.lang.String TempFilePath = com.tibco.ac.util.ActiveCatalogUtility.createTempFilePath("EnterpriseDataPartialImport");
		]]></Script>
	</Activity>
	<Activity Name="ExtractAndValidateZipFile">
		<Action>ExtractAndValidateZip</Action>
		<Description lang="en">Extract and validate the input zip file</Description>
		<Parameter direction="in" type="string" eval="constant" name="eventState">VALIDATEINPUT</Parameter>
		<Parameter direction="in" eval="variable" type="string" name="FolderPath">TempFilePath</Parameter>
	</Activity>
    <Activity Name="IdentifyExportedTags">
		<Action>FCIdentifyExportedTags</Action>
		<Description>Identify exported tags</Description>
		<Execution>SYNCHR</Execution>
		<Parameter direction="in" type="string" eval="constant" name="eventState">IDENTIFYTAGS</Parameter>
		<Parameter direction="in" type="document" eval="variable" name="InDocument">inDoc</Parameter>
		<Parameter name="OutDocument" direction="out" eval="variable" type="document">inDoc</Parameter>
		<Parameter name="ProjectTagName" direction="out" eval="variable" type="string">TagNames</Parameter>
		<Parameter direction="in" eval="variable" type="string" name="FolderPath">TempFilePath</Parameter>
    </Activity>
	<Activity Name="SpawnSubWorkFlow_PRODUCT">
		<Action>InitiateSubFlow</Action>
		<Description>Spawn the subworkflow for PRODUCT repository</Description>
		<Execution>SYNCHR</Execution>
		<Parameter direction="in" type="string" eval="constant" name="eventState">SPAWNWORKFLOW</Parameter>
		<Parameter direction="in" type="string" eval="constant" name="ProcessID">standard/workflow/wfin26partialimportfcdatasubflowv1</Parameter>
		<Parameter direction="in" type="document" eval="variable" name="InDocument">inDoc</Parameter>
		<Parameter name="RepositoryName" direction="in" eval="constant" type="string">PRODUCT</Parameter>
		<Parameter direction="in" eval="variable" type="string" name="ProjectTagNames">ProjectTagName</Parameter>
		<Parameter direction="in" eval="variable" type="string" name="FolderPath">TempFilePath</Parameter>
		<Parameter name="OutDocument" direction="out" eval="variable" type="document">inDoc</Parameter>
	</Activity>
	<Activity Name="SpawnSubWorkFlow_ACTION">
		<Action>InitiateSubFlow</Action>
		<Description>Spawn the subworkflow for ACTION repository</Description>
		<Execution>SYNCHR</Execution>
		<Parameter direction="in" type="string" eval="constant" name="eventState">SPAWNWORKFLOW</Parameter>
		<Parameter direction="in" type="string" eval="constant" name="ProcessID">standard/workflow/wfin26partialimportfcdatasubflowv1</Parameter>
		<Parameter direction="in" type="document" eval="variable" name="InDocument">inDoc</Parameter>
		<Parameter name="RepositoryName" direction="in" eval="constant" type="string">ACTION</Parameter>
		<Parameter direction="in" eval="variable" type="string" name="ProjectTagNames">ProjectTagName</Parameter>
		<Parameter direction="in" eval="variable" type="string" name="FolderPath">TempFilePath</Parameter>
		<Parameter name="OutDocument" direction="out" eval="variable" type="document">inDoc</Parameter>
	</Activity>
	<Activity Name="SpawnSubWorkFlow_ALLOWANCE">
		<Action>InitiateSubFlow</Action>
		<Description>Spawn the subworkflow for ALLOWANCE repository</Description>
		<Execution>SYNCHR</Execution>
		<Parameter direction="in" type="string" eval="constant" name="eventState">SPAWNWORKFLOW</Parameter>
		<Parameter direction="in" type="string" eval="constant" name="ProcessID">standard/workflow/wfin26partialimportfcdatasubflowv1</Parameter>
		<Parameter direction="in" type="document" eval="variable" name="InDocument">inDoc</Parameter>
		<Parameter name="RepositoryName" direction="in" eval="constant" type="string">ALLOWANCE</Parameter>
		<Parameter direction="in" eval="variable" type="string" name="ProjectTagNames">ProjectTagName</Parameter>
		<Parameter direction="in" eval="variable" type="string" name="FolderPath">TempFilePath</Parameter>
		<Parameter name="OutDocument" direction="out" eval="variable" type="document">inDoc</Parameter>
	</Activity>
	<Activity Name="SpawnSubWorkFlow_DISCOUNT">
		<Action>InitiateSubFlow</Action>
		<Description>Spawn the subworkflow for DISCOUNT repository</Description>
		<Execution>SYNCHR</Execution>
		<Parameter direction="in" type="string" eval="constant" name="eventState">SPAWNWORKFLOW</Parameter>
		<Parameter direction="in" type="string" eval="constant" name="ProcessID">standard/workflow/wfin26partialimportfcdatasubflowv1</Parameter>
		<Parameter direction="in" type="document" eval="variable" name="InDocument">inDoc</Parameter>
		<Parameter name="RepositoryName" direction="in" eval="constant" type="string">DISCOUNT</Parameter>
		<Parameter direction="in" eval="variable" type="string" name="ProjectTagNames">ProjectTagName</Parameter>
		<Parameter direction="in" eval="variable" type="string" name="FolderPath">TempFilePath</Parameter>
		<Parameter name="OutDocument" direction="out" eval="variable" type="document">inDoc</Parameter>
	</Activity>
	<Activity Name="SpawnSubWorkFlow_POLICYRULE">
		<Action>InitiateSubFlow</Action>
		<Description>Spawn the subworkflow for POLICYRULE repository</Description>
		<Execution>SYNCHR</Execution>
		<Parameter direction="in" type="string" eval="constant" name="eventState">SPAWNWORKFLOW</Parameter>
		<Parameter direction="in" type="string" eval="constant" name="ProcessID">standard/workflow/wfin26partialimportfcdatasubflowv1</Parameter>
		<Parameter direction="in" type="document" eval="variable" name="InDocument">inDoc</Parameter>
		<Parameter name="RepositoryName" direction="in" eval="constant" type="string">POLICYRULE</Parameter>
		<Parameter direction="in" eval="variable" type="string" name="ProjectTagNames">ProjectTagName</Parameter>
		<Parameter direction="in" eval="variable" type="string" name="FolderPath">TempFilePath</Parameter>
		<Parameter name="OutDocument" direction="out" eval="variable" type="document">inDoc</Parameter>
	</Activity>
	<Activity Name="SpawnSubWorkFlow_PRICE">
		<Action>InitiateSubFlow</Action>
		<Description>Spawn the subworkflow for PRICE repository</Description>
		<Execution>SYNCHR</Execution>
		<Parameter direction="in" type="string" eval="constant" name="eventState">SPAWNWORKFLOW</Parameter>
		<Parameter direction="in" type="string" eval="constant" name="ProcessID">standard/workflow/wfin26partialimportfcdatasubflowv1</Parameter>
		<Parameter direction="in" type="document" eval="variable" name="InDocument">inDoc</Parameter>
		<Parameter name="RepositoryName" direction="in" eval="constant" type="string">PRICE</Parameter>
		<Parameter direction="in" eval="variable" type="string" name="ProjectTagNames">ProjectTagName</Parameter>
		<Parameter direction="in" eval="variable" type="string" name="FolderPath">TempFilePath</Parameter>
		<Parameter name="OutDocument" direction="out" eval="variable" type="document">inDoc</Parameter>
	</Activity>
	<Activity Name="SpawnSubWorkFlow_CATALOG">
		<Action>InitiateSubFlow</Action>
		<Description>Spawn the subworkflow for CATALOG repository</Description>
		<Execution>SYNCHR</Execution>
		<Parameter direction="in" type="string" eval="constant" name="eventState">SPAWNWORKFLOW</Parameter>
		<Parameter direction="in" type="string" eval="constant" name="ProcessID">standard/workflow/wfin26partialimportfcdatasubflowv1</Parameter>
		<Parameter direction="in" type="document" eval="variable" name="InDocument">inDoc</Parameter>
		<Parameter name="RepositoryName" direction="in" eval="constant" type="string">CATALOG</Parameter>
		<Parameter direction="in" eval="variable" type="string" name="ProjectTagNames">ProjectTagName</Parameter>
		<Parameter direction="in" eval="variable" type="string" name="FolderPath">TempFilePath</Parameter>
		<Parameter name="OutDocument" direction="out" eval="variable" type="document">inDoc</Parameter>
	</Activity>
	<Activity Name="SpawnSubWorkFlow_CHARACTERISTIC">
		<Action>InitiateSubFlow</Action>
		<Description>Spawn the subworkflow for CHARACTERISTIC repository</Description>
		<Execution>SYNCHR</Execution>
		<Parameter direction="in" type="string" eval="constant" name="eventState">SPAWNWORKFLOW</Parameter>
		<Parameter direction="in" type="string" eval="constant" name="ProcessID">standard/workflow/wfin26partialimportfcdatasubflowv1</Parameter>
		<Parameter direction="in" type="document" eval="variable" name="InDocument">inDoc</Parameter>
		<Parameter name="RepositoryName" direction="in" eval="constant" type="string">CHARACTERISTIC</Parameter>
		<Parameter direction="in" eval="variable" type="string" name="ProjectTagNames">ProjectTagName</Parameter>
		<Parameter direction="in" eval="variable" type="string" name="FolderPath">TempFilePath</Parameter>
		<Parameter name="OutDocument" direction="out" eval="variable" type="document">inDoc</Parameter>
	</Activity>
	<Activity Name="SpawnSubWorkFlow_CHARACTERISTICDATATYPE">
		<Action>InitiateSubFlow</Action>
		<Description>Spawn the subworkflow for CHARACTERISTICDATATYPE repository</Description>
		<Execution>SYNCHR</Execution>
		<Parameter direction="in" type="string" eval="constant" name="eventState">SPAWNWORKFLOW</Parameter>
		<Parameter direction="in" type="string" eval="constant" name="ProcessID">standard/workflow/wfin26partialimportfcdatasubflowv1</Parameter>
		<Parameter direction="in" type="document" eval="variable" name="InDocument">inDoc</Parameter>
		<Parameter name="RepositoryName" direction="in" eval="constant" type="string">CHARACTERISTICDATATYPE</Parameter>
		<Parameter direction="in" eval="variable" type="string" name="ProjectTagNames">ProjectTagName</Parameter>
		<Parameter direction="in" eval="variable" type="string" name="FolderPath">TempFilePath</Parameter>
		<Parameter name="OutDocument" direction="out" eval="variable" type="document">inDoc</Parameter>
	</Activity>
	<Activity Name="SpawnSubWorkFlow_MILESTONE">
		<Action>InitiateSubFlow</Action>
		<Description>Spawn the subworkflow for MILESTONE repository</Description>
		<Execution>SYNCHR</Execution>
		<Parameter direction="in" type="string" eval="constant" name="eventState">SPAWNWORKFLOW</Parameter>
		<Parameter direction="in" type="string" eval="constant" name="ProcessID">standard/workflow/wfin26partialimportfcdatasubflowv1</Parameter>
		<Parameter direction="in" type="document" eval="variable" name="InDocument">inDoc</Parameter>
		<Parameter name="RepositoryName" direction="in" eval="constant" type="string">MILESTONE</Parameter>
		<Parameter direction="in" eval="variable" type="string" name="ProjectTagNames">ProjectTagName</Parameter>
		<Parameter direction="in" eval="variable" type="string" name="FolderPath">TempFilePath</Parameter>
		<Parameter name="OutDocument" direction="out" eval="variable" type="document">inDoc</Parameter>
	</Activity>
	<Activity Name="SpawnSubWorkFlow_PARTY">
		<Action>InitiateSubFlow</Action>
		<Description>Spawn the subworkflow for PARTY repository</Description>
		<Execution>SYNCHR</Execution>
		<Parameter direction="in" type="string" eval="constant" name="eventState">SPAWNWORKFLOW</Parameter>
		<Parameter direction="in" type="string" eval="constant" name="ProcessID">standard/workflow/wfin26partialimportfcdatasubflowv1</Parameter>
		<Parameter direction="in" type="document" eval="variable" name="InDocument">inDoc</Parameter>
		<Parameter name="RepositoryName" direction="in" eval="constant" type="string">PARTY</Parameter>
		<Parameter direction="in" eval="variable" type="string" name="ProjectTagNames">ProjectTagName</Parameter>
		<Parameter direction="in" eval="variable" type="string" name="FolderPath">TempFilePath</Parameter>
		<Parameter name="OutDocument" direction="out" eval="variable" type="document">inDoc</Parameter>
	</Activity>
	<Activity Name="SpawnSubWorkFlow_PARTYEXTENSION">
		<Action>InitiateSubFlow</Action>
		<Description>Spawn the subworkflow for PARTYEXTENSION repository</Description>
		<Execution>SYNCHR</Execution>
		<Parameter direction="in" type="string" eval="constant" name="eventState">SPAWNWORKFLOW</Parameter>
		<Parameter direction="in" type="string" eval="constant" name="ProcessID">standard/workflow/wfin26partialimportfcdatasubflowv1</Parameter>
		<Parameter direction="in" type="document" eval="variable" name="InDocument">inDoc</Parameter>
		<Parameter name="RepositoryName" direction="in" eval="constant" type="string">PARTYEXTENSION</Parameter>
		<Parameter direction="in" eval="variable" type="string" name="ProjectTagNames">ProjectTagName</Parameter>
		<Parameter direction="in" eval="variable" type="string" name="FolderPath">TempFilePath</Parameter>
		<Parameter name="OutDocument" direction="out" eval="variable" type="document">inDoc</Parameter>
	</Activity>
	<Activity Name="SpawnSubWorkFlow_PLANFRAGMENT">
		<Action>InitiateSubFlow</Action>
		<Description>Spawn the subworkflow for PLANFRAGMENT repository</Description>
		<Execution>SYNCHR</Execution>
		<Parameter direction="in" type="string" eval="constant" name="eventState">SPAWNWORKFLOW</Parameter>
		<Parameter direction="in" type="string" eval="constant" name="ProcessID">standard/workflow/wfin26partialimportfcdatasubflowv1</Parameter>
		<Parameter direction="in" type="document" eval="variable" name="InDocument">inDoc</Parameter>
		<Parameter name="RepositoryName" direction="in" eval="constant" type="string">PLANFRAGMENT</Parameter>
		<Parameter direction="in" eval="variable" type="string" name="ProjectTagNames">ProjectTagName</Parameter>
		<Parameter direction="in" eval="variable" type="string" name="FolderPath">TempFilePath</Parameter>
		<Parameter name="OutDocument" direction="out" eval="variable" type="document">inDoc</Parameter>
	</Activity>
	<Activity Name="SpawnSubWorkFlow_SEGMENT">
		<Action>InitiateSubFlow</Action>
		<Description>Spawn the subworkflow for SEGMENT repository</Description>
		<Execution>SYNCHR</Execution>
		<Parameter direction="in" type="string" eval="constant" name="eventState">SPAWNWORKFLOW</Parameter>
		<Parameter direction="in" type="string" eval="constant" name="ProcessID">standard/workflow/wfin26partialimportfcdatasubflowv1</Parameter>
		<Parameter direction="in" type="document" eval="variable" name="InDocument">inDoc</Parameter>
		<Parameter name="RepositoryName" direction="in" eval="constant" type="string">SEGMENT</Parameter>
		<Parameter direction="in" eval="variable" type="string" name="ProjectTagNames">ProjectTagName</Parameter>
		<Parameter direction="in" eval="variable" type="string" name="FolderPath">TempFilePath</Parameter>
		<Parameter name="OutDocument" direction="out" eval="variable" type="document">inDoc</Parameter>
	</Activity>
	<Activity Name="SpawnSubWorkFlow_CATEGORY">
		<Action>InitiateSubFlow</Action>
		<Description>Spawn the subworkflow for CATEGORY repository</Description>
		<Execution>SYNCHR</Execution>
		<Parameter direction="in" type="string" eval="constant" name="eventState">SPAWNWORKFLOW</Parameter>
		<Parameter direction="in" type="string" eval="constant" name="ProcessID">standard/workflow/wfin26partialimportfcdatasubflowv1</Parameter>
		<Parameter direction="in" type="document" eval="variable" name="InDocument">inDoc</Parameter>
		<Parameter name="RepositoryName" direction="in" eval="constant" type="string">CATEGORY</Parameter>
		<Parameter direction="in" eval="variable" type="string" name="ProjectTagNames">ProjectTagName</Parameter>
		<Parameter direction="in" eval="variable" type="string" name="FolderPath">TempFilePath</Parameter>
		<Parameter name="OutDocument" direction="out" eval="variable" type="document">inDoc</Parameter>
	</Activity>
	<Activity Name="SpawnSubWorkFlow_MIGRATION">
		<Action>InitiateSubFlow</Action>
		<Description>Spawn the subworkflow for MIGRATION repository</Description>
		<Execution>SYNCHR</Execution>
		<Parameter direction="in" type="string" eval="constant" name="eventState">SPAWNWORKFLOW</Parameter>
		<Parameter direction="in" type="string" eval="constant" name="ProcessID">standard/workflow/wfin26partialimportfcdatasubflowv1</Parameter>
		<Parameter direction="in" type="document" eval="variable" name="InDocument">inDoc</Parameter>
		<Parameter name="RepositoryName" direction="in" eval="constant" type="string">MIGRATION</Parameter>
		<Parameter direction="in" eval="variable" type="string" name="ProjectTagNames">ProjectTagName</Parameter>
		<Parameter direction="in" eval="variable" type="string" name="FolderPath">TempFilePath</Parameter>
		<Parameter name="OutDocument" direction="out" eval="variable" type="document">inDoc</Parameter>
	</Activity>
	<Activity Name="SpawnSubWorkFlow_REQUIRES_PRODUCT">
		<Action>InitiateSubFlow</Action>
		<Description>Spawn the subworkflow for REQUIRES_PRODUCT repository</Description>
		<Execution>SYNCHR</Execution>
		<Parameter direction="in" type="string" eval="constant" name="eventState">SPAWNWORKFLOW</Parameter>
		<Parameter direction="in" type="string" eval="constant" name="ProcessID">standard/workflow/wfin26partialimportfcdatasubflowv1</Parameter>
		<Parameter direction="in" type="document" eval="variable" name="InDocument">inDoc</Parameter>
		<Parameter name="RepositoryName" direction="in" eval="constant" type="string">REQUIRES_PRODUCT</Parameter>
		<Parameter direction="in" eval="variable" type="string" name="ProjectTagNames">ProjectTagName</Parameter>
		<Parameter direction="in" eval="variable" type="string" name="FolderPath">TempFilePath</Parameter>
		<Parameter name="OutDocument" direction="out" eval="variable" type="document">inDoc</Parameter>
	</Activity>
	<Activity Name="SpawnSubWorkFlow_RULE">
		<Action>InitiateSubFlow</Action>
		<Description>Spawn the subworkflow for RULE repository</Description>
		<Execution>SYNCHR</Execution>
		<Parameter direction="in" type="string" eval="constant" name="eventState">SPAWNWORKFLOW</Parameter>
		<Parameter direction="in" type="string" eval="constant" name="ProcessID">standard/workflow/wfin26partialimportfcdatasubflowv1</Parameter>
		<Parameter direction="in" type="document" eval="variable" name="InDocument">inDoc</Parameter>
		<Parameter name="RepositoryName" direction="in" eval="constant" type="string">RULE</Parameter>
		<Parameter direction="in" eval="variable" type="string" name="ProjectTagNames">ProjectTagName</Parameter>
		<Parameter direction="in" eval="variable" type="string" name="FolderPath">TempFilePath</Parameter>
		<Parameter name="OutDocument" direction="out" eval="variable" type="document">inDoc</Parameter>
	</Activity>
	<Activity Name="SpawnSubWorkFlow_RULECONDITION">
		<Action>InitiateSubFlow</Action>
		<Description>Spawn the subworkflow for RULECONDITION repository</Description>
		<Execution>SYNCHR</Execution>
		<Parameter direction="in" type="string" eval="constant" name="eventState">SPAWNWORKFLOW</Parameter>
		<Parameter direction="in" type="string" eval="constant" name="ProcessID">standard/workflow/wfin26partialimportfcdatasubflowv1</Parameter>
		<Parameter direction="in" type="document" eval="variable" name="InDocument">inDoc</Parameter>
		<Parameter name="RepositoryName" direction="in" eval="constant" type="string">RULECONDITION</Parameter>
		<Parameter direction="in" eval="variable" type="string" name="ProjectTagNames">ProjectTagName</Parameter>
		<Parameter direction="in" eval="variable" type="string" name="FolderPath">TempFilePath</Parameter>
		<Parameter name="OutDocument" direction="out" eval="variable" type="document">inDoc</Parameter>
	</Activity>
	<Activity Name="SpawnSubWorkFlow_RULEPARAMETER">
		<Action>InitiateSubFlow</Action>
		<Description>Spawn the subworkflow for RULEPARAMETER repository</Description>
		<Execution>SYNCHR</Execution>
		<Parameter direction="in" type="string" eval="constant" name="eventState">SPAWNWORKFLOW</Parameter>
		<Parameter direction="in" type="string" eval="constant" name="ProcessID">standard/workflow/wfin26partialimportfcdatasubflowv1</Parameter>
		<Parameter direction="in" type="document" eval="variable" name="InDocument">inDoc</Parameter>
		<Parameter name="RepositoryName" direction="in" eval="constant" type="string">RULEPARAMETER</Parameter>
		<Parameter direction="in" eval="variable" type="string" name="ProjectTagNames">ProjectTagName</Parameter>
		<Parameter direction="in" eval="variable" type="string" name="FolderPath">TempFilePath</Parameter>
		<Parameter name="OutDocument" direction="out" eval="variable" type="document">inDoc</Parameter>
	</Activity>
	<Activity Name="SpawnSubWorkFlow_SALESCHANNEL">
		<Action>InitiateSubFlow</Action>
		<Description>Spawn the subworkflow for SALESCHANNEL repository</Description>
		<Execution>SYNCHR</Execution>
		<Parameter direction="in" type="string" eval="constant" name="eventState">SPAWNWORKFLOW</Parameter>
		<Parameter direction="in" type="string" eval="constant" name="ProcessID">standard/workflow/wfin26partialimportfcdatasubflowv1</Parameter>
		<Parameter direction="in" type="document" eval="variable" name="InDocument">inDoc</Parameter>
		<Parameter name="RepositoryName" direction="in" eval="constant" type="string">SALESCHANNEL</Parameter>
		<Parameter direction="in" eval="variable" type="string" name="ProjectTagNames">ProjectTagName</Parameter>
		<Parameter direction="in" eval="variable" type="string" name="FolderPath">TempFilePath</Parameter>
		<Parameter name="OutDocument" direction="out" eval="variable" type="document">inDoc</Parameter>
	</Activity>	
	<Activity Name="SpawnSubWorkFlow_PROJECTTAG">
		<Action>InitiateSubFlow</Action>
		<Description>Spawn the subworkflow for PROJECTTAG repository</Description>
		<Execution>SYNCHR</Execution>
		<Parameter direction="in" type="string" eval="constant" name="eventState">SPAWNWORKFLOW</Parameter>
		<Parameter direction="in" type="string" eval="constant" name="ProcessID">standard/workflow/wfin26partialimportfcdatasubflowv1</Parameter>
		<Parameter direction="in" type="document" eval="variable" name="InDocument">inDoc</Parameter>
		<Parameter name="RepositoryName" direction="in" eval="constant" type="string">PROJECTTAG</Parameter>
		<Parameter direction="in" eval="variable" type="string" name="ProjectTagNames">ProjectTagName</Parameter>
		<Parameter direction="in" eval="variable" type="string" name="FolderPath">TempFilePath</Parameter>
		<Parameter name="OutDocument" direction="out" eval="variable" type="document">inDoc</Parameter>
	</Activity>
	<Activity Name="SpawnSubWorkFlow_KEYVALUE">
		<Action>InitiateSubFlow</Action>
		<Description>Spawn the subworkflow for KEYVALUE repository</Description>
		<Execution>SYNCHR</Execution>
		<Parameter direction="in" type="string" eval="constant" name="eventState">SPAWNWORKFLOW</Parameter>
		<Parameter direction="in" type="string" eval="constant" name="ProcessID">standard/workflow/wfin26partialimportfcdatasubflowv1</Parameter>
		<Parameter direction="in" type="document" eval="variable" name="InDocument">inDoc</Parameter>
		<Parameter name="RepositoryName" direction="in" eval="constant" type="string">KEYVALUE</Parameter>
		<Parameter direction="in" eval="variable" type="string" name="ProjectTagNames">ProjectTagName</Parameter>
		<Parameter direction="in" eval="variable" type="string" name="FolderPath">TempFilePath</Parameter>
		<Parameter name="OutDocument" direction="out" eval="variable" type="document">inDoc</Parameter>
	</Activity>
	<Activity Name="PrepareForImport">
		<Action>FCPrepareForImport</Action>
		<Description lang="en">Prepare for import</Description>
		<Parameter direction="in" type="string" eval="constant" name="eventState">PREPAREIMPORT</Parameter>
		<Parameter direction="in" eval="variable" type="string" name="FolderPath">TempFilePath</Parameter>
		<Parameter direction="out" eval="variable" type="string" name="OutParametersString">ImportQueue</Parameter>
	</Activity>
	<Activity Name="EvaluateImportParameters">
		<Action>EvaluateImportParameters</Action>
		<Description lang="en">Evaluate import parameters</Description>
		<Parameter direction="in" type="string" eval="constant" name="eventState">EVALUATEIMPORTPARAMETERS</Parameter>
		<Parameter direction="in" eval="variable" type="string" name="FolderPath">TempFilePath</Parameter>
		<Parameter direction="in" eval="variable" type="string" name="InParametersString">ImportQueue</Parameter>
		<Parameter direction="out" eval="variable" type="string" name="importCompleted">ImportCompleted</Parameter>
		<Parameter direction="out" eval="variable" type="string" name="deleteRequired">DeleteRequired</Parameter>
		<Parameter direction="out" eval="variable" type="string" name="masterCatalog">CatalogName</Parameter>
		<Parameter direction="out" eval="variable" type="string" name="catalogDbId">CatalogDbId</Parameter>
		<Parameter direction="out" eval="variable" type="string" name="dataSourceName">DataSourceName</Parameter>
		<Parameter direction="out" eval="variable" type="string" name="dataSourceDbId">DataSourceDbId</Parameter>
		<Parameter direction="out" eval="variable" type="string" name="URI">uri</Parameter>
		<Parameter direction="out" eval="variable" type="string" name="fileName">FileName</Parameter>
		<Parameter direction="out" eval="variable" type="string" name="inputMapName">InputMapName</Parameter>
		<Parameter direction="out" eval="variable" type="string" name="incremental">Incremental</Parameter>
		<Parameter direction="out" eval="variable" type="string" name="mergeData">MergeData</Parameter>
		<Parameter direction="out" eval="variable" type="string" name="splitImportBatch">SplitImportBatch</Parameter>
		<Parameter direction="out" eval="variable" type="string" name="importRelationshipsOnly">ImportRelationshipsOnly</Parameter>
		<Parameter direction="out" eval="variable" type="string" name="classifyRecordsOnly">ClassifyRecordsOnly</Parameter>
		<Parameter direction="out" eval="variable" type="arraylist" name="productIdsForDelete">ProductIdsForDelete</Parameter>
		<Parameter direction="out" eval="variable" type="arraylist" name="productExtsForDelete">ProductExtsForDelete</Parameter>
		<Parameter direction="out" eval="variable" type="string" name="OutParametersString">ImportQueue</Parameter>
		<Parameter direction="out" eval="variable" type="string" name="enterpriseUsername">EnterpriseUsername</Parameter>
		<Parameter direction="in" eval="constant" type="string" name="DocsubType">CatSourceLoadImport</Parameter>
	</Activity>

	<Activity Name="EvaluateImportParameters2">
		<Action>NoOperation</Action>
		<Description lang="en">Evaluate import parameters</Description>
		<Parameter direction="in" type="string" eval="constant" name="eventState">EVALUATEIMPORTPARAMETERS</Parameter>
		<Parameter direction="in" eval="constant" type="string" name="InputMapName">PRODUCT_DATA_IMAP_REL</Parameter>
		<Parameter direction="in" eval="constant" type="string" name="ImportRelationshipsOnly">true</Parameter>
		<Parameter direction="in" eval="constant" type="string" name="DocsubType">CatSourceImport</Parameter>
	</Activity>

	<Activity Name="EvaluateImportParameters3">
		<Action>NoOperation</Action>
		<Description lang="en">Evaluate import parameters</Description>
		<Parameter direction="in" type="string" eval="constant" name="eventState">EVALUATEIMPORTPARAMETERS</Parameter>
		<Parameter direction="in" eval="constant" type="string" name="InputMapName">PLANFRAGMENT_DATA_IMAP_REL</Parameter>
		<Parameter direction="in" eval="constant" type="string" name="ImportRelationshipsOnly">true</Parameter>
		<Parameter direction="in" eval="constant" type="string" name="DocsubType">CatSourceImport</Parameter>
	</Activity>

	<Activity Name="EvaluateImportParameters4">
		<Action>NoOperation</Action>
		<Description lang="en">Evaluate import parameters</Description>
		<Parameter direction="in" type="string" eval="constant" name="eventState">EVALUATEIMPORTPARAMETERS</Parameter>
		<Parameter direction="in" eval="constant" type="string" name="InputMapName">MILESTONE_DATA_IMAP_REL</Parameter>
		<Parameter direction="in" eval="constant" type="string" name="ImportRelationshipsOnly">true</Parameter>
		<Parameter direction="in" eval="constant" type="string" name="DocsubType">CatSourceImport</Parameter>
	</Activity>
	
	<Activity Name="ReplaceImportParameters">
		<Action>Translate</Action>
		<Execution>SYNCHR</Execution>
		<Description lang="en">Replace import parameters</Description>
		<Parameter direction="in" name="Derived" type="string" eval="constant">false</Parameter>
		<Parameter direction="in" eval="constant" type="string" name="Translator">XSLT</Parameter>
		<Parameter direction="in" eval="constant" type="string" name="Map">standard/maps/mp26changeimportparameters</Parameter>
		<Parameter direction="in" eval="constant" type="string" name="OutputFormat">mlXML</Parameter>
		<Parameter direction="in" eval="constant" type="string" name="Normalize">None</Parameter>
		<Parameter direction="in" eval="variable" type="string" name="Xsl_Param_Docsubtype">DocsubType</Parameter>
		<Parameter direction="in" eval="variable" type="string" name="Xsl_Param_CatalogName">CatalogName</Parameter>
		<Parameter direction="in" eval="variable" type="string" name="Xsl_Param_CatalogDbId">CatalogDbId</Parameter>
		<Parameter direction="in" eval="variable" type="string" name="Xsl_Param_DataSource">DataSourceName</Parameter>
		<Parameter direction="in" eval="variable" type="string" name="Xsl_Param_DataSource_DBID">DataSourceDbId</Parameter>
		<Parameter direction="in" eval="variable" type="string" name="Xsl_Param_DataSource_URI">uri</Parameter>
		<Parameter direction="in" eval="variable" type="string" name="Xsl_Param_FileName">FileName</Parameter>
		<Parameter direction="in" eval="variable" type="string" name="Xsl_Param_InputMap">InputMapName</Parameter>
		<Parameter direction="in" eval="variable" type="string" name="Xsl_Param_Extension_Incremental">Incremental</Parameter>
		<Parameter direction="in" eval="variable" type="string" name="Xsl_Param_Extension_MergeData">MergeData</Parameter>
		<Parameter direction="in" eval="variable" type="string" name="Xsl_Param_Extension_SplitImportBatch">SplitImportBatch</Parameter>
		<Parameter direction="in" eval="variable" type="string" name="Xsl_Param_Extension_ImportRelationshipsOnly">ImportRelationshipsOnly</Parameter>
		<Parameter direction="in" eval="variable" type="string" name="Xsl_Param_Extension_ClassifyRecordsOnly">ClassifyRecordsOnly</Parameter>
		<Parameter direction="in" eval="variable" type="document" name="InDocument">inDoc</Parameter>
		<Parameter direction="out" eval="variable" type="document" name="OutDocument">workDoc</Parameter>
		<Parameter direction="in" type="string" eval="constant" name="eventState">TRANSLATE</Parameter>
	</Activity>
	<Activity Name="InitiateSubFlow">
		<Action>InitiateSubFlow</Action>
		<Description>Initiate the subworkflow for PRODUCT repository</Description>
		<Execution>SYNCHR</Execution>
		<Parameter direction="in" type="string" eval="constant" name="eventState">SPAWNWORKFLOW</Parameter>
		<Parameter direction="in" type="string" eval="constant" name="ProcessID">standard/workflow/wfin26importdatasubflowv1.xml</Parameter>
		<Parameter direction="in" type="document" eval="variable" name="InDocument">workDoc</Parameter>
		<Parameter name="eventStatus" type="string" eval="variable" direction="out">eventStatus</Parameter>
	</Activity>
	
	<Activity Name="SpawnWorkFlow">
		<Action>SpawnWorkflow</Action>
		<Description>Spawn workflow</Description>
		<Execution>SYNCHR</Execution>
		<Parameter direction="in" type="string" eval="constant" name="eventState">SPAWNWORKFLOW</Parameter>
		<Parameter direction="in" type="document" eval="variable" name="InDocument">workDoc</Parameter>
		<Parameter direction="in" name="DocumentTemplate" type="string" eval="constant">standard/template/tm26catsourceimportv1.xml</Parameter>
		<Parameter direction="in" eval="constant" name="Form" type="string">standard/forms/fm26catsourceimportv1.xml</Parameter>
		<Parameter direction="in" eval="constant" name="DefaultDomain" type="string">MartQuestNet</Parameter>
		<Parameter direction="in" name="SenderCredential" type="string" eval="variable">EnterpriseUsername</Parameter>
		<Parameter direction="in" name="ChannelCredential" type="string" eval="variable">EnterpriseUsername</Parameter>
		<Parameter direction="in" name="TradingPartnerCredential" type="string" eval="variable">EnterpriseUsername</Parameter>
		<Parameter direction="in" name="DocSubType" type="string" eval="variable">DocsubType</Parameter>
		<Parameter direction="in" name="DataSource" type="string" eval="variable">DataSourceName</Parameter>
		<Parameter direction="in" name="DataSourceId" type="string" eval="variable">DataSourceDbId</Parameter>
		<Parameter direction="in" eval="variable" type="string" name="DataSourceURI">uri</Parameter>
		<Parameter direction="in" eval="variable" type="string" name="DataFileName">FileName</Parameter>
		<Parameter direction="in" eval="variable" type="string" name="MasterCatalog">CatalogName</Parameter>
		<Parameter direction="in" eval="variable" type="string" name="MasterCatalogId">CatalogDbId</Parameter>
		<Parameter direction="in" eval="variable" type="string" name="InputMap">InputMapName</Parameter>
		<Parameter direction="in" eval="variable" type="string" name="ExtensionIncremental">Incremental</Parameter>
		<Parameter direction="in" eval="variable" type="string" name="ExtensionMergeData">MergeData</Parameter>
		<Parameter direction="in" eval="variable" type="string" name="ExtensionSplitImportBatch">SplitImportBatch</Parameter>
		<Parameter direction="in" eval="variable" type="string" name="ExtensionImportRelationshipsOnly">ImportRelationshipsOnly</Parameter>
		<Parameter direction="in" eval="variable" type="string" name="ExtensionClassifyRecordsOnly">ClassifyRecordsOnly</Parameter>
	</Activity>
	
	<Activity Name="SuspendWorkflow">
		<Action>SuspendWorkflow</Action>
		<Description lang="en">Suspend and wait for restart</Description>
		<Execution>SYNCHR</Execution>
	</Activity>
	
	<Activity Name="DeleteRecord">
		<Action>DeleteRecord</Action>
		<Description lang="en">Delete records for import</Description>
		<Parameter direction="in" type="string" eval="constant" name="eventState">IMPORTDELETEPROD</Parameter>
		<Parameter direction="in" eval="variable" type="string" name="MasterCatalog">CatalogName</Parameter>
		<Parameter direction="in" name="ProductIds" type="arraylist" eval="variable">ProductIdsForDelete</Parameter>
		<Parameter direction="in" name="ProductExtns" type="arraylist" eval="variable">ProductExtsForDelete</Parameter>
		<!--Parameter direction="in" eval="constant" type="long" name="RecordPerAsyncCall">10</Parameter-->
		<!--Parameter direction="in" name="AsynProcessIndicator" type="boolean" eval="constant">true</Parameter-->
	</Activity>
	
   <Activity Name="SetStatusToSuccess">
      <Action>UpdateEvent</Action>
      <Description lang="en">Set the event status to Success/Done</Description>
      <Parameter direction="in" name="eventStatus" type="string" eval="constant">SUCCESS</Parameter>
      <Parameter direction="in" type="string" eval="constant" name="eventState">DONE</Parameter>
   </Activity>
   <Activity Name="SetStatusToError">
      <Action>UpdateEvent</Action>
      <Description lang="en">Set the event status to Error/Done</Description>
      <Parameter direction="in" name="eventStatus" type="string" eval="constant">ERROR</Parameter>
      <Parameter direction="in" type="string" eval="constant" name="eventState">DONE</Parameter>
   </Activity>
	<Activity Name="SetStatusToCancel">
		<Action>UpdateEvent</Action>
		<Description lang="en">Set the event status to Cancelled/Done</Description>
		<Parameter direction="in" name="eventStatus" type="string" eval="constant">CANCELLED</Parameter>
		<Parameter direction="in" type="string" eval="constant" name="eventState">DONE</Parameter>
	</Activity>
   <Activity Name="SetRepositoryInvalidError">
      <Action>UpdateEvent</Action>
      <Description lang="en">Repository is not valid</Description>
      <Parameter direction="in" name="eventStatus" type="string" eval="constant">ERROR</Parameter>
      <Parameter direction="in" type="string" eval="constant" name="eventState">DONE</Parameter>
   </Activity>
   <Activity Name="RejectDueToWorkflowError">
      <Action>Send</Action>
      <Description lang="en">Error occured during workflow processing</Description>
      <Execution>ASYNCHR</Execution>
      <Parameter direction="in" type="string" eval="constant" name="eventState">REJECTDUETOWFERROR</Parameter>
      <Parameter direction="in" eval="rule" source="Message or Workflow Completion" type="string" name="Protocol">inDoc</Parameter>
      <Parameter direction="in" eval="rule" source="Message or Workflow Completion" type="long" name="Address">inDoc</Parameter>
      <Parameter direction="in" name="Sender" type="string" eval="constant">support@tibco.com</Parameter>
      <Parameter direction="in" name="Presentation" type="string" eval="constant">com.tibco.mdm.ui.workflow.engine.emailtemplates.EmailUploadImportWorkflowError</Parameter>
      <Parameter direction="in" eval="constant" type="string" name="Form">standard/forms/fm26ca.xml</Parameter>
      <Parameter direction="in" type="document" eval="variable" name="InDocument">inDoc</Parameter>
   </Activity>
	<Activity Name="GetEventSummary">
		<Action>GetAssocEventsSummary</Action>
		<Description lang="en">Get the summary of events</Description>
		<Parameter direction="in" name="SummaryOption" type="string" eval="constant">Children</Parameter>
		<!--Parameter direction="in" type="boolean" eval="constant" name="LockOption">true</Parameter-->
		<Parameter direction="out" name="EventsToBeSpawned" type="long" eval="variable">totalEventsToBeSpawned</Parameter>
		<Parameter direction="out" name="TotalEventsProcessed" type="long" eval="variable">totalEvents</Parameter>
		<Parameter direction="out" name="EventsSuccessful" type="long" eval="variable">eventsSuccessful</Parameter>
		<Parameter direction="out" name="EventsInError" type="long" eval="variable">eventsInError</Parameter>
		<Parameter direction="out" name="EventsCancelled" type="long" eval="variable">eventsCancelled</Parameter>
		<Parameter direction="out" name="EventsInProgress" type="long" eval="variable">eventsInprogress</Parameter>
		<Parameter direction="out" name="EventID" type="long" eval="variable">childEventID</Parameter>
	</Activity>
   
   <Transition FromActivity="AddMsgInfoToEvent" ToActivity="ComputeImportFileDirectory"/>

   <Transition FromActivity="ComputeImportFileDirectory" ToActivity="ExtractAndValidateZipFile"/>
   <Transition FromActivity="ExtractAndValidateZipFile" ToActivity="IdentifyExportedTags"/>
   <Transition FromActivity="IdentifyExportedTags" ToActivity="SpawnSubWorkFlow_PRODUCT"/>
   <Transition FromActivity="SpawnSubWorkFlow_PRODUCT" ToActivity="SpawnSubWorkFlow_ACTION"/>
   <Transition FromActivity="SpawnSubWorkFlow_ACTION" ToActivity="SpawnSubWorkFlow_ALLOWANCE"/>
   <Transition FromActivity="SpawnSubWorkFlow_ALLOWANCE" ToActivity="SpawnSubWorkFlow_DISCOUNT"/>
   <Transition FromActivity="SpawnSubWorkFlow_DISCOUNT" ToActivity="SpawnSubWorkFlow_POLICYRULE"/>
   <Transition FromActivity="SpawnSubWorkFlow_POLICYRULE" ToActivity="SpawnSubWorkFlow_PRICE"/>
   <Transition FromActivity="SpawnSubWorkFlow_PRICE" ToActivity="SpawnSubWorkFlow_CATALOG"/>
   <Transition FromActivity="SpawnSubWorkFlow_CATALOG" ToActivity="SpawnSubWorkFlow_CHARACTERISTIC"/>
   <Transition FromActivity="SpawnSubWorkFlow_CHARACTERISTIC" ToActivity="SpawnSubWorkFlow_CHARACTERISTICDATATYPE"/>
   <Transition FromActivity="SpawnSubWorkFlow_CHARACTERISTICDATATYPE" ToActivity="SpawnSubWorkFlow_MILESTONE"/>
   <Transition FromActivity="SpawnSubWorkFlow_MILESTONE" ToActivity="SpawnSubWorkFlow_PARTY"/>
   <Transition FromActivity="SpawnSubWorkFlow_PARTY" ToActivity="SpawnSubWorkFlow_PARTYEXTENSION"/>
   <Transition FromActivity="SpawnSubWorkFlow_PARTYEXTENSION" ToActivity="SpawnSubWorkFlow_PLANFRAGMENT"/>
   <Transition FromActivity="SpawnSubWorkFlow_PLANFRAGMENT" ToActivity="SpawnSubWorkFlow_SEGMENT"/>
   <Transition FromActivity="SpawnSubWorkFlow_SEGMENT" ToActivity="SpawnSubWorkFlow_CATEGORY"/>
   <Transition FromActivity="SpawnSubWorkFlow_CATEGORY" ToActivity="SpawnSubWorkFlow_MIGRATION"/>
   <Transition FromActivity="SpawnSubWorkFlow_MIGRATION" ToActivity="SpawnSubWorkFlow_REQUIRES_PRODUCT"/>
   <Transition FromActivity="SpawnSubWorkFlow_REQUIRES_PRODUCT" ToActivity="SpawnSubWorkFlow_RULE"/>
   <Transition FromActivity="SpawnSubWorkFlow_RULE" ToActivity="SpawnSubWorkFlow_RULECONDITION"/>
   <Transition FromActivity="SpawnSubWorkFlow_RULECONDITION" ToActivity="SpawnSubWorkFlow_RULEPARAMETER"/>   
   <Transition FromActivity="SpawnSubWorkFlow_RULEPARAMETER" ToActivity="SpawnSubWorkFlow_SALESCHANNEL"/>
   <Transition FromActivity="SpawnSubWorkFlow_SALESCHANNEL" ToActivity="SpawnSubWorkFlow_KEYVALUE"/>
   <Transition FromActivity="SpawnSubWorkFlow_KEYVALUE" ToActivity="SpawnSubWorkFlow_PROJECTTAG"/>
   <Transition FromActivity="SpawnSubWorkFlow_PROJECTTAG" ToActivity="PrepareForImport"/>
	<Transition FromActivity="PrepareForImport" ToActivity="EvaluateImportParameters"/>
	
	<Transition FromActivity="EvaluateImportParameters" ToActivity="ReplaceImportParameters">
		<Rule>
			<Parameter name="Status" direction="in" type="string" eval="variable">ImportCompleted</Parameter>
			<Parameter direction="in" name="InComplete" eval="constant" type="string">FALSE</Parameter>
			<Parameter name="result" type="boolean" direction="out"/>
			<Condition format="java"><![CDATA[
				com.tibco.mdm.workflow.engine.transition.WfSharedConditionTransition.equalsIgnoreCase(Status, InComplete);
					]]></Condition>
		</Rule>
	</Transition>
	
	<Transition FromActivity="EvaluateImportParameters" ToActivity="DeleteRecord">
		<Rule>
			<Parameter name="ImportStatus" direction="in" type="string" eval="variable">ImportCompleted</Parameter>
			<Parameter name="DeletePending" direction="in" type="string" eval="variable">DeleteRequired</Parameter>
			<Parameter name="result" type="boolean" direction="out"/>
					
			<Condition format="bsh"><![CDATA[
					result = ImportStatus.equalsIgnoreCase("true") && 
						DeletePending.equalsIgnoreCase("true")
                ]]></Condition>					
		</Rule>
	</Transition>
	
	<Transition FromActivity="EvaluateImportParameters" ToActivity="SetStatusToSuccess">
		<Rule>
			<Parameter name="ImportStatus" direction="in" type="string" eval="variable">ImportCompleted</Parameter>
			<Parameter name="DeletePending" direction="in" type="string" eval="variable">DeleteRequired</Parameter>
			<Parameter name="result" type="boolean" direction="out"/>
			<Condition format="bsh"><![CDATA[
					result = ImportStatus.equalsIgnoreCase("true") && 
						DeletePending.equalsIgnoreCase("false")
                ]]></Condition>	
		</Rule>
	</Transition>
   
	<Transition FromActivity="ReplaceImportParameters" ToActivity="SpawnWorkFlow">
		<Description lang="en">In case of Import Relationship.</Description>
		<Rule>
			<Parameter direction="in" eval="xpath" type="string" name="ImportRelationshipsOnly" source="/Message/Body/Document/BusinessDocument/CatalogAction/CatalogActionHeader/MasterCatalog/Extension[@name='ImportRelationshipsOnly']/Value/text()">workDoc</Parameter>
			<Parameter direction="in" name="inputParamString" eval="constant" type="string">true</Parameter>
			<Parameter name="result" type="boolean" direction="out"/>
			<Condition format="java"><![CDATA[
					com.tibco.mdm.workflow.engine.transition.WfSharedConditionTransition.equalsIgnoreCase(inputParamString,ImportRelationshipsOnly);
                ]]>
            </Condition>
		</Rule>
	</Transition>

	<Transition FromActivity="SpawnWorkFlow" ToActivity="SuspendWorkflow"/>
	<Transition FromActivity="SuspendWorkflow" ToActivity="GetEventSummary"/>

	<Transition FromActivity="GetEventSummary" ToActivity="RejectDueToWorkflowError">
		<Description>If child workflow is error out</Description>
		<Rule>
		<Parameter name="eventsInError" type="long" eval="variable" direction="in">eventsInError</Parameter>
		<Parameter name="result" type="boolean" direction="out" />
		<Condition format="bsh">
			<![CDATA[
				result = (eventsInError >= 1);
			]]>
		</Condition>
		</Rule>
	</Transition>

	<Transition FromActivity="GetEventSummary" ToActivity="SetStatusToCancel">
			<Description>If child workflow is cancelled</Description>
		<Rule>
		<Parameter name="eventsCancelled" type="long" eval="variable" direction="in">eventsCancelled</Parameter>
		<Parameter name="result" type="boolean" direction="out" />
		<Condition format="bsh">
			<![CDATA[
				result = (eventsCancelled >= 1);
			]]>
		</Condition>
		</Rule>
	</Transition>

	<Transition FromActivity="GetEventSummary" ToActivity="EvaluateImportParameters"/>
	
	<Transition FromActivity="ReplaceImportParameters" ToActivity="InitiateSubFlow"/>
	<Transition FromActivity="InitiateSubFlow" ToActivity="RejectDueToWorkflowError">
		<Description>If error in subflow</Description>
		<Rule>
		<Parameter name="eventStatus" type="string" eval="variable" direction="in">eventStatus</Parameter>
		<Parameter name="result" type="boolean" direction="out" />
		<Condition format="bsh">
			<![CDATA[
				result = (eventStatus != null && eventStatus.equalsIgnoreCase("ERROR"));
				System.out.println("eventStatus in Parent workflow - " + eventStatus);
			]]>
		</Condition>
		</Rule>
	</Transition>   

	<Transition FromActivity="InitiateSubFlow" ToActivity="EvaluateImportParameters2">
		<Rule>
			<Parameter direction="in" eval="xpath" type="string" name="MasterCatalog" source="/Message/Body/Document/BusinessDocument/CatalogAction/CatalogActionHeader/MasterCatalog/RevisionID/BaseName/text()">workDoc</Parameter>
			<Parameter direction="in" name="PRODUCT" eval="constant" type="string">PRODUCT</Parameter>
			<Parameter direction="in" eval="xpath" type="string" name="CatalogInputMap" source="/Message/Body/Document/BusinessDocument/CatalogAction/CatalogActionHeader/MasterCatalog/InputMap/RevisionID/BaseName/text()">workDoc</Parameter>
			<Parameter direction="in" name="PRODUCT_DATA_IMAP" eval="constant" type="string">PRODUCT_DATA_IMAP</Parameter>
			<Parameter name="result" type="boolean" direction="out"/>
			<Condition format="bsh"><![CDATA[
				result = MasterCatalog.equalsIgnoreCase(PRODUCT) && CatalogInputMap.equalsIgnoreCase(PRODUCT_DATA_IMAP);
					]]></Condition>
		</Rule>
	</Transition>
	<Transition FromActivity="EvaluateImportParameters2" ToActivity="ReplaceImportParameters"/>
	
	<Transition FromActivity="InitiateSubFlow" ToActivity="EvaluateImportParameters3">
		<Rule>
			<Parameter direction="in" eval="xpath" type="string" name="MasterCatalog" source="/Message/Body/Document/BusinessDocument/CatalogAction/CatalogActionHeader/MasterCatalog/RevisionID/BaseName/text()">workDoc</Parameter>
			<Parameter direction="in" name="PLANFRAGMENT" eval="constant" type="string">PLANFRAGMENT</Parameter>
			<Parameter direction="in" eval="xpath" type="string" name="CatalogInputMap" source="/Message/Body/Document/BusinessDocument/CatalogAction/CatalogActionHeader/MasterCatalog/InputMap/RevisionID/BaseName/text()">workDoc</Parameter>
			<Parameter direction="in" name="PLANFRAGMENT_DATA_IMAP" eval="constant" type="string">PLANFRAGMENT_DATA_IMAP</Parameter>
			<Parameter name="result" type="boolean" direction="out"/>
			<Condition format="bsh"><![CDATA[
				result = MasterCatalog.equalsIgnoreCase(PLANFRAGMENT) && CatalogInputMap.equalsIgnoreCase(PLANFRAGMENT_DATA_IMAP);
					]]></Condition>
		</Rule>
	</Transition>
	<Transition FromActivity="EvaluateImportParameters3" ToActivity="ReplaceImportParameters"/>
	
	<Transition FromActivity="InitiateSubFlow" ToActivity="EvaluateImportParameters4">
		<Rule>
			<Parameter direction="in" eval="xpath" type="string" name="MasterCatalog" source="/Message/Body/Document/BusinessDocument/CatalogAction/CatalogActionHeader/MasterCatalog/RevisionID/BaseName/text()">workDoc</Parameter>
			<Parameter direction="in" name="MILESTONE" eval="constant" type="string">MILESTONE</Parameter>
			<Parameter direction="in" eval="xpath" type="string" name="CatalogInputMap" source="/Message/Body/Document/BusinessDocument/CatalogAction/CatalogActionHeader/MasterCatalog/InputMap/RevisionID/BaseName/text()">workDoc</Parameter>
			<Parameter direction="in" name="MILESTONE_DATA_IMAP" eval="constant" type="string">MILESTONE_DATA_IMAP</Parameter>
			<Parameter name="result" type="boolean" direction="out"/>
			<Condition format="bsh"><![CDATA[
				result = MasterCatalog.equalsIgnoreCase(MILESTONE) && CatalogInputMap.equalsIgnoreCase(MILESTONE_DATA_IMAP);
					]]></Condition>
		</Rule>
	</Transition>
	<Transition FromActivity="EvaluateImportParameters4" ToActivity="ReplaceImportParameters"/>
	
	<Transition FromActivity="InitiateSubFlow" ToActivity="EvaluateImportParameters"/>
	<Transition FromActivity="DeleteRecord" ToActivity="EvaluateImportParameters"/>
	<Transition type="error" FromActivity="Any" ToActivity="RejectDueToWorkflowError"/>
	<Transition FromActivity="RejectDueToWorkflowError" ToActivity="SetStatusToError"/>

</Workflow>
<!-- Copyright (c) 2018-2018 TIBCO Software Inc. All Rights Reserved. Confidential & Proprietary. -->