
<Workflow Version="1.3" xsi:noNamespaceSchemaLocation="Workflow.xsd" xmlns:xsi="http://www.w3.org/2001/XMLSchema-instance">
   <Owner>TIBCO</Owner>
   <Name>wfin26bulkdatadeletev1</Name>
   <Description>Process to bulk delete records</Description>
   <Parameter direction="in" name="inDoc" description="Free form workflow description" type="document" eval="variable">1</Parameter>
   <!--Parameter direction="in" name="MasterCatalog_ActiveCat" description="Free form workflow description" type="string" eval="variable"></Parameter-->
	<Activity Name="AddMsgInfoToEvent">
		<Start/>
		<Action>UpdateEvent</Action>
		<Description>Set the event state</Description>
		<Execution>SYNCHR</Execution>
		<Parameter direction="in" name="eventDescriptor" eval="constant" type="string">BULKDATADELETE</Parameter>
	</Activity>
	<Activity Name="ComputeImportFileDirectory">
		<Action>InterpretCommand</Action>
		<Description lang="en">Determine the directory to store the import file</Description>
		
		<!-- If triggering this workflow from outside, change the eval from variable to constant, change the direction from out to in, remove the script and provide a valid absolute directory path. 
		This path is where csv files should be present. The directory specified here should be located on CIM server and should have read, modify permission-->
		<Parameter direction="out" name="TempFilePath" type="string" eval="variable">TempFilePath</Parameter>
		<Script format="bsh"><![CDATA[
				java.lang.String TempFilePath = com.tibco.ac.util.ActiveCatalogUtility.createTempFilePath("BulkDataDelete");
		]]></Script>
	</Activity>
	<Activity Name="ExtractAndValidateZipFile">
		<Action>ExtractAndValidateZip</Action>
		<Description lang="en">Extract and validate the input zip file</Description>
		<Parameter direction="in" type="string" eval="constant" name="eventState">VALIDATEINPUT</Parameter>
		<Parameter direction="in" type="string" eval="constant" name="ValidFileExtensions">txt,csv</Parameter>
		<Parameter direction="in" eval="variable" type="string" name="FolderPath">TempFilePath</Parameter>
	</Activity>

	<Activity Name="PrepareForDelete">
		<Action>FCPrepareForDelete</Action>
		<Description lang="en">Prepare for Delete</Description>
		<Parameter direction="in" type="string" eval="constant" name="eventState">PREPAREDELETE</Parameter>
		<Parameter direction="in" eval="variable" type="string" name="FolderPath">TempFilePath</Parameter>
		<Parameter direction="in" eval="constant" type="string" name="Delimiter">,</Parameter>
		<Parameter direction="out" eval="variable" type="string" name="OutParametersString">ImportQueue</Parameter>
	</Activity>

	<Activity Name="EvaluateImportParameters">
		<Action>EvaluateImportParameters</Action>
		<Description lang="en">Evaluate import parameters</Description>
		<Parameter direction="in" type="string" eval="constant" name="eventState">EVALUATEIMPORTPARAMETERS</Parameter>
		<Parameter direction="in" type="string" eval="variable" name="InParametersString">ImportQueue</Parameter>
		<Parameter direction="in" eval="variable" type="string" name="FolderPath">TempFilePath</Parameter>
		<Parameter direction="out" eval="variable" type="string" name="importCompleted">ImportCompleted</Parameter>
		<Parameter direction="out" eval="variable" type="string" name="masterCatalog">CatalogName</Parameter>
		<Parameter direction="out" eval="variable" type="string" name="catalogDbId">CatalogDbId</Parameter>
		<Parameter direction="out" eval="variable" type="string" name="dataSourceName">DataSourceName</Parameter>
		<Parameter direction="out" eval="variable" type="string" name="dataSourceDbId">DataSourceDbId</Parameter>
		<Parameter direction="out" eval="variable" type="string" name="URI">uri</Parameter>
		<Parameter direction="out" eval="variable" type="string" name="fileName">FileName</Parameter>
		<Parameter direction="out" eval="variable" type="string" name="inputMapName">InputMapName</Parameter>
		<Parameter direction="out" eval="variable" type="string" name="incremental">Incremental</Parameter>
		<Parameter direction="out" eval="variable" type="string" name="mergeData">MergeData</Parameter>
		<Parameter direction="out" eval="variable" type="string" name="splitImportBatch">SplitImportBatch</Parameter>
		<Parameter direction="out" eval="variable" type="string" name="importRelationshipsOnly">ImportRelationshipsOnly</Parameter>
		<Parameter direction="out" eval="variable" type="string" name="classifyRecordsOnly">ClassifyRecordsOnly</Parameter>
		<Parameter direction="out" eval="variable" type="string" name="enterpriseUsername">EnterpriseUsername</Parameter>
		<Parameter direction="out" eval="variable" type="string" name="OutParametersString">ImportQueue</Parameter>
		<Parameter direction="in" eval="constant" type="string" name="DocsubType">CatSourceLoadImport</Parameter>
	</Activity>
	
	<Activity Name="ReplaceImportParameters">
		<Action>Translate</Action>
		<Execution>SYNCHR</Execution>
		<Description lang="en">Replace import parameters</Description>
		<Parameter direction="in" name="Derived" type="string" eval="constant">false</Parameter>
		<Parameter direction="in" eval="constant" type="string" name="Translator">XSLT</Parameter>
		<Parameter direction="in" eval="constant" type="string" name="Map">standard/maps/mp26changeimportparameters</Parameter>
		<Parameter direction="in" eval="constant" type="string" name="OutputFormat">mlXML</Parameter>
		<Parameter direction="in" eval="constant" type="string" name="Normalize">None</Parameter>
		<Parameter direction="in" eval="variable" type="string" name="Xsl_Param_Docsubtype">DocsubType</Parameter>
		<Parameter direction="in" eval="variable" type="string" name="Xsl_Param_CatalogName">CatalogName</Parameter>
		<Parameter direction="in" eval="variable" type="string" name="Xsl_Param_CatalogDbId">CatalogDbId</Parameter>
		<Parameter direction="in" eval="variable" type="string" name="Xsl_Param_DataSource">DataSourceName</Parameter>
		<Parameter direction="in" eval="variable" type="string" name="Xsl_Param_DataSource_DBID">DataSourceDbId</Parameter>
		<Parameter direction="in" eval="variable" type="string" name="Xsl_Param_DataSource_URI">uri</Parameter>
		<Parameter direction="in" eval="variable" type="string" name="Xsl_Param_FileName">FileName</Parameter>
		<Parameter direction="in" eval="variable" type="string" name="Xsl_Param_InputMap">InputMapName</Parameter>
		<Parameter direction="in" eval="variable" type="string" name="Xsl_Param_Extension_Incremental">Incremental</Parameter>
		<Parameter direction="in" eval="variable" type="string" name="Xsl_Param_Extension_MergeData">MergeData</Parameter>
		<Parameter direction="in" eval="variable" type="string" name="Xsl_Param_Extension_SplitImportBatch">SplitImportBatch</Parameter>
		<Parameter direction="in" eval="variable" type="string" name="Xsl_Param_Extension_ImportRelationshipsOnly">ImportRelationshipsOnly</Parameter>
		<Parameter direction="in" eval="variable" type="string" name="Xsl_Param_Extension_ClassifyRecordsOnly">ClassifyRecordsOnly</Parameter>
		<Parameter direction="in" eval="constant" type="string" name="Xsl_Param_DeleteRelationshipsOnly">true</Parameter>
		<Parameter direction="in" eval="variable" type="document" name="InDocument">inDoc</Parameter>
		<Parameter direction="out" eval="variable" type="document" name="OutDocument">workDoc</Parameter>
		<Parameter direction="in" type="string" eval="constant" name="eventState">TRANSLATE</Parameter>
	</Activity>
	
	<Activity Name="InitiateSubFlow">
		<Action>InitiateSubFlow</Action>
		<Description>Initiate subworkflow</Description>
		<Execution>SYNCHR</Execution>
		<Parameter direction="in" type="string" eval="constant" name="eventState">SPAWNWORKFLOW</Parameter>
		<Parameter direction="in" type="string" eval="constant" name="ProcessID">standard/workflow/wfin26importdatasubflowv1.xml</Parameter>
		<Parameter direction="in" type="document" eval="variable" name="InDocument">workDoc</Parameter>
		<Parameter name="eventStatus" type="string" eval="variable" direction="out">eventStatus</Parameter>
	</Activity>
	
	<Activity Name="DeleteRecord">
		<Action>DeleteRecord</Action>
		<Description lang="en">Delete records for import</Description>
		<Parameter direction="in" type="string" eval="constant" name="eventState">IMPORTDELETEPROD</Parameter>
		<Parameter direction="in" eval="variable" type="string" name="MasterCatalog">CatalogName</Parameter>
		<Parameter direction="in" name="ProductIds" type="arraylist" eval="variable">ProductIdsForDelete</Parameter>
		<Parameter direction="in" name="ProductExtns" type="arraylist" eval="variable">ProductExtsForDelete</Parameter>
		<!--Parameter direction="in" eval="constant" type="long" name="RecordPerAsyncCall">10</Parameter-->
		<!--Parameter direction="in" name="AsynProcessIndicator" type="boolean" eval="constant">true</Parameter-->
	</Activity>

 	<Activity Name="SetStatusToSuccess">
		<Action>UpdateEvent</Action>
		<Description lang="en">Set the event status to Success/Done</Description>
		<Parameter direction="in" name="eventStatus" type="string" eval="constant">SUCCESS</Parameter>
		<Parameter direction="in" type="string" eval="constant" name="eventState">DONE</Parameter>
	</Activity>
	<Activity Name="SetStatusToError">
		<Action>UpdateEvent</Action>
		<Description lang="en">Set the event status to Error/Done</Description>
		<Parameter direction="in" name="eventStatus" type="string" eval="constant">ERROR</Parameter>
		<Parameter direction="in" type="string" eval="constant" name="eventState">DONE</Parameter>
	</Activity>
	<Activity Name="SetStatusToCancel">
		<Action>UpdateEvent</Action>
		<Description lang="en">Set the event status to Cancelled/Done</Description>
		<Parameter direction="in" name="eventStatus" type="string" eval="constant">CANCELLED</Parameter>
		<Parameter direction="in" type="string" eval="constant" name="eventState">DONE</Parameter>
	</Activity>
	<Activity Name="RejectDueToWorkflowError">
		<Action>Send</Action>
		<Description lang="en">Error occured during workflow processing</Description>
		<Execution>ASYNCHR</Execution>
		<Parameter direction="in" type="string" eval="constant" name="eventState">REJECTDUETOWFERROR</Parameter>
		<Parameter direction="in" eval="rule" source="Message or Workflow Completion" type="string" name="Protocol">inDoc</Parameter>
		<Parameter direction="in" eval="rule" source="Message or Workflow Completion" type="long" name="Address">inDoc</Parameter>
		<Parameter direction="in" name="Sender" type="string" eval="constant">support@tibco.com</Parameter>
		<Parameter direction="in" name="Presentation" type="string" eval="constant">com.tibco.mdm.ui.workflow.engine.emailtemplates.EmailUploadImportWorkflowError</Parameter>
		<Parameter direction="in" eval="constant" type="string" name="Form">standard/forms/fm26ca.xml</Parameter>
		<Parameter direction="in" type="document" eval="variable" name="InDocument">inDoc</Parameter>
	</Activity>	
	
	<Transition FromActivity="AddMsgInfoToEvent" ToActivity="ComputeImportFileDirectory"/>	
	<Transition FromActivity="ComputeImportFileDirectory" ToActivity="ExtractAndValidateZipFile"/>
	<Transition FromActivity="ExtractAndValidateZipFile" ToActivity="PrepareForDelete"/>

	<Transition FromActivity="PrepareForDelete" ToActivity="EvaluateImportParameters"/>
	
	<Transition FromActivity="EvaluateImportParameters" ToActivity="ReplaceImportParameters">
		<Rule>
			<Parameter name="Status" direction="in" type="string" eval="variable">ImportCompleted</Parameter>
			<Parameter direction="in" name="InComplete" eval="constant" type="string">FALSE</Parameter>
			<Parameter name="result" type="boolean" direction="out"/>
			<Condition format="java"><![CDATA[
				com.tibco.mdm.workflow.engine.transition.WfSharedConditionTransition.equalsIgnoreCase(Status, InComplete);
					]]></Condition>
		</Rule>
	</Transition>
	
	<Transition FromActivity="EvaluateImportParameters" ToActivity="DeleteRecord">
		<Rule>
			<Parameter name="ImportStatus" direction="in" type="string" eval="variable">ImportCompleted</Parameter>
			<Parameter name="DeletePending" direction="in" type="string" eval="variable">DeleteRequired</Parameter>
			<Parameter name="result" type="boolean" direction="out"/>
					
			<Condition format="bsh"><![CDATA[
					result = ImportStatus.equalsIgnoreCase("true") && 
						DeletePending.equalsIgnoreCase("true")
                ]]></Condition>					
		</Rule>
	</Transition>
	
	<Transition FromActivity="EvaluateImportParameters" ToActivity="SetStatusToSuccess">
		<Rule>
			<Parameter name="ImportStatus" direction="in" type="string" eval="variable">ImportCompleted</Parameter>
			<Parameter name="DeletePending" direction="in" type="string" eval="variable">DeleteRequired</Parameter>
			<Parameter name="result" type="boolean" direction="out"/>
			<Condition format="bsh"><![CDATA[
					result = ImportStatus.equalsIgnoreCase("true") && 
						DeletePending.equalsIgnoreCase("false")
                ]]></Condition>	
		</Rule>
	</Transition>
	
	<Transition FromActivity="ReplaceImportParameters" ToActivity="InitiateSubFlow"/>
	<Transition FromActivity="DeleteRecord" ToActivity="EvaluateImportParameters"/>
	
	<Transition FromActivity="InitiateSubFlow" ToActivity="RejectDueToWorkflowError">
		<Description>If error in subflow</Description>
		<Rule>
		<Parameter name="eventStatus" type="string" eval="variable" direction="in">eventStatus</Parameter>
		<Parameter name="result" type="boolean" direction="out" />
		<Condition format="bsh">
			<![CDATA[
				result = (eventStatus != null && eventStatus.equalsIgnoreCase("ERROR"));
				System.out.println("eventStatus in Parent workflow - " + eventStatus);
			]]>
		</Condition>
		</Rule>
	</Transition>
	<Transition FromActivity="InitiateSubFlow" ToActivity="EvaluateImportParameters"/>
	
	<Transition type="error" FromActivity="Any" ToActivity="RejectDueToWorkflowError"/>
	<Transition FromActivity="RejectDueToWorkflowError" ToActivity="SetStatusToError"/>

</Workflow>
<!-- Copyright (c) 2018-2018 TIBCO Software Inc. All Rights Reserved. Confidential & Proprietary. -->