<?xml version="1.0" encoding="UTF-8"?>
<rulebase metaversion="1.0">
<name>Catalog Validations CHARACTERISTIC</name>
<description>Catalog Validations CHARACTERISTIC</description>


<!-- STARTED FIX FOR RELATIONSHIP ATTRIBUTE -->
<declare>
	<var>PROJECTTAG</var>
	<link type="catalog">
		<literal>PROJECTTAG</literal>
	</link>
</declare>

<declare>
	<var>REL_CHARACTERISTICCOMPRISEDOF</var>
	<link type="relationship">
		<literal>CharacteristicComprisedOf</literal>
	</link>
</declare>

<declare>		
	<var>REL_HASDATATYPE</var>
	<link type="relationship">
		<literal>HasDatatype</literal>
	</link>
</declare>

<declare usage="local">
	<var>projectValues</var>
	<datatype type="array" />
</declare>

<constraint>
	<name>DropDownRecordType2</name>
	<description>Validations against RecordType</description>
	<usefor>
		<var>lifecyclestatus</var>
	</usefor>	
	<action>	
			<access mode="view"/>			
	</action>
</constraint>

<constraint>
	<name>AssignProjectValidValues</name>
	<description>AssignProjectValidValues</description>      
	<action>       
		<assign>
			<var>projectValues</var>			
			<table source="sql">
				<literal>PROJECTTAG/NAME</literal>
			</table>
		</assign>
	</action>                
</constraint>

<constraint>
	<name>ProjectTag</name>
	<description>Displays available for Project Tag Name selection</description>
	<usefor>
		<var>ProjectTagName</var>
	</usefor>
	<action>
		<select novalue="no" order="1" showoninput="1">
			<table source="sql">
				<literal>PROJECTTAG/NAME</literal>
			</table>
		</select>
	</action>
</constraint>

<constraint>
	<name>PTN_CHARACTERISTICCOMPRISEDOF</name>
	<description>PTN_CHARACTERISTICCOMPRISEDOF</description>
	<action>
	<check>
		<explanation>Enter valid ProjectTagName for CharacteristicComprisedOf relationship</explanation>
		<information>Enter valid ProjectTagName for CharacteristicComprisedOf relationship</information>
		<neq>
			<op func="isValidProject">
				<var>REL_CHARACTERISTICCOMPRISEDOF/ProjectTagName</var>
				<var>projectValues</var>
			</op>
			<const type="boolean">false</const>
		</neq>
	</check> 	
	</action>
</constraint>

<constraint>
	<name>PTN_HASDATATYPE</name>
	<description>PTN_HASDATATYPE</description>
	<action>
	<check>
		<explanation>Enter valid ProjectTagName for HasDatatype relationship</explanation>
		<information>Enter valid ProjectTagName for HasDatatype relationship</information>
		<neq>
			<op func="isValidProject">
				<var>REL_HASDATATYPE/ProjectTagName</var>
				<var>projectValues</var>
			</op>
			<const type="boolean">false</const>
		</neq>
	</check>
	</action>
</constraint>

<!-- ENDED FIX FOR RELATIONSHIP ATTRIBUTE -->

<constraint>
	<name>DropDownRecordType</name>
	<description>Validations against RecordType</description>
	<usefor>
		<var>RECORD_TYPE</var>
	</usefor>
	<condition>
		<eq>
			<var>CATALOG_NAME</var>
			<const type="string">CHARACTERISTIC</const>
		</eq>
	</condition>	
	<action>
			   	<select novalue="default" showoninput="1">
  				<enum header="no">
					<const type="string">Feature</const>
					<const type="string">Input</const>
					<const type="string">Instance</const>
					<const type="string">Shared</const>

  				</enum>
     		</select>
	</action>
</constraint>

<constraint>
	<name>DropDownDatatype</name>
	<description>Validations against DataType</description>
	<usefor>
		<var>DataType</var>
	</usefor>
		<condition>
		<neq>
			<var>RECORD_ACTION</var>
			<const type="string">VIEW</const>
		</neq>
	</condition>
	<action>
			   	<select novalue="default" showoninput="1">
  				<enum header="no">
					<const type="string">Date</const>
					<const type="string">Integer</const>
					<const type="string">Boolean</const>
					<const type="string">String</const>
  					<const type="string">Number</const>				
				</enum>
     		</select>
	</action>
</constraint>

<constraint>
	<name>DropDownMandatory</name>
	<description>Validations against Mandatory</description>
	<usefor>
		<var>Mandatory</var>
		<var>isFullSearchable</var>
	</usefor>
	<action>
			   	<select novalue="default" showoninput="1">
  				<enum header="no">
					<const type="string">true</const>
					<const type="string">false</const>
  				</enum>
     		</select>
	</action>
</constraint>

<constraint>
	<name>DropDownIsChargeable</name>
	<description>Validations against IsChargeable</description>
	<usefor>
		<var>IsChargeable</var>
	</usefor>
	<action>
			   	<select novalue="default" showoninput="1">
  				<enum header="no">
					<const type="string">true</const>
					<const type="string">false</const>
  				</enum>
     		</select>
	</action>
</constraint>
</rulebase>
<!-- Copyright (c) 2018-2018 TIBCO Software Inc. All Rights Reserved. Confidential & Proprietary. -->