<?xml version="1.0" encoding="UTF-8"?>
<rulebase metaversion="1.0"><name>Search Control Rules</name><description>Search Control Rules</description>

<declare>
	<var>PROJECTTAG</var>
	<link type="catalog">
		<literal>PROJECTTAG</literal>
	</link>
</declare>

<constraint>
	<name>ProjectTag</name>
	<description>Displays available for Project Tag Name selection</description>
	<usefor>
		<var>ProjectTagName</var>
	</usefor>
	<action>
		<select novalue="yes" order="2" showoninput="2,3">
			<table source="sql">
				<literal>PROJECTTAG/PRODUCTID</literal>
				<literal>PROJECTTAG/NAME</literal>
				<literal>PROJECTTAG/DESCRIPTION</literal>
			</table>
		</select>
	</action>
</constraint>


</rulebase>
<!-- Copyright (c) 2018-2018 TIBCO Software Inc. All Rights Reserved. Confidential & Proprietary. -->