<?xml version="1.0" encoding="UTF-8"?>
<!-- edited with XML Spy v3.0.7 NT (http://www.xmlspy.com) by TIBCO Software Inc. -->
<!--DOCTYPE RuleModel SYSTEM "d:/venus/config/rules/RuleModel.dtd"-->
<RuleModel OrganizationID="43680" Priority="0" RuleID="-1"
    RuleModeName="None" RuleType="Standard"
            RulesetName="Record Notification">
 <Description><![CDATA[Conditions and actions defined by the "Product Notification" builder can be used to create various rule templates. Rules created from the templates define participants to receive Notifications based on selected conditions.]]></Description>
 <Imports>
  <Import
                Import="com.tibco.mdm.integration.ruleengine.IAttributable;"/>
 </Imports>
 <Conditions>
  <ImportConditions>
   <ImportCondition
                ImportCondition="CONDITION_DefaultRuleCheck.xml"
                default="Y"/>
   <ImportCondition
                ImportCondition="CONDITION_Organization.xml"
                default="Y"/>
   <ImportCondition
                ImportCondition="CONDITION_Buyer.xml"
                default="Y"/>
   <ImportCondition
                ImportCondition="CONDITION_Supplier.xml"/>
   <ImportCondition
                ImportCondition="CONDITION_ConvState.xml"/>
   <ImportCondition
                ImportCondition="CONDITION_DocumentTypeProd.xml"
                default="Y"/>
   <ImportCondition
                ImportCondition="CONDITION_DocumentSubType.xml"/>
   <ImportCondition
                ImportCondition="CONDITION_DeploymentMode.xml"
                default="Y"/>
   <ImportCondition
                ImportCondition="CONDITION_ResponseSeverity.xml"
                default="Y"/>
   <ImportCondition
                ImportCondition="CONDITION_Errorcount.xml"
                default="Y"/>  
   <ImportCondition
                ImportCondition="CONDITION_OrgGLN.xml"/>
  </ImportConditions>
 </Conditions>
 <Actions>
  <ImportActions>
   <ImportAction
                ImportAction="ACTION_DefaultRuleCheck.xml"
                default="Y"/>
   <ImportAction
                ImportAction="ACTION_RoleParticipant.xml"/>
   <ImportAction
                ImportAction="ACTION_RoleType.xml"/>
   <ImportAction
                ImportAction="ACTION_MemberParticipant.xml"
                default="Y"/>
   <ImportAction
                ImportAction="ACTION_MemberType.xml"
                default="Y"/>
   <ImportAction
                ImportAction="ACTION_ConvState.xml"/>
   <ImportAction
                ImportAction="ACTION_FormPresentation.xml"/>
   <ImportAction ImportAction="ACTION_MailPresentation.xml"/>
  </ImportActions>
 </Actions>
</RuleModel>
<!-- Copyright (c) 2018-2018 TIBCO Software Inc. All Rights Reserved. Confidential & Proprietary. -->