<?xml version="1.0" encoding="UTF-8"?>
<!-- edited with XML Spy v3.0.7 NT (http://www.xmlspy.com) by TIBCO Software Inc. -->
<!--DOCTYPE RuleModel SYSTEM "d:/venus/config/rules/RuleModel.dtd"-->
<RuleModel OrganizationID="43680" Priority="0" RuleID="-1"
    RuleModeName="None" RuleType="Standard"
            RulesetName="Synchronization Action Alert">
	<Description><![CDATA[Conditions and actions defined by the "Buyer Catalog Approval" builder can be used to create various rule templates. Rules created from the templates define list of participants involved during the approval process.]]></Description>
	<Imports>
		<Import
                Import="com.tibco.mdm.integration.ruleengine.IAttributable;"/>
	</Imports>
	<Conditions>
		<ImportConditions>
			<ImportCondition
                ImportCondition="CONDITION_DefaultRuleCheck.xml"
                default="Y"/>
			<ImportCondition
                ImportCondition="CONDITION_Organization.xml"
                default="Y"/>
			<ImportCondition
                ImportCondition="CONDITION_MasterCatalog.xml"
                default="Y"/>
			<ImportCondition
                ImportCondition="CONDITION_CatalogEdition.xml"
                default="Y"/>
 			<ImportCondition
                ImportCondition="CONDITION_Buyer.xml"
                default="Y"/>
			<ImportCondition
                ImportCondition="CONDITION_ConvState.xml"
                default="Y"/>
			<ImportCondition
                ImportCondition="CONDITION_BuyerCatalogDocument.xml"
                default="Y"/>
			<ImportCondition
                ImportCondition="CONDITION_DeploymentMode.xml"
                default="Y"/>			
		</ImportConditions>
	</Conditions>
	<Actions>
		<ImportActions>
			<ImportAction
                ImportAction="ACTION_DefaultRuleCheck.xml"
                default="Y"/>
			<ImportAction
                ImportAction="ACTION_Protocol.xml"
                default="Y"/>
			<ImportAction
                ImportAction="ACTION_Address.xml"
                default="Y"/>
			<ImportAction
                ImportAction="ACTION_AddressFreeForm.xml"/>
			<ImportAction ImportAction="ACTION_Presentation.xml"/>
		</ImportActions>
	</Actions>
</RuleModel>
<!-- Copyright (c) 2018-2018 TIBCO Software Inc. All Rights Reserved. Confidential & Proprietary. -->