<?xml version="1.0" encoding="UTF-8"?>
<!-- edited with XML Spy v3.0.7 NT (http://www.xmlspy.com) by TIBCO Software Inc. -->
<!--DOCTYPE RuleModel SYSTEM "d:/venus/config/rules/RuleModel.dtd"-->
<RuleModel OrganizationID="43680" Priority="0" RuleID="-1"
    RuleModeName="None" RuleType="Standard"
            RulesetName="Process Definition Selection">
	<Description><![CDATA[Conditions and actions defined by the "Message Alert" builder can be used to create various rule templates. Rules created from the templates define when and to whom to send an alert.]]></Description>
	<Imports>
		<Import
                Import="com.tibco.mdm.integration.ruleengine.IAttributable;"/>
	</Imports>
	<Conditions>
		<ImportConditions>
			<ImportCondition
                ImportCondition="CONDITION_DefaultRuleCheck.xml"
                default="Y"/>
			<ImportCondition
                ImportCondition="CONDITION_DocumentType.xml"
                default="Y"/>
			<ImportCondition
                ImportCondition="CONDITION_DocSubType.xml"
                default="Y"/>
			<ImportCondition
                ImportCondition="CONDITION_MasterCatalog-CatalogAction.xml"
                default="Y"/>
			<ImportCondition
                ImportCondition="CONDITION_CatalogEdition.xml"
                default="Y"/>		
			<ImportCondition
                ImportCondition="CONDITION_Organization.xml"
                default="Y"/>
			<ImportCondition
                ImportCondition="CONDITION_Sender.xml"
                default="Y"/>
			<ImportCondition
                ImportCondition="CONDITION_Receiver.xml"
                default="Y"/>
			<ImportCondition
                ImportCondition="CONDITION_OrgType.xml"
                default="Y"/>
			<ImportCondition
                ImportCondition="CONDITION_Software-Edition.xml"
                default="Y"/>
			<ImportCondition
                ImportCondition="CONDITION_DocumentFormat.xml"
                default="Y"/>
			<ImportCondition
                ImportCondition="CONDITION_ProcessRedeliver.xml"/>
			<ImportCondition
                ImportCondition="CONDITION_ProcessDequeued.xml"/>
			<ImportCondition
                ImportCondition="CONDITION_ProcessResubmitted.xml"/>
		</ImportConditions>
	</Conditions>
	<Actions>
		<ImportActions>
    		<ImportAction
                ImportAction="ACTION_WorkflowName.xml"
                default="Y"/>
			<ImportAction
                ImportAction="ACTION_DefaultRuleCheck.xml" default="Y"/>
		</ImportActions>
	</Actions>
</RuleModel>
<!-- Copyright (c) 2018-2018 TIBCO Software Inc. All Rights Reserved. Confidential & Proprietary. -->