<?xml version="1.0" encoding="UTF-8"?>
<!-- edited with XML Spy v3.0.7 NT (http://www.xmlspy.com) by TIBCO Software Inc. -->
<!--DOCTYPE RuleModel SYSTEM "d:/venus/config/rules/RuleModel.dtd"-->
<RuleModel OrganizationID="43680" Priority="0" RuleID="-1"
    RuleModeName="None" RuleType="Standard"
            RulesetName="Reminder Setup">
	<Description><![CDATA[Conditions and actions defined by the "Reminder Setup" builder can be used to create various rule templates. Rules created from the templates defines the number of days before a reminder has to be sent and it also defines a recipient of the reminder in situations when a request is not handled for a certain period of time.]]></Description>
	<Imports>
		<Import
                Import="com.tibco.mdm.integration.ruleengine.IAttributable;"/>
	</Imports>
	<Conditions>
		<ImportConditions>
			<ImportCondition
                ImportCondition="CONDITION_DefaultRuleCheck.xml"
                default="Y"/>
			<ImportCondition
                ImportCondition="CONDITION_LaunchType.xml"
                default="Y"/>
			<ImportCondition
                ImportCondition="CONDITION_ReminderNumber.xml"
                default="Y"/>
			<ImportCondition
                ImportCondition="CONDITION_Organization.xml"
                default="Y"/>
			<ImportCondition
                ImportCondition="CONDITION_TimedOutParticipantRoles.xml"
                default="Y"/>
			<ImportCondition
                ImportCondition="CONDITION_TimedOutParticipant.xml"
                default="Y"/>
		</ImportConditions>
	</Conditions>
	<Actions>
		<ImportActions>
			<ImportAction
                ImportAction="ACTION_DefaultRuleCheck.xml"
                default="Y"/>
			<ImportAction
                ImportAction="ACTION_NumberOfDays.xml"
                default="Y"/>
			<ImportAction
                ImportAction="ACTION_ParticipantEmail.xml"
                default="Y"/>
			<ImportAction
                ImportAction="ACTION_AddressFreeForm.xml"/>
			<ImportAction ImportAction="ACTION_Presentation.xml"/>
		</ImportActions>
	</Actions>
</RuleModel>
<!-- Copyright (c) 2018-2018 TIBCO Software Inc. All Rights Reserved. Confidential & Proprietary. -->