<?xml version="1.0" encoding="UTF-8"?>
<!-- edited with XML Spy v3.0.7 NT (http://www.xmlspy.com) by TIBCO Software Inc. -->
<!--DOCTYPE RuleModel SYSTEM "d:/venus/config/rules/RuleModel.dtd"-->
<RuleModel OrganizationID="43680" Priority="0" RuleID="-1"
    RuleModeName="None" RuleType="Standard"
            RulesetName="Data Custodian">
	<Description><![CDATA[Conditions and actions defined by the "Data Custodian" builder can be used to create various rule templates. Rules created from the templates define list of participants involved during the approval process.]]></Description>
	<Imports>
		<Import
                Import="com.tibco.mdm.integration.ruleengine.IAttributable;"/>
	</Imports>
	<Conditions>
		<ImportConditions>
			<ImportCondition
                ImportCondition="CONDITION_DefaultRuleCheck.xml"
                default="Y"/>
			<ImportCondition
                ImportCondition="CONDITION_Organization.xml"
                default="Y"/>
			<ImportCondition
                ImportCondition="CONDITION_MasterCatalog-CatalogAction.xml"
                default="Y"/>
			<ImportCondition
                ImportCondition="CONDITION_Action.xml"
                default="Y"/>
			<ImportCondition
                ImportCondition="CONDITION_CatalogProductUOM.xml"/>
			<ImportCondition
                ImportCondition="CONDITION_RejectedOrChangedAttrAndRelGrps.xml"
                default="Y"/>
			<ImportCondition
                ImportCondition="CONDITION_CatalogProductSupplierID.xml"/>
			<ImportCondition
                ImportCondition="CONDITION_CatalogChangeCode.xml"/>
			<ImportCondition
                ImportCondition="CONDITION_DocumentType.xml"/>
			<ImportCondition
                ImportCondition="CONDITION_ConvState.xml"
                default="Y"/>
			<ImportCondition
                ImportCondition="CONDITION_DeploymentMode.xml"
                default="Y"/>
		</ImportConditions>
	</Conditions>
	<Actions>
		<ImportActions>
			<ImportAction
                ImportAction="ACTION_DefaultRuleCheck.xml"
                default="Y"/>
			<ImportAction
                ImportAction="ACTION_RoleParticipant.xml"/>
			<ImportAction
                ImportAction="ACTION_RoleType.xml"/>
			<ImportAction
                ImportAction="ACTION_MemberParticipant.xml"
                default="Y"/>
			<ImportAction
                ImportAction="ACTION_MemberType.xml"
                default="Y"/>
			<ImportAction
                ImportAction="ACTION_ConvState.xml" default="Y"/>
		</ImportActions>
	</Actions>
</RuleModel>
<!-- Copyright (c) 2018-2018 TIBCO Software Inc. All Rights Reserved. Confidential & Proprietary. -->