<?xml version="1.0" encoding="UTF-8"?>
<!-- edited with XML Spy v3.0.7 NT (http://www.xmlspy.com) by TIBCO Software Inc. -->
<!--DOCTYPE RuleModel SYSTEM "d:/venus/config/rules/RuleModel.dtd"-->
<RuleModel OrganizationID="43680" Priority="0" RuleID="-1"
    RuleModeName="None" RuleType="Standard"
            RulesetName="Custom Protocol Selection">
 <Description><![CDATA[Conditions and actions defined by the "Custom Protocol" builder can be used to create various rule templates. Rules created from the templates define parameters to be used while sending messages to Custom Channel.]]></Description>
 <Imports>
  <Import
                Import="com.tibco.mdm.integration.ruleengine.IAttributable;"/>
 </Imports>
 <Conditions>
  <ImportConditions>
   <ImportCondition
                ImportCondition="CONDITION_DefaultRuleCheck.xml"
                default="Y"/>
   <ImportCondition
                ImportCondition="CONDITION_Organization.xml"
                default="Y"/>
   <ImportCondition
                ImportCondition="CONDITION_MasterCatalog.xml"
                default="Y"/>
   <ImportCondition
                ImportCondition="CONDITION_CatDocType.xml"
                default="Y"/>
   <ImportCondition
                ImportCondition="CONDITION_CatDocSubType.xml"/>
   <ImportCondition
                ImportCondition="CONDITION_CatalogEdition.xml"/>
   <ImportCondition
                ImportCondition="CONDITION_ConnectorRole.xml"
                default="Y"/>
   <ImportCondition
                ImportCondition="CONDITION_ConnectorProtocol.xml"
                default="Y"/>
   <ImportCondition
                ImportCondition="CONDITION_ReceiverMarketplace.xml"/>
   <ImportCondition
                ImportCondition="CONDITION_SenderMarketplace.xml"/>
   <ImportCondition
                ImportCondition="CONDITION_TradingPartner.xml"/>
   <ImportCondition
                ImportCondition="CONDITION_ConvState.xml"/>
   <ImportCondition
                ImportCondition="CONDITION_DeploymentMode.xml"/>
  </ImportConditions>
 </Conditions>
 <Actions>
  <ImportActions>
   <ImportAction
                ImportAction="ACTION_DefaultRuleCheck.xml"
                default="Y"/>
   <ImportAction
                ImportAction="ACTION_XSLTTranslator.xml"
                default="Y"/>
   <ImportAction
                ImportAction="ACTION_ConnectorMap.xml"
                default="Y"/>
   <ImportAction
                ImportAction="ACTION_CommunicationProtocol.xml"
                default="Y"/>
   <ImportAction
                ImportAction="ACTION_OutputFormat.xml"/>
   <ImportAction
                ImportAction="ACTION_Normalize.xml"/>
   <ImportAction
                ImportAction="ACTION_ConvState.xml"/>
   <ImportAction
                ImportAction="ACTION_PayloadPackagingScheme.xml"
                default="Y"/>
   <ImportAction
                ImportAction="ACTION_ConnectorRulebase.xml"/>
   <ImportAction ImportAction="ACTION_RulebaseArgument1.xml"/>
  </ImportActions>
 </Actions>
</RuleModel>
<!-- Copyright (c) 2018-2018 TIBCO Software Inc. All Rights Reserved. Confidential & Proprietary. -->