<?xml version="1.0" encoding="UTF-8"?>
<!-- edited with XML Spy v3.0.7 NT (http://www.xmlspy.com) by TIBCO Software Inc. -->
<!--DOCTYPE RuleModel SYSTEM "d:/venus/config/rules/RuleModel.dtd"-->
<RuleModel OrganizationID="43680" Priority="0" RuleID="-1"
    RuleModeName="Default" RuleType="Standard"
            RulesetName="Custom Protocol Selection">
 <Description>Default Template</Description>
 <Imports>
  <Import
            Import="com.tibco.mdm.integration.ruleengine.IAttributable;"/>
 </Imports>
 <Conditions>
  
 <Condition
            ID="MasterCatalog" Visible="true"
            definition="CONDITION_MasterCatalog.xml"
                predefined="true">
    <Type>Integer</Type>
	<ResourceKey
                key="REPO_NAME__$1"/>
    <AssociatedObjectType>MasterCatalog</AssociatedObjectType>
    <PresentationFormat
                        PresentationFormat="the repository is (a repository)"/>
    <ConditionOperand>
        <GetOperand>
            <ClassName
                        ClassName="com.tibco.mdm.integration.ruleengine.IAttributable"/>
            <AttributeName
                        AttributeName="MasterCatalog"/>
            <DataSourceType
                        Type="XPATH"/>
            <DataSourceValue
                Value="//MasterCatalog/RevisionID/DBID[1]/text()"/>
        </GetOperand>
    </ConditionOperand>
    <BooleanOperator
                        ProgrammingOperator="equals"/>
    <ConditionOperand>
        <ParameterOperand>
            <SQLQuery
            SQLQuery=" select c.id, c.name from catalog c where C.TYPE='CATALOG' AND c.sourceorganizationid = $OrganizationID$ and c.active = 'Y' and c.modversion = (select max(modversion) from catalog cat where CAT.TYPE='CATALOG' AND cat.id = c.id and cat.sourceorganizationid = c.sourceorganizationid)"/>
        </ParameterOperand>
    </ConditionOperand>
</Condition><Condition
            ID="DocType" Visible="true"
                definition="CONDITION_CatDocType.xml">
	<ResourceKey
                key="DOMAINENTRY_DOCTYPE_$1"/>
	<Type>String</Type>
	<PresentationFormat
                        PresentationFormat="the document type is ( a name ) "/>
	<ConditionOperand>
		<GetOperand>
			<ClassName
                        ClassName="com.tibco.mdm.integration.ruleengine.IAttributable"/>
			<AttributeName
                        AttributeName="DocType"/>
			<DataSourceType
                        Type="XPATH"/>
			<DataSourceValue
                Value="/Message/Body/Document/@type"/>			
		</GetOperand>
	</ConditionOperand>
	<BooleanOperator
                        ProgrammingOperator="equals"/>
	<ConditionOperand>
		<ParameterOperand>
			<SQLQuery
                        Dependents=""
            SQLQuery="SELECT Value, Description FROM DOMAINENTRY WHERE DOMAINTYPE='DOCTYPE' and (value like 'Cat%' or value like 'Prod%')"/>
		</ParameterOperand>
	</ConditionOperand>
</Condition><Condition
            ID="ConnectorRole" Visible="true"
                definition="CONDITION_ConnectorRole.xml">
    <ResourceKey
                key="DOMAINENTRY_CONNECTORROLE_$1"/>
	<Type>String</Type>
	<PresentationFormat
                        PresentationFormat="the connector role is ( a value )"/>
	<ConditionOperand>
		<GetOperand>
			<ClassName
                        ClassName="com.tibco.mdm.integration.ruleengine.IAttributable"/>
			<AttributeName
                        AttributeName="ConnectorRole"/>
			<DataSourceType
                        Type="ATTRIBUTABLE"/>
			<DataSourceValue
                Value=""/>
		</GetOperand>
	</ConditionOperand>
	<BooleanOperator
                        ProgrammingOperator="equals"/>
	<ConditionOperand>
		<ParameterOperand>
			<SQLQuery
            SQLQuery="SELECT value, description from domainentry where domaintype='CONNECTORROLE'"/>
		</ParameterOperand>
	</ConditionOperand>
</Condition><Condition
            ID="ConnectorProtocol" Visible="true"
                definition="CONDITION_ConnectorProtocol.xml">
	<ResourceKey
                key="DOMAINENTRY_BIZPROTOCOL_$1"/>
	<Type>String</Type>
	<PresentationFormat
                        PresentationFormat="the connector protocol is ( a value )"/>
	<ConditionOperand>
		<GetOperand>
			<ClassName
                        ClassName="com.tibco.mdm.integration.ruleengine.IAttributable"/>
			<AttributeName
                        AttributeName="ConnectorProtocol"/>
			<DataSourceType
                        Type="ATTRIBUTABLE"/>
			<DataSourceValue
                Value=""/>
		</GetOperand>
	</ConditionOperand>
	<BooleanOperator
                        ProgrammingOperator="equals"/>
	<ConditionOperand>
		<ParameterOperand>
			<SQLQuery
            SQLQuery="SELECT value, description from domainentry where domaintype='BIZPROTOCOL'"/>
		</ParameterOperand>
	</ConditionOperand>
</Condition><Condition
            ID="OrgID" Visible="false"
            definition="CONDITION_Organization.xml"
                predefined="true">
	<Type>Integer</Type>
	<AssociatedObjectType>Organization</AssociatedObjectType>
	<PresentationFormat
                        PresentationFormat=""/>
	<ConditionOperand>
		<GetOperand>
			<ClassName
                        ClassName="com.tibco.mdm.integration.ruleengine.IAttributable"/>
			<AttributeName
                        AttributeName="OrgID"/>
			<DataSourceType
                        Type="ATTRIBUTABLE"/>
			<DataSourceValue
                Value=""/>
		</GetOperand>
	</ConditionOperand>
	<BooleanOperator
                        ProgrammingOperator="equals"/>
	<ConditionOperand>
		<ParameterOperand>
			<ConstantValue
            ConstantValue="43680"/>
		</ParameterOperand>
	</ConditionOperand>
</Condition><Condition
            ID="DefaultRuleCheck" Visible="false"
                definition="CONDITION_DefaultRuleCheck.xml">
	<Type>String</Type>
	<PresentationFormat
                        PresentationFormat=""/>
	<ConditionOperand>
		<GetOperand>
			<ClassName
                        ClassName="com.tibco.mdm.integration.ruleengine.IAttributable"/>
			<AttributeName
                        AttributeName="DefaultRuleCheck"/>
			<DataSourceType
                        Type="NA"/>
			<DataSourceValue
                Value="NA"/>
		</GetOperand>
	</ConditionOperand>
	<BooleanOperator
                        ProgrammingOperator="#DefRuleCond#"/>
	<ConditionOperand>
		<ParameterOperand>
			<ConstantValue
            ConstantValue="#DefRule#"/>
		</ParameterOperand>
	</ConditionOperand>
</Condition></Conditions>
 <Actions>
  
 <Action
            ID="ConnectorMap - Action" Visible="true"
                definition="ACTION_ConnectorMap.xml">
	<Type>String</Type>
	<AssociatedObjectType>XSLTTranslator</AssociatedObjectType>
	<PresentationFormat
                        PresentationFormat="the translation map (a name) "/>
	<ActionOperand>
		<SetOperand>
			<ClassName
                        ClassName="com.tibco.mdm.integration.ruleengine.IAttributable"/>
			<AttributeName
                AttributeName="Map"/>
		</SetOperand>
	</ActionOperand>
	<AssigmentOperator
                        ProgrammingOperator="="/>
	<ConditionOperand>
		<ParameterOperand>
			<SQLQuery
                        Dependents=""
            SQLQuery="SELECT Definition, Name || ' - ' || Description FROM CONFIGURATIONDEFINITION WHERE type='XSLT' and (OWNERID= $OrganizationID$ OR Global='Y') and Selector like 'CONNECTOR%' and ACTIVE='Y'"/>
		</ParameterOperand>
	</ConditionOperand>
</Action><Action
            ID="CommunicationProtocol - Action" Visible="true"
                definition="ACTION_CommunicationProtocol.xml">
	<ResourceKey
                key="DOMAINENTRY_COMMUNICATIONPROTOCOL_$1"/>
	<Type>String</Type>
	<PresentationFormat
                        PresentationFormat="the communication protocol to use to send messages (a name) "/>
	<ActionOperand>
		<SetOperand>
			<ClassName
                        ClassName="com.tibco.mdm.integration.ruleengine.IAttributable"/>
			<AttributeName
                AttributeName="BizProtocol"/>
		</SetOperand>
	</ActionOperand>
	<AssigmentOperator
                        ProgrammingOperator="="/>
	<ConditionOperand>
		<ParameterOperand>
			<SQLQuery
                        Dependents=""
            SQLQuery="SELECT value, description from domainentry where domaintype='COMMUNICATIONPROTOCOL'"/>
		</ParameterOperand>
	</ConditionOperand>
</Action><Action
            Dependents="" ID="Payload Packaging Scheme - Action"
            Visible="true"
                definition="ACTION_PayloadPackagingScheme.xml">
	<ResourceKey
                key="DOMAINENTRY_PAYLOADPACKAGINGSCHEME_$1"/>
	<Type>String</Type>
	<PresentationFormat
                        PresentationFormat="the payload packaging scheme to send message (a name) "/>
	<ActionOperand>
		<SetOperand>
			<ClassName
                        ClassName="com.tibco.mdm.integration.ruleengine.IAttributable"/>
			<AttributeName
                AttributeName="PayloadPackagingScheme"/>
		</SetOperand>
	</ActionOperand>
	<AssigmentOperator
                        ProgrammingOperator="="/>
	<ConditionOperand>
		<ParameterOperand>
		    <SQLQuery
                        Dependents=""
            SQLQuery="select value, description from domainentry where domaintype='PAYLOADPACKAGINGSCHEME'"/>
		</ParameterOperand>
	</ConditionOperand>
</Action><Action
            ID="DefaultRuleCheck" Visible="false"
                definition="ACTION_DefaultRuleCheck.xml">
	<Type>String</Type>
	<PresentationFormat
                        PresentationFormat="l"/>
	<ActionOperand>
		<SetOperand>
			<ClassName
                        ClassName="com.tibco.mdm.integration.ruleengine.IAttributable"/>
			<AttributeName
                AttributeName="DefaultRuleCheck"/>
		</SetOperand>
	</ActionOperand>
	<AssigmentOperator
                        ProgrammingOperator="="/>
	<ConditionOperand>
		<ParameterOperand>
			<ConstantValue ConstantValue="#DefRule#"/>
		</ParameterOperand>
	</ConditionOperand>
</Action></Actions>
</RuleModel>
<!-- Copyright (c) 2018-2018 TIBCO Software Inc. All Rights Reserved. Confidential & Proprietary. -->