<?xml version="1.0" encoding="UTF-8"?>
<!-- edited with XML Spy v3.0.7 NT (http://www.xmlspy.com) by TIBCO Software Inc. -->
<!--DOCTYPE RuleModel SYSTEM "d:/venus/config/rules/RuleModel.dtd"-->
<RuleModel OrganizationID="43680" Priority="0" RuleID="-1"
    RuleModeName="Default" RuleType="Standard"
            RulesetName="Process Definition Selection">
	<Description>Default Template</Description>
	<Imports>
		<Import
            Import="com.tibco.mdm.integration.ruleengine.IAttributable;"/>
	</Imports>
	<Conditions>
		
	<Condition
            ID="Document Type - Condition" Visible="true"
                definition="CONDITION_DocumentType.xml">
	<ResourceKey
                key="DOMAINENTRY_DOCTYPE_$1"/>
	<Type>String</Type>
	<PresentationFormat
                        PresentationFormat="the document type is ( a name ) "/>
	<ConditionOperand>
		<GetOperand>
			<ClassName
                        ClassName="com.tibco.mdm.integration.ruleengine.IAttributable"/>
			<AttributeName
                        AttributeName="DocType"/>
			<DataSourceType
                        Type="XPATH"/>
			<DataSourceValue
                Value="/Message/Body/Document/@type"/>			
		</GetOperand>
	</ConditionOperand>
	<BooleanOperator
                        ProgrammingOperator="equals"/>
	<ConditionOperand>
		<ParameterOperand>
			<SQLQuery
                        Dependents=""
            SQLQuery="SELECT Value, Description FROM DOMAINENTRY WHERE DOMAINTYPE='DOCTYPE'"/>
		</ParameterOperand>
	</ConditionOperand>
</Condition><Condition
            ID="Product Document Type - Condition" Visible="true"
                definition="CONDITION_DocSubType.xml">
	<ResourceKey
                key="DOMAINENTRY_DOCSUBTYPE_$1"/>
	<Type>String</Type>
	<PresentationFormat
                        PresentationFormat="the product document sub type is ( a name ) "/>
	<ConditionOperand>
		<GetOperand>
			<ClassName
                        ClassName="com.tibco.mdm.integration.ruleengine.IAttributable"/>
			<AttributeName
                        AttributeName="DocSubType"/>
			<DataSourceType
                        Type="XPATH"/>
			<DataSourceValue
                Value="/Message/Body/Document/@subtype"/>			
		</GetOperand>
	</ConditionOperand>
	<BooleanOperator
                        ProgrammingOperator="equals"/>
	<ConditionOperand>
		<ParameterOperand>
			<SQLQuery
                        Dependents=""
            SQLQuery="SELECT Value , Description FROM DOMAINENTRY WHERE DOMAINTYPE='DOCSUBTYPE'"/>
		</ParameterOperand>
	</ConditionOperand>
</Condition><Condition
            ID="MasterCatalog" Visible="true"
            definition="CONDITION_MasterCatalog-CatalogAction.xml"
                predefined="true">
	<Type>Integer</Type>
	<ResourceKey
                key="REPO_NAME__$1"/>
	<AssociatedObjectType>MasterCatalog</AssociatedObjectType>
	<PresentationFormat
                        PresentationFormat="the repository is ( a repository name)"/>
	<ConditionOperand>
		<GetOperand>
			<ClassName
                        ClassName="com.tibco.mdm.integration.ruleengine.IAttributable"/>
			<AttributeName
                        AttributeName="MasterCatalog"/>
			<DataSourceType
                        Type="XPATH"/>
			<DataSourceValue
                Value="/Message/Body/Document/BusinessDocument/CatalogAction/CatalogActionHeader/MasterCatalog/RevisionID/DBID/text()"/>
		</GetOperand>
	</ConditionOperand>
	<BooleanOperator
                        ProgrammingOperator="equals"/>
	<ConditionOperand>
		<ParameterOperand>
			<SQLQuery
            SQLQuery=" select c.id, c.name from catalog c where C.TYPE='CATALOG' AND c.sourceorganizationid = $OrganizationID$ and c.active = 'Y' and c.modversion = (select max(modversion) from catalog cat where CAT.TYPE='CATALOG' AND cat.id = c.id and cat.sourceorganizationid = c.sourceorganizationid)"/>
		</ParameterOperand>
	</ConditionOperand>
</Condition><Condition
            ID="BuyerCatalog" Visible="true"
            definition="CONDITION_CatalogEdition.xml"
                predefined="true">
	<Type>Integer</Type>
	<AssociatedObjectType>Catalog</AssociatedObjectType>
	<PresentationFormat
                        PresentationFormat="the synchronization profile is ( a synchronization profile name)"/>
	<ConditionOperand>
		<GetOperand>
			<ClassName
                        ClassName="com.tibco.mdm.integration.ruleengine.IAttributable"/>
			<AttributeName
                        AttributeName="BuyerCatalog"/>
			<DataSourceType
                        Type="XPATH"/>
			<DataSourceValue
                Value="/Message/Body/Document/BusinessDocument/CatalogAction/CatalogActionHeader/BuyerCatalogHeader/RevisionID/DBID/text()"/>	
		</GetOperand>
	</ConditionOperand>
	<BooleanOperator
                        ProgrammingOperator="equals"/>
	<ConditionOperand>
		<ParameterOperand>
			<SQLQuery
                        Dependents="MasterCatalog"
            SQLQuery="select ce.id, ce.name from catalogedition ce where ce.sourceorganizationid = $OrganizationID$ and ce.active = 'Y' and #MasterCatalog# ce.catalogid = $MasterCatalog$ and #MasterCatalog# ce.modversion = (select max(cedition.modversion) from catalogedition cedition where ce.id = cedition.id and ce.sourceorganizationid = cedition.sourceorganizationid)"/>
		</ParameterOperand>
	</ConditionOperand>
</Condition><Condition
            ID="Supplier - Condition" Visible="true"
                definition="CONDITION_Sender.xml">
	<Type>String</Type>
	<PresentationFormat
                        PresentationFormat="the Sender organization is ( a Sender organization name ) "/>
	<ConditionOperand>
		<GetOperand>
			<ClassName
                        ClassName="com.tibco.mdm.integration.ruleengine.IAttributable"/>
			<AttributeName
                        AttributeName="DefaultSender"/>
			<DataSourceType
                        Type="XPATH"/>
			<DataSourceValue
                Value="/Message/Header/MessageHeader[@origin='Sender']/Enterprise/PartyID/PartyName/text()"/>
		</GetOperand>
	</ConditionOperand>
	<BooleanOperator
                        ProgrammingOperator="equals"/>
	<ConditionOperand>
		<ParameterOperand>
			<SQLQuery
                        Dependents=""
            SQLQuery="SELECT b.name, b.name FROM organization b WHERE b.ACTIVE='Y'and id > 1"/>
		</ParameterOperand>
	</ConditionOperand>
</Condition><Condition
            ID="Receiver - Condition" Visible="true"
                definition="CONDITION_Receiver.xml">
	<Type>String</Type>
	<PresentationFormat
                        PresentationFormat="the Receiver organization is ( a Receiver organization name ) "/>
	<ConditionOperand>
		<GetOperand>
			<ClassName
                        ClassName="com.tibco.mdm.integration.ruleengine.IAttributable"/>
			<AttributeName
                        AttributeName="DefaultReceiver"/>
			<DataSourceType
                        Type="XPATH"/>
			<DataSourceValue
                Value="/Message/Header/MessageHeader[@origin='Receiver']/Enterprise/PartyID/PartyName/text()"/>
		</GetOperand>
	</ConditionOperand>
	<BooleanOperator
                        ProgrammingOperator="equals"/>
	<ConditionOperand>
		<ParameterOperand>
			<SQLQuery
                        Dependents=""
            SQLQuery="SELECT b.name, b.name FROM organization b WHERE b.ACTIVE='Y'and id > 1"/>
		</ParameterOperand>
	</ConditionOperand>
</Condition><Condition
            ID="orgType" Visible="true"
            definition="CONDITION_OrgType.xml"
                predefined="true">
	<ResourceKey
                key="DOMAINENTRY_ORGTYPE_$1"/>
	<Type>String</Type>
	<PresentationFormat
                        PresentationFormat="Receiver organization type is (value)"/>
	<ConditionOperand>
		<GetOperand>
			<ClassName
                        ClassName="com.tibco.mdm.integration.ruleengine.IAttributable"/>
			<AttributeName
                        AttributeName="orgType"/>
			<DataSourceType
                        Type="ATTRIBUTABLE"/>
			<DataSourceValue
                Value=""/>
		</GetOperand>
	</ConditionOperand>
	<BooleanOperator
                        ProgrammingOperator="equals"/>
	<ConditionOperand>
		<ParameterOperand>
			<SQLQuery
                        Dependents=""
            SQLQuery="SELECT Value, Description FROM DOMAINENTRY WHERE DOMAINTYPE='ORGTYPE'"/>
		</ParameterOperand>
	</ConditionOperand>
</Condition><Condition
            ID="software_edition" Visible="true"
            definition="CONDITION_Software-Edition.xml"
                predefined="true">
	<ResourceKey
                key="DOMAINENTRY_SOFTWAREEDITION_$1"/>
	<Type>String</Type>
	<PresentationFormat
                        PresentationFormat="Software edition is (value)"/>
	<ConditionOperand>
		<GetOperand>
			<ClassName
                        ClassName="com.tibco.mdm.integration.ruleengine.IAttributable"/>
			<AttributeName
                        AttributeName="software_edition"/>
			<DataSourceType
                        Type="ATTRIBUTABLE"/>
			<DataSourceValue
                Value=""/>
		</GetOperand>
	</ConditionOperand>
	<BooleanOperator
                        ProgrammingOperator="equals"/>
	<ConditionOperand>
		<ParameterOperand>
			<SQLQuery
                        Dependents=""
            SQLQuery="SELECT Value, Description FROM DOMAINENTRY WHERE DOMAINTYPE='SOFTWARE_EDITION'"/>
		</ParameterOperand>
	</ConditionOperand>
</Condition><Condition
            ID="docFormat" Visible="true"
            definition="CONDITION_DocumentFormat.xml"
                predefined="true">
	<ResourceKey
                key="DOMAINENTRY_DOCFORMAT_$1"/>
	<Type>String</Type>
	<PresentationFormat
                        PresentationFormat="Document Format is (value)"/>
	<ConditionOperand>
		<GetOperand>
			<ClassName
                        ClassName="com.tibco.mdm.integration.ruleengine.IAttributable"/>
			<AttributeName
                        AttributeName="docFormat"/>
			<DataSourceType
                        Type="ATTRIBUTABLE"/>
			<DataSourceValue
                Value=""/>
		</GetOperand>
	</ConditionOperand>
	<BooleanOperator
                        ProgrammingOperator="equals"/>
	<ConditionOperand>
		<ParameterOperand>
			<SQLQuery
                        Dependents=""
            SQLQuery="SELECT Value, Description FROM DOMAINENTRY WHERE DOMAINTYPE='DOCFORMAT'"/>
		</ParameterOperand>
	</ConditionOperand>
</Condition><Condition
            ID="OrgID" Visible="false"
            definition="CONDITION_Organization.xml"
                predefined="true">
	<Type>Integer</Type>
	<AssociatedObjectType>Organization</AssociatedObjectType>
	<PresentationFormat
                        PresentationFormat=""/>
	<ConditionOperand>
		<GetOperand>
			<ClassName
                        ClassName="com.tibco.mdm.integration.ruleengine.IAttributable"/>
			<AttributeName
                        AttributeName="OrgID"/>
			<DataSourceType
                        Type="ATTRIBUTABLE"/>
			<DataSourceValue
                Value=""/>
		</GetOperand>
	</ConditionOperand>
	<BooleanOperator
                        ProgrammingOperator="equals"/>
	<ConditionOperand>
		<ParameterOperand>
			<ConstantValue
            ConstantValue="43680"/>
		</ParameterOperand>
	</ConditionOperand>
</Condition><Condition
            ID="DefaultRuleCheck" Visible="false"
                definition="CONDITION_DefaultRuleCheck.xml">
	<Type>String</Type>
	<PresentationFormat
                        PresentationFormat=""/>
	<ConditionOperand>
		<GetOperand>
			<ClassName
                        ClassName="com.tibco.mdm.integration.ruleengine.IAttributable"/>
			<AttributeName
                        AttributeName="DefaultRuleCheck"/>
			<DataSourceType
                        Type="NA"/>
			<DataSourceValue
                Value="NA"/>
		</GetOperand>
	</ConditionOperand>
	<BooleanOperator
                        ProgrammingOperator="#DefRuleCond#"/>
	<ConditionOperand>
		<ParameterOperand>
			<ConstantValue
            ConstantValue="#DefRule#"/>
		</ParameterOperand>
	</ConditionOperand>
</Condition></Conditions>
	<Actions>
		
	<Action
            Dependents="" ID="Member Participant - Action"
            Visible="true" definition="ACTION_WorkflowName.xml"
                predefined="true">
	<Type>String</Type>
 	<PresentationFormat
                        PresentationFormat="set the process to ( a process name )"/>
	<ActionOperand>
		<SetOperand>
			<ClassName
                        ClassName="com.tibco.mdm.integration.ruleengine.IAttributable"/>
			<AttributeName
                AttributeName="ProcessDefinitionName"/>
		</SetOperand>
	</ActionOperand>
	<AssigmentOperator
                        ProgrammingOperator="="/>
	<ConditionOperand>
		<ParameterOperand>
			<SQLQuery
                        Dependents=""
            SQLQuery="SELECT Definition, Name || ' - ' || Description FROM CONFIGURATIONDEFINITION cdv WHERE type='PROCESSNAME'  and (OWNERID=  $OrganizationID$ OR Global='Y') and Selector like 'WORKFLOW%' and ACTIVE='Y' AND modversion = (SELECT MAX (modversion) FROM configurationdefinition cdv1 WHERE cdv1.selector = cdv.selector AND cdv1.ownerid = cdv.ownerid AND cdv1.selector = cdv.selector AND cdv1.NAME = cdv.NAME)"/>
		</ParameterOperand>
	</ConditionOperand>
</Action><Action
            ID="DefaultRuleCheck" Visible="false"
                definition="ACTION_DefaultRuleCheck.xml">
	<Type>String</Type>
	<PresentationFormat
                        PresentationFormat="l"/>
	<ActionOperand>
		<SetOperand>
			<ClassName
                        ClassName="com.tibco.mdm.integration.ruleengine.IAttributable"/>
			<AttributeName
                AttributeName="DefaultRuleCheck"/>
		</SetOperand>
	</ActionOperand>
	<AssigmentOperator
                        ProgrammingOperator="="/>
	<ConditionOperand>
		<ParameterOperand>
			<ConstantValue ConstantValue="#DefRule#"/>
		</ParameterOperand>
	</ConditionOperand>
</Action></Actions>
</RuleModel>
<!-- Copyright (c) 2018-2018 TIBCO Software Inc. All Rights Reserved. Confidential & Proprietary. -->