<?xml version="1.0" encoding="UTF-8"?>
<!-- edited with XML Spy v3.0.7 NT (http://www.xmlspy.com) by TIBCO Software Inc. -->
<!--DOCTYPE RuleModel SYSTEM "d:/venus/config/rules/RuleModel.dtd"-->
<RuleModel OrganizationID="43680" Priority="0" RuleID="-1"
    RuleModeName="Default" RuleType="Standard"
            RulesetName="Record Notification">
 <Description>Default Template</Description>
 <Imports>
  <Import
            Import="com.tibco.mdm.integration.ruleengine.IAttributable;"/>
 </Imports>
 <Conditions>
  
 <Condition
            ID="Buyer" Visible="true"
                definition="CONDITION_Buyer.xml">
	<Type>String</Type>
	<PresentationFormat
                        PresentationFormat="the partner name is ( a name )"/>
	<ConditionOperand>
		<GetOperand>
			<ClassName
                        ClassName="com.tibco.mdm.integration.ruleengine.IAttributable"/>
			<AttributeName
                        AttributeName="Buyer"/>
			<DataSourceType
                        Type="XPATH"/>
			<DataSourceValue
                Value="/Message/Header/MessageHeader[@role='Buyer']/Organization/PartyID/PartyName/text()"/>
		</GetOperand>
	</ConditionOperand>
	<BooleanOperator
                        ProgrammingOperator="equals"/>
	<ConditionOperand>
		<ParameterOperand>
			<SQLQuery
            SQLQuery="SELECT DISTINCT (Organization.name),Organization.name FROM Organization WHERE( Organization.enterpriseID = $EnterpriseID$ OR Organization.GLOBAL = 'Y' ) AND Organization.Type = 'BUYER' AND Organization.ACTIVE='Y'"/>
		</ParameterOperand>
	</ConditionOperand>
</Condition><Condition
            ID="Product Document Type - Condition" Visible="true"
                definition="CONDITION_DocumentTypeProd.xml">
	<ResourceKey
                key="DOMAINENTRY_DOCTYPE_$1"/>
	<Type>String</Type>
	<PresentationFormat
                        PresentationFormat="the document type is ( a name ) "/>
	<ConditionOperand>
		<GetOperand>
			<ClassName
                        ClassName="com.tibco.mdm.integration.ruleengine.IAttributable"/>
			<AttributeName
                        AttributeName="DocType"/>
			<DataSourceType
                        Type="XPATH"/>
			<DataSourceValue
                Value="/Message/Body/Document/@type"/>			
		</GetOperand>
	</ConditionOperand>
	<BooleanOperator
                        ProgrammingOperator="equals"/>
	<ConditionOperand>
		<ParameterOperand>
			<SQLQuery
                        Dependents=""
            SQLQuery="SELECT Value, Description FROM DOMAINENTRY WHERE DOMAINTYPE='DOCTYPE' and value like 'Prod%'"/>
		</ParameterOperand>
	</ConditionOperand>
</Condition><Condition
            ID="DeploymentMode" Visible="true"
                definition="CONDITION_DeploymentMode.xml">
	<ResourceKey
                key="DOMAINENTRY_DEPLOYMENTMODE_$1"/>
	<Type>String</Type>
	<PresentationFormat
                        PresentationFormat="the deployment mode is ( type )"/>
	<ConditionOperand>
		<GetOperand>
			<ClassName
                        ClassName="com.tibco.mdm.integration.ruleengine.IAttributable"/>
			<AttributeName
                        AttributeName="Deployment Mode"/>
			<DataSourceType
                        Type="XPATH"/>
			<DataSourceValue
                Value="/Message/@messageType"/>
		</GetOperand>
	</ConditionOperand>
	<BooleanOperator
                        ProgrammingOperator="equals"/>
	<ConditionOperand>
		<ParameterOperand>
			<SQLQuery
                        Dependents=""
            SQLQuery="SELECT VALUE, description FROM domainentry WHERE domaintype='DEPLOYMENTMODE'"/>
		</ParameterOperand>
	</ConditionOperand>
</Condition><Condition
            ID="Status" Visible="true"
                definition="CONDITION_ResponseSeverity.xml">
	<ResourceKey
                key="DOMAINENTRY_RESPONSESEVERITY_$1"/>
 <Type>String</Type>
 <PresentationFormat
                        PresentationFormat="Response severity is ( a status )"/>
 <ConditionOperand>
  <GetOperand>
   <ClassName
                        ClassName="com.tibco.mdm.integration.ruleengine.IAttributable"/>
   <AttributeName
                        AttributeName="Status"/>
   <DataSourceType
                        Type="XPATH"/>
   <DataSourceValue
                Value="/Message/Body/Document/BusinessDocument/CatalogAction/CatalogActionHeader/ResponseList/Code/CodeType[text()='Severity']/../Normal/text()"/>
  </GetOperand>
 </ConditionOperand>
 <BooleanOperator
                        ProgrammingOperator="equals"/>
 <ConditionOperand>
  <ParameterOperand>
   <SQLQuery
                        Dependents=""
            SQLQuery="SELECT VALUE, description FROM domainentry WHERE domaintype='RESPONSESEVERITY'"/>
  </ParameterOperand>
 </ConditionOperand>
</Condition><Condition
            ID="ErrorCount" Visible="true"
                definition="CONDITION_Errorcount.xml">
 <Type>Double</Type>
 <PresentationFormat
                        PresentationFormat="the ErrorCount  >= ( the ErrorCount )"/>
 <ConditionOperand>
  <GetOperand>
   <ClassName
                        ClassName="com.tibco.mdm.integration.ruleengine.IAttributable"/>
   <AttributeName
                        AttributeName="ErrorCount"/>
   <DataSourceType
                        Type="XPATH"/>
   <DataSourceValue
                Value="/Message/Body/Document/BusinessDocument/CatalogAction/CatalogActionHeader/ResponseList/ErrorCount/text()"/>
  </GetOperand>
 </ConditionOperand>
 <BooleanOperator
            ProgrammingOperator="greaterThanEqual"/>
 <ConditionOperand>
  <ParameterOperand/>
 </ConditionOperand>
</Condition><Condition
            ID="OrgID" Visible="false"
            definition="CONDITION_Organization.xml"
                predefined="true">
	<Type>Integer</Type>
	<AssociatedObjectType>Organization</AssociatedObjectType>
	<PresentationFormat
                        PresentationFormat=""/>
	<ConditionOperand>
		<GetOperand>
			<ClassName
                        ClassName="com.tibco.mdm.integration.ruleengine.IAttributable"/>
			<AttributeName
                        AttributeName="OrgID"/>
			<DataSourceType
                        Type="ATTRIBUTABLE"/>
			<DataSourceValue
                Value=""/>
		</GetOperand>
	</ConditionOperand>
	<BooleanOperator
                        ProgrammingOperator="equals"/>
	<ConditionOperand>
		<ParameterOperand>
			<ConstantValue
            ConstantValue="43680"/>
		</ParameterOperand>
	</ConditionOperand>
</Condition><Condition
            ID="DefaultRuleCheck" Visible="false"
                definition="CONDITION_DefaultRuleCheck.xml">
	<Type>String</Type>
	<PresentationFormat
                        PresentationFormat=""/>
	<ConditionOperand>
		<GetOperand>
			<ClassName
                        ClassName="com.tibco.mdm.integration.ruleengine.IAttributable"/>
			<AttributeName
                        AttributeName="DefaultRuleCheck"/>
			<DataSourceType
                        Type="NA"/>
			<DataSourceValue
                Value="NA"/>
		</GetOperand>
	</ConditionOperand>
	<BooleanOperator
                        ProgrammingOperator="#DefRuleCond#"/>
	<ConditionOperand>
		<ParameterOperand>
			<ConstantValue
            ConstantValue="#DefRule#"/>
		</ParameterOperand>
	</ConditionOperand>
</Condition></Conditions>
 <Actions>
  
 <Action
            Dependents="MemberType" ID="Member Participant - Action"
            Visible="true" definition="ACTION_MemberParticipant.xml"
                predefined="true">
	<Type>Integer</Type>
	<AssociatedObjectType>Member</AssociatedObjectType>
	<PresentationFormat
                        PresentationFormat="set the user to ( a user name )"/>
	<ActionOperand>
		<SetOperand>
			<ClassName
                        ClassName="com.tibco.mdm.integration.ruleengine.IAttributable"/>
			<AttributeName
                AttributeName="ParticipantID"/>
		</SetOperand>
	</ActionOperand>
	<AssigmentOperator
                        ProgrammingOperator="="/>
	<ConditionOperand>
		<ParameterOperand>
			<SQLQuery
                        Dependents=""
            SQLQuery="SELECT ID, UserName FROM Member, Membership WHERE EnterpriseID=$EnterpriseID$ and membership.memberid = member.id and membership.organizationid = $OrganizationID$ AND ACTIVE='Y' AND DOMAIN='MartQuestNet'"/>
		</ParameterOperand>
	</ConditionOperand>
</Action><Action
            ID="DefaultRuleCheck" Visible="false"
                definition="ACTION_DefaultRuleCheck.xml">
	<Type>String</Type>
	<PresentationFormat
                        PresentationFormat="l"/>
	<ActionOperand>
		<SetOperand>
			<ClassName
                        ClassName="com.tibco.mdm.integration.ruleengine.IAttributable"/>
			<AttributeName
                AttributeName="DefaultRuleCheck"/>
		</SetOperand>
	</ActionOperand>
	<AssigmentOperator
                        ProgrammingOperator="="/>
	<ConditionOperand>
		<ParameterOperand>
			<ConstantValue
            ConstantValue="#DefRule#"/>
		</ParameterOperand>
	</ConditionOperand>
</Action><Action
            ID="MemberType" Visible="false"
                definition="ACTION_MemberType.xml">
	<Type>String</Type>
	<PresentationFormat
                        PresentationFormat="l"/>
	<ActionOperand>
		<SetOperand>
			<ClassName
                        ClassName="com.tibco.mdm.integration.ruleengine.IAttributable"/>
			<AttributeName
                AttributeName="ParticipantType"/>
		</SetOperand>
	</ActionOperand>
	<AssigmentOperator
                        ProgrammingOperator="="/>
	<ConditionOperand>
		<ParameterOperand>
			<ConstantValue ConstantValue="MEMBER"/>
		</ParameterOperand>
	</ConditionOperand>
</Action></Actions>
</RuleModel>
<!-- Copyright (c) 2018-2018 TIBCO Software Inc. All Rights Reserved. Confidential & Proprietary. -->