<?xml version="1.0" encoding="UTF-8"?>
<!-- edited with XML Spy v3.0.7 NT (http://www.xmlspy.com) by TIBCO Software Inc. -->
<!--DOCTYPE RuleModel SYSTEM "d:/venus/config/rules/RuleModel.dtd"-->
<RuleModel OrganizationID="36010" Priority="0" RuleID="-1"
    RuleModeName="CommercialRecordApprovalWorkflow" RuleType="Standard"
            RulesetName="Record Edit Approval">
	<Description>Commercial offer approval</Description>
	<Imports>
		<Import
            Import="com.tibco.mdm.integration.ruleengine.IAttributable;"/>
	</Imports>
	<Conditions>
		
	<Condition
            ID="MasterCatalog" Visible="true"
            definition="CONDITION_MasterCatalog-CatalogAction.xml"
                predefined="true">
	<Type>Integer</Type>
	<ResourceKey
                key="REPO_NAME__$1"/>
	<AssociatedObjectType>MasterCatalog</AssociatedObjectType>
	<PresentationFormat
                        PresentationFormat="the repository is ( a repository name)"/>
	<ConditionOperand>
		<GetOperand>
			<ClassName
                        ClassName="com.tibco.mdm.integration.ruleengine.IAttributable"/>
			<AttributeName
                        AttributeName="MasterCatalog"/>
			<DataSourceType
                        Type="XPATH"/>
			<DataSourceValue
                Value="/Message/Body/Document/BusinessDocument/CatalogAction/CatalogActionHeader/MasterCatalog/RevisionID/DBID/text()"/>
		</GetOperand>
	</ConditionOperand>
	<BooleanOperator
                        ProgrammingOperator="equals"/>
	<ConditionOperand>
		<ParameterOperand>
			<SQLQuery
            SQLQuery=" select c.id, c.name from catalog c where C.TYPE='CATALOG' AND c.sourceorganizationid = $OrganizationID$ and c.active = 'Y' and c.modversion = (select max(modversion) from catalog cat where CAT.TYPE='CATALOG' AND cat.id = c.id and cat.sourceorganizationid = c.sourceorganizationid)"/>
		</ParameterOperand>
	</ConditionOperand>
</Condition><Condition
            ID="SubmittedByRole" Visible="true"
            definition="CONDITION_SubmittedByRole.xml"
                predefined="true">
    <Type>Integer</Type>
	<ResourceKey
                key="ROLENAME_$2"/>
    <AssociatedObjectType>Role</AssociatedObjectType>
    <PresentationFormat
                        PresentationFormat="the submitted by role is ( a role name )"/>
    <ConditionOperand>
        <GetOperand>
            <ClassName
                        ClassName="com.tibco.mdm.integration.ruleengine.IAttributable"/>
            <AttributeName
                AttributeName="SubmittedByRole"/>
        </GetOperand>
    </ConditionOperand>
    <BooleanOperator
                        ProgrammingOperator="hasValue"/>
    <ConditionOperand>
		<ParameterOperand>
			<SQLQuery
                        Dependents=""
            SQLQuery="SELECT ID, Name FROM Role WHERE EnterpriseID=$EnterpriseID$ AND Name != 'Buyer' and ACTIVE='Y'"/>
		</ParameterOperand>
    </ConditionOperand>
</Condition><Condition
            ID="ConversationState" Visible="true"
                definition="CONDITION_ConvState.xml">
	<ResourceKey
                key="DOMAINENTRY_WORKITEMSTATE_$1"/>
	<Type>String</Type>
	<PresentationFormat
                        PresentationFormat="the workitem state is ( a name ) "/>
	<ConditionOperand>
		<GetOperand>
			<ClassName
                        ClassName="com.tibco.mdm.integration.ruleengine.IAttributable"/>
			<AttributeName
                        AttributeName="WorkitemState"/>
			<DataSourceType
                        Type="XPATH"/>
			<DataSourceValue
                Value="/Message/History/Event[@type='StateTransition'][last()]/EventValue/text()"/>
		</GetOperand>
	</ConditionOperand>
	<BooleanOperator
                        ProgrammingOperator="equals"/>
	<ConditionOperand>
		<ParameterOperand>
            <SQLQuery
                        Dependents=""
            SQLQuery="select name, d.description from supplierstate s, domainentry d where enterpriseid = $EnterpriseID$   and id not in (select fromstateid from supplierstatetransition where enterpriseid = $EnterpriseID$)   and id not in (select tostateid from supplierstatetransition where enterpriseid = $EnterpriseID$) and d.domaintype = 'WORKITEMSTATE' and d.value = s.name order by d.description"/>
		</ParameterOperand>
	</ConditionOperand>
</Condition><Condition
            ID="OrgID" Visible="false"
            definition="CONDITION_Organization.xml"
                predefined="true">
	<Type>Integer</Type>
	<AssociatedObjectType>Organization</AssociatedObjectType>
	<PresentationFormat
                        PresentationFormat=""/>
	<ConditionOperand>
		<GetOperand>
			<ClassName
                        ClassName="com.tibco.mdm.integration.ruleengine.IAttributable"/>
			<AttributeName
                        AttributeName="OrgID"/>
			<DataSourceType
                        Type="ATTRIBUTABLE"/>
			<DataSourceValue
                Value=""/>
		</GetOperand>
	</ConditionOperand>
	<BooleanOperator
                        ProgrammingOperator="equals"/>
	<ConditionOperand>
		<ParameterOperand>
			<ConstantValue
            ConstantValue="36010"/>
		</ParameterOperand>
	</ConditionOperand>
</Condition><Condition
            ID="DefaultRuleCheck" Visible="false"
                definition="CONDITION_DefaultRuleCheck.xml">
	<Type>String</Type>
	<PresentationFormat
                        PresentationFormat=""/>
	<ConditionOperand>
		<GetOperand>
			<ClassName
                        ClassName="com.tibco.mdm.integration.ruleengine.IAttributable"/>
			<AttributeName
                        AttributeName="DefaultRuleCheck"/>
			<DataSourceType
                        Type="NA"/>
			<DataSourceValue
                Value="NA"/>
		</GetOperand>
	</ConditionOperand>
	<BooleanOperator
                        ProgrammingOperator="#DefRuleCond#"/>
	<ConditionOperand>
		<ParameterOperand>
			<ConstantValue
            ConstantValue="#DefRule#"/>
		</ParameterOperand>
	</ConditionOperand>
</Condition>
<Condition
            ID="CatalogProductLifecyclestatus" Visible="true"
                definition="CONDITION_CatalogProductLifecyclestatus.xml">
	<Type>String</Type>
	<PresentationFormat
                        PresentationFormat="the CatalogProductLifecyclestatus of the product  is ( TESTING )"/>
	<ConditionOperand>
		<GetOperand>
			<ClassName
                        ClassName="com.tibco.mdm.integration.ruleengine.IAttributable"/>
			<AttributeName
                        AttributeName="CatalogProductLifecyclestatus"/>
			<DataSourceType
                        Type="XPATH"/>
			<DataSourceValue
                Value="/Message/Body/Document/BusinessDocument/CatalogAction/CatalogActionDetails/CatalogItem/ItemData/Attribute[@name='lifecyclestatus']/Value/text()"/>
		</GetOperand>
	</ConditionOperand>
	<BooleanOperator
            ProgrammingOperator="equals"/>
	<ConditionOperand>
		<ParameterOperand/>
	</ConditionOperand>
</Condition>
</Conditions>
	<Actions>
		
	<Action
            Dependents="RoleType" ID="Role Participant - Action"
            Visible="true" definition="ACTION_RoleParticipant.xml"
                predefined="true">
    <ResourceKey
                key="ROLENAME_$1"/>
	<Type>Integer</Type>
	<AssociatedObjectType>Role</AssociatedObjectType>
	<PresentationFormat
                        PresentationFormat="set target role to ( a role name )"/>
	<ActionOperand>
		<SetOperand>
			<ClassName
                        ClassName="com.tibco.mdm.integration.ruleengine.IAttributable"/>
			<AttributeName
                AttributeName="ParticipantID"/>
		</SetOperand>
	</ActionOperand>
	<AssigmentOperator
                        ProgrammingOperator="="/>
	<ConditionOperand>
		<ParameterOperand>
			<SQLQuery
                        Dependents=""
            SQLQuery="SELECT ID, Name FROM Role WHERE EnterpriseID=$EnterpriseID$ AND Name != 'Buyer' and ACTIVE='Y'"/>
		</ParameterOperand>
	</ConditionOperand>
</Action><Action
            ID="Conversation State - Action" Visible="true"
                definition="ACTION_ConvState.xml">
	<ResourceKey
                key="DOMAINENTRY_WORKITEMSTATE_$1"/>
	<Type>String</Type>
	<PresentationFormat
                        PresentationFormat="set the next workitem state to ( a state name ) "/>
	<ActionOperand>
		<SetOperand>
			<ClassName
                        ClassName="com.tibco.mdm.integration.ruleengine.IAttributable"/>
			<AttributeName
                AttributeName="MoveTo"/>
		</SetOperand>
	</ActionOperand>
	<AssigmentOperator
                        ProgrammingOperator="="/>
	<ConditionOperand>
		<ParameterOperand>
			<SQLQuery
                        Dependents=""
            SQLQuery="select name, d.description from supplierstate s, domainentry d where enterpriseid = $EnterpriseID$   and id not in (select fromstateid from supplierstatetransition where enterpriseid = $EnterpriseID$)   and id not in (select tostateid from supplierstatetransition where enterpriseid = $EnterpriseID$) and d.domaintype = 'WORKITEMSTATE' and d.value = s.name order by d.description"/>
        </ParameterOperand>
	</ConditionOperand>
</Action><Action
            ID="DefaultRuleCheck" Visible="false"
                definition="ACTION_DefaultRuleCheck.xml">
	<Type>String</Type>
	<PresentationFormat
                        PresentationFormat="l"/>
	<ActionOperand>
		<SetOperand>
			<ClassName
                        ClassName="com.tibco.mdm.integration.ruleengine.IAttributable"/>
			<AttributeName
                AttributeName="DefaultRuleCheck"/>
		</SetOperand>
	</ActionOperand>
	<AssigmentOperator
                        ProgrammingOperator="="/>
	<ConditionOperand>
		<ParameterOperand>
			<ConstantValue
            ConstantValue="#DefRule#"/>
		</ParameterOperand>
	</ConditionOperand>
</Action><Action
            ID="RoleType" Visible="false"
                definition="ACTION_RoleType.xml">
	<Type>String</Type>
	<PresentationFormat
                        PresentationFormat=""/>
	<ActionOperand>
		<SetOperand>
			<ClassName
                        ClassName="com.tibco.mdm.integration.ruleengine.IAttributable"/>
			<AttributeName
                AttributeName="ParticipantType"/>
		</SetOperand>
	</ActionOperand>
	<AssigmentOperator
                        ProgrammingOperator="="/>
	<ConditionOperand>
		<ParameterOperand>
			<ConstantValue ConstantValue="ROLE"/>
		</ParameterOperand>
	</ConditionOperand>
</Action></Actions>
</RuleModel>
<!-- Copyright (c) 2018-2018 TIBCO Software Inc. All Rights Reserved. Confidential & Proprietary. -->