<?xml version="1.0" encoding="UTF-8"?>
<!-- edited with XML Spy v3.0.7 NT (http://www.xmlspy.com) by TIBCO Software Inc. -->
<!--DOCTYPE RuleModel SYSTEM "d:/venus/config/rules/RuleModel.dtd"-->
<RuleModel OrganizationID="43680" Priority="0" RuleID="-1"
    RuleModeName="Default" RuleType="Standard"
            RulesetName="Reminder Setup">
	<Description>Default Template</Description>
	<Imports>
		<Import
            Import="com.tibco.mdm.integration.ruleengine.IAttributable;"/>
	</Imports>
	<Conditions>
		
	<Condition
            ID="Launch Type - Condition" Visible="true"
                definition="CONDITION_LaunchType.xml">
	<Type>String</Type>
	<PresentationFormat
                        PresentationFormat="Launch type ( a value )"/>
	<ConditionOperand>
		<GetOperand>
			<ClassName
                        ClassName="com.tibco.mdm.integration.ruleengine.IAttributable"/>
			<AttributeName
                        AttributeName="LaunchType"/>
			<DataSourceType
                        Type="XPATH"/>
			<DataSourceValue
                Value="/Message/Body/Document/BusinessDocument/CatalogAction/CatalogActionDetails/CatalogItem/ItemData/Attribute[@name='Launch_Type']/Value/text()"/>
		</GetOperand>
	</ConditionOperand>
	<BooleanOperator
            ProgrammingOperator="equals"/>
	<ConditionOperand>
		<ParameterOperand/>
	</ConditionOperand>
</Condition><Condition
            ID="Reminder Number - Condition" Visible="true"
                definition="CONDITION_ReminderNumber.xml">
	<Type>Integer</Type>
	<PresentationFormat
                        PresentationFormat="Reminder number ( a value )"/>
	<ConditionOperand>
		<GetOperand>
			<ClassName
                        ClassName="com.tibco.mdm.integration.ruleengine.IAttributable"/>
			<AttributeName
                        AttributeName="ReminderNumber"/>
			<DataSourceType
                        Type="ATTRIBUTABLE"/>
			<DataSourceValue
                Value=""/>
		</GetOperand>
	</ConditionOperand>
	<BooleanOperator
            ProgrammingOperator="equals"/>
	<ConditionOperand>
		<ParameterOperand/>
	</ConditionOperand>
</Condition><Condition
            ID="TimedOutParticipantRoles" Visible="true"
            definition="CONDITION_TimedOutParticipantRoles.xml"
                predefined="true">
    <ResourceKey
                key="ROLENAME_$1"/>
	<Type>Integer</Type>
	<AssociatedObjectType>Role</AssociatedObjectType>
	<PresentationFormat
                        PresentationFormat="the role is ( a supplier group name )"/>
	<ConditionOperand>
		<GetOperand>
			<ClassName
                        ClassName="com.tibco.mdm.integration.ruleengine.IAttributable"/>
			<AttributeName
                        AttributeName="TimedOutParticipantRoles"/>
			<DataSourceType
                        Type="OBJECT"/>
			<DataSourceValue
                Value="PROFILE"/>
		</GetOperand>
	</ConditionOperand>
	<BooleanOperator
                        ProgrammingOperator="hasValue"/>
	<ConditionOperand>
		<ParameterOperand>
			<SQLQuery
                        Dependents=""
            SQLQuery="SELECT ID, Name FROM Role WHERE EnterpriseID=$EnterpriseID$ AND OrganizationType='SUPPLIER' and ACTIVE='Y'"/>
		</ParameterOperand>
	</ConditionOperand>
</Condition><Condition
            ID="TimedOutParticipantID" Visible="true"
            definition="CONDITION_TimedOutParticipant.xml"
                predefined="true">
	<Type>Integer</Type>
	<AssociatedObjectType>Member</AssociatedObjectType>
	<PresentationFormat
                        PresentationFormat="the user whose workitem has timed out is ( a value )"/>
	<ConditionOperand>
		<GetOperand>
			<ClassName
                        ClassName="com.tibco.mdm.integration.ruleengine.IAttributable"/>
			<AttributeName
                        AttributeName="TimedOutParticipantID"/>
			<DataSourceType
                        Type="ATTRIBUTABLE"/>
			<DataSourceValue
                Value=""/>
		</GetOperand>
	</ConditionOperand>
	<BooleanOperator
                        ProgrammingOperator="equals"/>
	<ConditionOperand>
		<ParameterOperand>
			<SQLQuery
                        Dependents=""
            SQLQuery="SELECT ID, UserName FROM Member, Membership WHERE EnterpriseID=$EnterpriseID$ and membership.memberid = member.id and membership.organizationid = $OrganizationID$ AND ACTIVE='Y' AND DOMAIN='MartQuestNet'"/>
		</ParameterOperand>
	</ConditionOperand>
</Condition><Condition
            ID="OrgID" Visible="false"
            definition="CONDITION_Organization.xml"
                predefined="true">
	<Type>Integer</Type>
	<AssociatedObjectType>Organization</AssociatedObjectType>
	<PresentationFormat
                        PresentationFormat=""/>
	<ConditionOperand>
		<GetOperand>
			<ClassName
                        ClassName="com.tibco.mdm.integration.ruleengine.IAttributable"/>
			<AttributeName
                        AttributeName="OrgID"/>
			<DataSourceType
                        Type="ATTRIBUTABLE"/>
			<DataSourceValue
                Value=""/>
		</GetOperand>
	</ConditionOperand>
	<BooleanOperator
                        ProgrammingOperator="equals"/>
	<ConditionOperand>
		<ParameterOperand>
			<ConstantValue
            ConstantValue="43680"/>
		</ParameterOperand>
	</ConditionOperand>
</Condition><Condition
            ID="DefaultRuleCheck" Visible="false"
                definition="CONDITION_DefaultRuleCheck.xml">
	<Type>String</Type>
	<PresentationFormat
                        PresentationFormat=""/>
	<ConditionOperand>
		<GetOperand>
			<ClassName
                        ClassName="com.tibco.mdm.integration.ruleengine.IAttributable"/>
			<AttributeName
                        AttributeName="DefaultRuleCheck"/>
			<DataSourceType
                        Type="NA"/>
			<DataSourceValue
                Value="NA"/>
		</GetOperand>
	</ConditionOperand>
	<BooleanOperator
                        ProgrammingOperator="#DefRuleCond#"/>
	<ConditionOperand>
		<ParameterOperand>
			<ConstantValue
            ConstantValue="#DefRule#"/>
		</ParameterOperand>
	</ConditionOperand>
</Condition></Conditions>
	<Actions>
		
	<Action
            ID="Number Of Days - Action" Visible="true"
                definition="ACTION_NumberOfDays.xml">
	<Type>Integer</Type>
	<PresentationFormat
                        PresentationFormat="Remind 'n' days before launch ( a number )"/>
	<ActionOperand>
		<SetOperand>
			<ClassName
                        ClassName="com.tibco.mdm.integration.ruleengine.IAttributable"/>
			<AttributeName
                AttributeName="RemindBeforeNumberOfDays"/>
		</SetOperand>
	</ActionOperand>
	<AssigmentOperator
            ProgrammingOperator="="/>
	<ConditionOperand>
		<ParameterOperand/>
	</ConditionOperand>
</Action><Action
            ID="Participant Email - Action" Visible="true"
            definition="ACTION_ParticipantEmail.xml"
                predefined="true">
	<Type>Integer</Type>
	<AssociatedObjectType>Email</AssociatedObjectType>
	<PresentationFormat
                        PresentationFormat="the address to send the email to is (a name) "/>
	<ActionOperand>
		<SetOperand>
			<ClassName
                        ClassName="com.tibco.mdm.integration.ruleengine.IAttributable"/>
			<AttributeName
                AttributeName="Address"/>
		</SetOperand>
	</ActionOperand>
	<AssigmentOperator
                        ProgrammingOperator="="/>
	<ConditionOperand>
		<ParameterOperand>
		    <SQLQuery
                        Dependents=""
            SQLQuery="select email.id, member.username || '(' || email.email || ')' from email, member where member.id = email.ownerid and email.active = 'Y' and member.active = 'Y' and member.enterpriseid=$EnterpriseID$"/>
		</ParameterOperand>
	</ConditionOperand>
</Action><Action
            ID="DefaultRuleCheck" Visible="false"
                definition="ACTION_DefaultRuleCheck.xml">
	<Type>String</Type>
	<PresentationFormat
                        PresentationFormat="l"/>
	<ActionOperand>
		<SetOperand>
			<ClassName
                        ClassName="com.tibco.mdm.integration.ruleengine.IAttributable"/>
			<AttributeName
                AttributeName="DefaultRuleCheck"/>
		</SetOperand>
	</ActionOperand>
	<AssigmentOperator
                        ProgrammingOperator="="/>
	<ConditionOperand>
		<ParameterOperand>
			<ConstantValue ConstantValue="#DefRule#"/>
		</ParameterOperand>
	</ConditionOperand>
</Action></Actions>
</RuleModel>
<!-- Copyright (c) 2018-2018 TIBCO Software Inc. All Rights Reserved. Confidential & Proprietary. -->