<?xml version="1.0" encoding="UTF-8"?>
<!-- edited with XML Spy v3.0.7 NT (http://www.xmlspy.com) by TIBCO Software Inc. -->
<!--DOCTYPE RuleModel SYSTEM "d:/venus/config/rules/RuleModel.dtd"-->
<RuleModel OrganizationID="43680" Priority="0" RuleID="-1"
    RuleModeName="Default" RuleType="Standard"
            RulesetName="Repository Selection">
	<Description>Default Template</Description>
	<Imports>
		<Import
            Import="com.tibco.mdm.integration.ruleengine.IAttributable;"/>
	</Imports>
	<Conditions>
		
	<Condition
            ID="Buyer" Visible="true"
                definition="CONDITION_Buyer.xml">
	<Type>String</Type>
	<PresentationFormat
                        PresentationFormat="the partner name is ( a name )"/>
	<ConditionOperand>
		<GetOperand>
			<ClassName
                        ClassName="com.tibco.mdm.integration.ruleengine.IAttributable"/>
			<AttributeName
                        AttributeName="Buyer"/>
			<DataSourceType
                        Type="XPATH"/>
			<DataSourceValue
                Value="/Message/Header/MessageHeader[@role='Buyer']/Organization/PartyID/PartyName/text()"/>
		</GetOperand>
	</ConditionOperand>
	<BooleanOperator
                        ProgrammingOperator="equals"/>
	<ConditionOperand>
		<ParameterOperand>
			<SQLQuery
            SQLQuery="SELECT DISTINCT (Organization.name),Organization.name FROM Organization WHERE( Organization.enterpriseID = $EnterpriseID$ OR Organization.GLOBAL = 'Y' ) AND Organization.Type = 'BUYER' AND Organization.ACTIVE='Y'"/>
		</ParameterOperand>
	</ConditionOperand>
</Condition><Condition
            ID="CatalogProductUDEXCode" Visible="true"
                definition="CONDITION_CatalogProductUDEXCode.xml">
	<Type>String</Type>
	<PresentationFormat
                        PresentationFormat="the UDEX Code is ( the UDEX code )"/>
	<ConditionOperand>
		<GetOperand>
			<ClassName
                        ClassName="com.tibco.mdm.integration.ruleengine.IAttributable"/>
			<AttributeName
                        AttributeName="CatalogProductUDEXCode"/>
			<DataSourceType
                        Type="XPATH"/>
			<DataSourceValue
                Value="/Message/Body/Document/BusinessDocument/CatalogAction/CatalogActionDetails/CatalogItem/ItemData/Attribute[@name='UDEXCODE']/Value/text()"/>
		</GetOperand>
	</ConditionOperand>
	<BooleanOperator
            ProgrammingOperator="matchRegex"/>
	<ConditionOperand>
		<ParameterOperand/>
	</ConditionOperand>
</Condition><Condition
            ID="OrgID" Visible="false"
            definition="CONDITION_Organization.xml"
                predefined="true">
	<Type>Integer</Type>
	<AssociatedObjectType>Organization</AssociatedObjectType>
	<PresentationFormat
                        PresentationFormat=""/>
	<ConditionOperand>
		<GetOperand>
			<ClassName
                        ClassName="com.tibco.mdm.integration.ruleengine.IAttributable"/>
			<AttributeName
                        AttributeName="OrgID"/>
			<DataSourceType
                        Type="ATTRIBUTABLE"/>
			<DataSourceValue
                Value=""/>
		</GetOperand>
	</ConditionOperand>
	<BooleanOperator
                        ProgrammingOperator="equals"/>
	<ConditionOperand>
		<ParameterOperand>
			<ConstantValue
            ConstantValue="43680"/>
		</ParameterOperand>
	</ConditionOperand>
</Condition><Condition
            ID="DefaultRuleCheck" Visible="false"
                definition="CONDITION_DefaultRuleCheck.xml">
	<Type>String</Type>
	<PresentationFormat
                        PresentationFormat=""/>
	<ConditionOperand>
		<GetOperand>
			<ClassName
                        ClassName="com.tibco.mdm.integration.ruleengine.IAttributable"/>
			<AttributeName
                        AttributeName="DefaultRuleCheck"/>
			<DataSourceType
                        Type="NA"/>
			<DataSourceValue
                Value="NA"/>
		</GetOperand>
	</ConditionOperand>
	<BooleanOperator
                        ProgrammingOperator="#DefRuleCond#"/>
	<ConditionOperand>
		<ParameterOperand>
			<ConstantValue
            ConstantValue="#DefRule#"/>
		</ParameterOperand>
	</ConditionOperand>
</Condition></Conditions>
	<Actions>
		
	<Action
            ID="Master Catalog - Action" Visible="true"
                definition="ACTION_MasterCatalog.xml">
	<Type>Integer</Type>
	<ResourceKey
                key="REPO_NAME__$1"/>
    <AssociatedObjectType>MasterCatalog</AssociatedObjectType>
	<PresentationFormat
                        PresentationFormat="the repository to add the record to ( a repository name )"/>
	<ActionOperand>
		<SetOperand>
			<ClassName
                        ClassName="com.tibco.mdm.integration.ruleengine.IAttributable"/>
			<AttributeName
                AttributeName="MasterCatalog"/>
		</SetOperand>
	</ActionOperand>
	<AssigmentOperator
                        ProgrammingOperator="="/>
	<ConditionOperand>
		<ParameterOperand>
			<SQLQuery
                        Dependents=""
            SQLQuery="select c.id, c.name from catalog c where c.sourceorganizationid = $OrganizationID$ and c.active = 'Y' and c.type='CATALOG' and c.modversion =  ( SELECT MAX(modversion) from Catalog c2 where c.id = c2.id) order by c.name"/>
		</ParameterOperand>
	</ConditionOperand>
</Action><Action
            Dependents="" ID="CIN Changed - Action" Visible="true"
            definition="ACTION_TreatNewCINAsChange.xml"
                predefined="true">
    <ResourceKey
                key="DOMAINENTRY_DATAPOOLOPTION_TREATCINASNEW_$1"/>
	<Type>String</Type>
	<PresentationFormat
                        PresentationFormat="Treat new CINs as 'data change' messages (a name)"/>
	<ActionOperand>
		<SetOperand>
			<ClassName
                        ClassName="com.tibco.mdm.integration.ruleengine.IAttributable"/>
			<AttributeName
                AttributeName="TreatNewCINAsChange"/>
		</SetOperand>
	</ActionOperand>
	<AssigmentOperator
                        ProgrammingOperator="="/>
	<ConditionOperand>
		<ParameterOperand>
			<SQLQuery
                        Dependents=""
            SQLQuery="select value, description from domainvalue where domaintype='DATAPOOLOPTION' and domainValue='TREATCINASNEW'">
			</SQLQuery>
		</ParameterOperand>
	</ConditionOperand>
</Action><Action
            ID="DefaultRuleCheck" Visible="false"
                definition="ACTION_DefaultRuleCheck.xml">
	<Type>String</Type>
	<PresentationFormat
                        PresentationFormat="l"/>
	<ActionOperand>
		<SetOperand>
			<ClassName
                        ClassName="com.tibco.mdm.integration.ruleengine.IAttributable"/>
			<AttributeName
                AttributeName="DefaultRuleCheck"/>
		</SetOperand>
	</ActionOperand>
	<AssigmentOperator
                        ProgrammingOperator="="/>
	<ConditionOperand>
		<ParameterOperand>
			<ConstantValue ConstantValue="#DefRule#"/>
		</ParameterOperand>
	</ConditionOperand>
</Action></Actions>
</RuleModel>
<!-- Copyright (c) 2018-2018 TIBCO Software Inc. All Rights Reserved. Confidential & Proprietary. -->