<?xml version="1.0" encoding="UTF-8"?>
<!-- edited with XML Spy v3.0.7 NT (http://www.xmlspy.com) by TIBCO Software Inc. -->
<!--DOCTYPE RuleModel SYSTEM "d:/venus/config/rules/RuleModel.dtd"-->
<RuleModel OrganizationID="43680" Priority="0" RuleID="-1"
    RuleModeName="Default" RuleType="Standard"
            RulesetName="Synchronization Action Alert">
	<Description>Default Template</Description>
	<Imports>
		<Import
            Import="com.tibco.mdm.integration.ruleengine.IAttributable;"/>
	</Imports>
	<Conditions>
		
	<Condition
            ID="MasterCatalog" Visible="true"
            definition="CONDITION_MasterCatalog.xml"
                predefined="true">
    <Type>Integer</Type>
	<ResourceKey
                key="REPO_NAME__$1"/>
    <AssociatedObjectType>MasterCatalog</AssociatedObjectType>
    <PresentationFormat
                        PresentationFormat="the repository is (a repository)"/>
    <ConditionOperand>
        <GetOperand>
            <ClassName
                        ClassName="com.tibco.mdm.integration.ruleengine.IAttributable"/>
            <AttributeName
                        AttributeName="MasterCatalog"/>
            <DataSourceType
                        Type="XPATH"/>
            <DataSourceValue
                Value="//MasterCatalog/RevisionID/DBID[1]/text()"/>
        </GetOperand>
    </ConditionOperand>
    <BooleanOperator
                        ProgrammingOperator="equals"/>
    <ConditionOperand>
        <ParameterOperand>
            <SQLQuery
            SQLQuery=" select c.id, c.name from catalog c where C.TYPE='CATALOG' AND c.sourceorganizationid = $OrganizationID$ and c.active = 'Y' and c.modversion = (select max(modversion) from catalog cat where CAT.TYPE='CATALOG' AND cat.id = c.id and cat.sourceorganizationid = c.sourceorganizationid)"/>
        </ParameterOperand>
    </ConditionOperand>
</Condition><Condition
            ID="BuyerCatalog" Visible="true"
            definition="CONDITION_CatalogEdition.xml"
                predefined="true">
	<Type>Integer</Type>
	<AssociatedObjectType>Catalog</AssociatedObjectType>
	<PresentationFormat
                        PresentationFormat="the synchronization profile is ( a synchronization profile name)"/>
	<ConditionOperand>
		<GetOperand>
			<ClassName
                        ClassName="com.tibco.mdm.integration.ruleengine.IAttributable"/>
			<AttributeName
                        AttributeName="BuyerCatalog"/>
			<DataSourceType
                        Type="XPATH"/>
			<DataSourceValue
                Value="/Message/Body/Document/BusinessDocument/CatalogAction/CatalogActionHeader/BuyerCatalogHeader/RevisionID/DBID/text()"/>	
		</GetOperand>
	</ConditionOperand>
	<BooleanOperator
                        ProgrammingOperator="equals"/>
	<ConditionOperand>
		<ParameterOperand>
			<SQLQuery
                        Dependents="MasterCatalog"
            SQLQuery="select ce.id, ce.name from catalogedition ce where ce.sourceorganizationid = $OrganizationID$ and ce.active = 'Y' and #MasterCatalog# ce.catalogid = $MasterCatalog$ and #MasterCatalog# ce.modversion = (select max(cedition.modversion) from catalogedition cedition where ce.id = cedition.id and ce.sourceorganizationid = cedition.sourceorganizationid)"/>
		</ParameterOperand>
	</ConditionOperand>
</Condition><Condition
            ID="Buyer" Visible="true"
                definition="CONDITION_Buyer.xml">
	<Type>String</Type>
	<PresentationFormat
                        PresentationFormat="the partner name is ( a name )"/>
	<ConditionOperand>
		<GetOperand>
			<ClassName
                        ClassName="com.tibco.mdm.integration.ruleengine.IAttributable"/>
			<AttributeName
                        AttributeName="Buyer"/>
			<DataSourceType
                        Type="XPATH"/>
			<DataSourceValue
                Value="/Message/Header/MessageHeader[@role='Buyer']/Organization/PartyID/PartyName/text()"/>
		</GetOperand>
	</ConditionOperand>
	<BooleanOperator
                        ProgrammingOperator="equals"/>
	<ConditionOperand>
		<ParameterOperand>
			<SQLQuery
            SQLQuery="SELECT DISTINCT (Organization.name),Organization.name FROM Organization WHERE( Organization.enterpriseID = $EnterpriseID$ OR Organization.GLOBAL = 'Y' ) AND Organization.Type = 'BUYER' AND Organization.ACTIVE='Y'"/>
		</ParameterOperand>
	</ConditionOperand>
</Condition><Condition
            ID="ConversationState" Visible="true"
                definition="CONDITION_ConvState.xml">
	<ResourceKey
                key="DOMAINENTRY_WORKITEMSTATE_$1"/>
	<Type>String</Type>
	<PresentationFormat
                        PresentationFormat="the workitem state is ( a name ) "/>
	<ConditionOperand>
		<GetOperand>
			<ClassName
                        ClassName="com.tibco.mdm.integration.ruleengine.IAttributable"/>
			<AttributeName
                        AttributeName="WorkitemState"/>
			<DataSourceType
                        Type="XPATH"/>
			<DataSourceValue
                Value="/Message/History/Event[@type='StateTransition'][last()]/EventValue/text()"/>
		</GetOperand>
	</ConditionOperand>
	<BooleanOperator
                        ProgrammingOperator="equals"/>
	<ConditionOperand>
		<ParameterOperand>
            <SQLQuery
                        Dependents=""
            SQLQuery="select name, d.description from supplierstate s, domainentry d where enterpriseid = $EnterpriseID$   and id not in (select fromstateid from supplierstatetransition where enterpriseid = $EnterpriseID$)   and id not in (select tostateid from supplierstatetransition where enterpriseid = $EnterpriseID$) and d.domaintype = 'WORKITEMSTATE' and d.value = s.name order by d.description"/>
		</ParameterOperand>
	</ConditionOperand>
</Condition><Condition
            ID="DeploymentMode" Visible="true"
                definition="CONDITION_DeploymentMode.xml">
	<ResourceKey
                key="DOMAINENTRY_DEPLOYMENTMODE_$1"/>
	<Type>String</Type>
	<PresentationFormat
                        PresentationFormat="the deployment mode is ( type )"/>
	<ConditionOperand>
		<GetOperand>
			<ClassName
                        ClassName="com.tibco.mdm.integration.ruleengine.IAttributable"/>
			<AttributeName
                        AttributeName="Deployment Mode"/>
			<DataSourceType
                        Type="XPATH"/>
			<DataSourceValue
                Value="/Message/@messageType"/>
		</GetOperand>
	</ConditionOperand>
	<BooleanOperator
                        ProgrammingOperator="equals"/>
	<ConditionOperand>
		<ParameterOperand>
			<SQLQuery
                        Dependents=""
            SQLQuery="SELECT VALUE, description FROM domainentry WHERE domaintype='DEPLOYMENTMODE'"/>
		</ParameterOperand>
	</ConditionOperand>
</Condition><Condition
            ID="OrgID" Visible="false"
            definition="CONDITION_Organization.xml"
                predefined="true">
	<Type>Integer</Type>
	<AssociatedObjectType>Organization</AssociatedObjectType>
	<PresentationFormat
                        PresentationFormat=""/>
	<ConditionOperand>
		<GetOperand>
			<ClassName
                        ClassName="com.tibco.mdm.integration.ruleengine.IAttributable"/>
			<AttributeName
                        AttributeName="OrgID"/>
			<DataSourceType
                        Type="ATTRIBUTABLE"/>
			<DataSourceValue
                Value=""/>
		</GetOperand>
	</ConditionOperand>
	<BooleanOperator
                        ProgrammingOperator="equals"/>
	<ConditionOperand>
		<ParameterOperand>
			<ConstantValue
            ConstantValue="43680"/>
		</ParameterOperand>
	</ConditionOperand>
</Condition><Condition
            ID="DefaultRuleCheck" Visible="false"
                definition="CONDITION_DefaultRuleCheck.xml">
	<Type>String</Type>
	<PresentationFormat
                        PresentationFormat=""/>
	<ConditionOperand>
		<GetOperand>
			<ClassName
                        ClassName="com.tibco.mdm.integration.ruleengine.IAttributable"/>
			<AttributeName
                        AttributeName="DefaultRuleCheck"/>
			<DataSourceType
                        Type="NA"/>
			<DataSourceValue
                Value="NA"/>
		</GetOperand>
	</ConditionOperand>
	<BooleanOperator
                        ProgrammingOperator="#DefRuleCond#"/>
	<ConditionOperand>
		<ParameterOperand>
			<ConstantValue
            ConstantValue="#DefRule#"/>
		</ParameterOperand>
	</ConditionOperand>
</Condition></Conditions>
	<Actions>
		
	<Action
            ID="Protocol - Action" Visible="true"
                definition="ACTION_Protocol.xml">
	<ResourceKey
                key="DOMAINENTRY_PROTOCOL_$1"/>
	<Type>String</Type>
	<PresentationFormat
                        PresentationFormat="the communication protocol to use is (a name) "/>
	<ActionOperand>
		<SetOperand>
			<ClassName
                        ClassName="com.tibco.mdm.integration.ruleengine.IAttributable"/>
			<AttributeName
                AttributeName="Protocol"/>
		</SetOperand>
	</ActionOperand>
	<AssigmentOperator
                        ProgrammingOperator="="/>
	<ConditionOperand>
		<ParameterOperand>
			<SQLQuery
                        Dependents=""
            SQLQuery="SELECT value, description FROM domainentry WHERE domaintype='PROTOCOL'"/>
		</ParameterOperand>
	</ConditionOperand>
</Action><Action
            ID="Address - Action" Visible="true"
            definition="ACTION_Address.xml"
                predefined="true">
	<Type>Integer</Type>
	<AssociatedObjectType>EContact</AssociatedObjectType>
	<PresentationFormat
                        PresentationFormat="the address to send the document to is (a name) "/>
	<ActionOperand>
		<SetOperand>
			<ClassName
                        ClassName="com.tibco.mdm.integration.ruleengine.IAttributable"/>
			<AttributeName
                AttributeName="Address"/>
		</SetOperand>
	</ActionOperand>
	<AssigmentOperator
                        ProgrammingOperator="="/>
	<ConditionOperand>
		<ParameterOperand>
		    <SQLQuery
                        Dependents=""
            SQLQuery="select id, name from protocolviewhttp WHERE ownerid = $OrganizationID$ union select id, name from protocolviewftp WHERE ownerid = $OrganizationID$ union select id, name from protocolviewsmtp WHERE ownerid = $OrganizationID$"/>
		</ParameterOperand>
	</ConditionOperand>
</Action><Action
            ID="DefaultRuleCheck" Visible="false"
                definition="ACTION_DefaultRuleCheck.xml">
	<Type>String</Type>
	<PresentationFormat
                        PresentationFormat="l"/>
	<ActionOperand>
		<SetOperand>
			<ClassName
                        ClassName="com.tibco.mdm.integration.ruleengine.IAttributable"/>
			<AttributeName
                AttributeName="DefaultRuleCheck"/>
		</SetOperand>
	</ActionOperand>
	<AssigmentOperator
                        ProgrammingOperator="="/>
	<ConditionOperand>
		<ParameterOperand>
			<ConstantValue ConstantValue="#DefRule#"/>
		</ParameterOperand>
	</ConditionOperand>
</Action></Actions>
</RuleModel>
<!-- Copyright (c) 2018-2018 TIBCO Software Inc. All Rights Reserved. Confidential & Proprietary. -->