<soapenv:Envelope xmlns:soapenv="http://schemas.xmlsoap.org/soap/envelope/" xmlns:ns="http://www.tibco.com/ac/services/fcservices/wsdl/2.0">
   <soapenv:Header/>
   <soapenv:Body>
      <ns:BulkDeleteRequest>
         <!--Optional:-->
         <ns:UserInfo>
            <ns:UserName>admin</ns:UserName>
            <ns:Password>admin</ns:Password>
            <ns:Enterprise>ent</ns:Enterprise>
         </ns:UserInfo>
         <ns:BinaryData>cid:388323348948</ns:BinaryData>
      </ns:BulkDeleteRequest>
   </soapenv:Body>
</soapenv:Envelope>
<!-- Copyright (c) 2018-2018 TIBCO Software Inc. All Rights Reserved. Confidential & Proprietary. -->