<soapenv:Envelope xmlns:soapenv="http://schemas.xmlsoap.org/soap/envelope/" xmlns:ns="http://www.tibco.com/ac/services/fcservices/wsdl/2.0">
   <soapenv:Header/>
   <soapenv:Body>
      <ns:CatalogSynchronizationRequest>
         <ns:UserInfo>
            <ns:UserName>admin</ns:UserName>
            <ns:Password>admin</ns:Password>
            <ns:Enterprise>FC400</ns:Enterprise>
         </ns:UserInfo>
      </ns:CatalogSynchronizationRequest>
   </soapenv:Body>
</soapenv:Envelope>
<!-- Copyright (c) 2018-2018 TIBCO Software Inc. All Rights Reserved. Confidential & Proprietary. -->