<soapenv:Envelope xmlns:soapenv="http://schemas.xmlsoap.org/soap/envelope/" xmlns:ns="http://www.tibco.com/ac/services/fcservices/wsdl/2.0">
   <soapenv:Header/>
   <soapenv:Body>
      <ns:ImportDataRequest>
         <!--Optional:-->
         <ns:UserInfo>
            <ns:UserName>admin</ns:UserName>
            <ns:Password>admin</ns:Password>
            <ns:Enterprise>FC400</ns:Enterprise>
         </ns:UserInfo>
         <ns:ImportData>
            <ns:ImportType>P</ns:ImportType>
            <ns:FileName>test.zip</ns:FileName>
            <ns:BinaryData>cid:1226930929255</ns:BinaryData>
         </ns:ImportData>
      </ns:ImportDataRequest>
   </soapenv:Body>
</soapenv:Envelope>
<!-- Copyright (c) 2018-2018 TIBCO Software Inc. All Rights Reserved. Confidential & Proprietary. -->