<?xml version="1.0" encoding="UTF-8"?>
<rulebase metaversion="1.0">

<name>Catalog assignment file</name>
<description>Catalog assignment file</description>


<!-- variable declared to define list of record type which comes under commercial catalog -->
<declare usage="local">
	<var>COMMERCIAL_RECORDTYPE_LIST</var>
	<datatype type="array"/>
</declare>

<!-- variable declared to define list of record type which comes under technical catalog -->
<declare usage="local">
	<var>TECHNICAL_RECORDTYPE_LIST</var>
	<datatype type="array"/>
</declare>

<constraint>
		<name>Include lifecyclestatus file</name>
		<description>Include lifecyclestatus</description>
		<action>
			<include>
				<literal>Rulebase</literal>
				<literal>standard/rulebase/rbrecordlifecyclestatus.xml</literal>
			</include>	
		</action>
	</constraint>



<constraint>
	<name>ValidCommercialRecordTypes</name>
	<description>Assign using local variable</description>      
	<action>
		<assign>
			<var>COMMERCIAL_RECORDTYPE_LIST</var>
			<const type="string">TARIFF</const>
			<const type="string">BILLING PLAN</const>
			<const type="string">BUNDLE</const>
			<const type="string">CFS</const>
			<const type="string">PO</const>
			<const type="string">BPO</const>
		</assign>
	</action>                
</constraint>

<constraint>
	<name>ValidTechnicalRecordTypes</name>
	<description>Assign using local variable</description>      
	<action>
		<assign>
			<var>TECHNICAL_RECORDTYPE_LIST</var>
			<const type="string">TECHNICALCOMPONENT</const>
			<const type="string">HARDWARE</const>
			<const type="string">DEVICE</const>
			<const type="string">SERVICE</const>
			<const type="string">RFS</const>
		</assign>
	</action>                
</constraint>

<constraint>
	<name>AssignRecordUseAttribute_Technical</name>
	<description>Assign value for RecordUse attribute</description>
	
	<usefor>
		<var>RecordUse</var>
	</usefor>	

	<condition>
		
		<and>
			<eq>
				<var>CATALOG_NAME</var>
				<const type="string">PRODUCT</const>
			</eq>
			<in>
				<var>RECORD_TYPE</var>
				<var>TECHNICAL_RECORDTYPE_LIST</var>
			</in>
		</and>
	</condition>
	
	<action>
		<assign>
			<var>RecordUse</var>
			<const type="string">Technical</const>
		</assign>
	</action>
</constraint>

<constraint>
	<name>AssignRecordUseAttribute_Commercial</name>
	<description>Assign value for RecordUse attribute</description>
	
	<usefor>
		<var>RecordUse</var>
	</usefor>

	<condition>
		<and>
			<eq>
				<var>CATALOG_NAME</var>
				<const type="string">PRODUCT</const>
			</eq>
			<in>
				<var>RECORD_TYPE</var>
				<var>COMMERCIAL_RECORDTYPE_LIST</var>
			</in>
		</and>
	</condition>
	
	<action>
		<assign>
			<var>RecordUse</var>
			<const type="string">Commercial</const>
		</assign>
	</action>
</constraint>

<constraint>
	<name>AssignRecordUseAttribute_All</name>
	<description>Assign value for RecordUse attribute</description>
	
	<usefor>
		<var>RecordUse</var>
	</usefor>

	<condition>
			<and>
				<eq>
					<var>CATALOG_NAME</var>
					<const type="string">PRODUCT</const>
				</eq>
				<not>
					<in>
						<var>RECORD_TYPE</var>
						<var>TECHNICAL_RECORDTYPE_LIST</var>
					</in>
				</not>
				<not>
					<in>
						<var>RECORD_TYPE</var>
						<var>COMMERCIAL_RECORDTYPE_LIST</var>
					</in>
				</not>
			</and>	
	</condition>
	
	<action>
		<assign>
			<var>RecordUse</var>
			<const type="string">All</const>
		</assign>
	</action>
</constraint>


</rulebase>
<!-- Copyright (c) 2018-2018 TIBCO Software Inc. All Rights Reserved. Confidential & Proprietary. -->