<?xml version="1.0" encoding="UTF-8"?>
<rulebase metaversion="1.0">
<!--This is a New Rulebase of type Validation. It uses include action. 
Include action calls i.e includes another rulebases which is designed in Rulebase model -> Common Folder.
Rulebase in common foler needs to be of type other. Otherwise it will ovewrite on catalogvalidation.xml/newrecord.xml/searchcontrolrules.xml file. -->

<name>Catalogassignment and importcatalog PRODUCT</name>
<description>Catalogassignment and importcatalog PRODUCT</description>

<declare usage="input">
	<var>application</var>
	<datatype type="string"/>
</declare>

<constraint>
	<name>Include importcatalog file</name>
	<description>Include catalogassignment and importcatalog</description>
	<condition>
		<or>
			<undefined>
				<var>application</var>
			</undefined>
			<neq>
				<var>application</var>
				<const type="string">OPD</const>
			</neq>
		</or>
	</condition>

	<action>
		<include>
			<literal>Rulebase</literal>
			<literal>#ENTERPRISENAME#/catalog/master/#CATALOGID#/importcatalog_PRODUCT.xml</literal>
		</include>	
	</action>
</constraint>

<constraint>
	<name>Include catalogassignment file</name>
	<description>Include catalogassignment file</description>
	<condition>
		<or>
			<undefined>
				<var>application</var>
			</undefined>
			<neq>
				<var>application</var>
				<const type="string">OPD</const>
			</neq>
		</or>
	</condition>
	<action>
		<include>
			<literal>Rulebase</literal>
			<literal>#ENTERPRISENAME#/catalog/master/#CATALOGID#/catalogassignment_PRODUCT.xml</literal>				
		</include>
	</action>
</constraint>

<!--Added for defect AC-343-->
<constraint>
	<name>Start Date</name>
	<description>Validations against Start Date</description>
	<usefor>
		<var>EndDate</var>
	</usefor>
	<condition>
		<and>
			<neq>
				<var>RECORD_ACTION</var>
				<const type="string">VIEW</const>
			</neq>
			<defined>
				<var>StartDate</var>
			</defined>
		</and>
	</condition>
	<action>
		<check>
			<explanation>Start Date can not be greater than End Date
			</explanation>
			<geq>
			<var/>
			<var>StartDate</var>
			</geq>
		</check>
	</action>
</constraint>

<constraint>
	<name>GroupMinQty</name>
	<description>Validations against GroupMinQty</description>
	<usefor>
		<var>GroupMaxQty</var>
	</usefor>
	<condition>
		<and>
			<defined>
				<var>GroupMinQty</var>
			</defined>
			<neq>
				<var>RECORD_ACTION</var>
				<const type="string">VIEW</const>
			</neq>
		</and>
	</condition>
	<action>
		<check>
			<explanation>GroupMinQty can not be greater than GroupMaxQty
			</explanation>
			<geq>
			<var/>
			<var>GroupMinQty</var>
			</geq>
		</check>
	</action>
</constraint>

<constraint>
	<name>Group Number</name>
	<description>Valid non-negative number</description>
	<usefor>
		<var>GROUPNUMBER</var>
	</usefor>
	<condition>
			<neq>
				<var>RECORD_ACTION</var>
				<const type="string">VIEW</const>
			</neq>
	</condition>
	<action>
		<check>
			<explanation>Group ID must be a non-negative number</explanation>
			<match>
				<var/>
				<const type="string">/^((\d+(\.\d*)?)|(\d*\.\d+))$/</const>
			</match>
		</check>
	</action>
</constraint>

</rulebase>
<!-- Copyright (c) 2018-2018 TIBCO Software Inc. All Rights Reserved. Confidential & Proprietary. -->