<?xml version="1.0" encoding="UTF-8"?>
<rulebase metaversion="1.0">

<name>import catalog file</name>
<description>import catalog file</description>

<declare>
	<var>PLANFRAGMENT</var>
	<link type="catalog">
		<literal>PLANFRAGMENT</literal>
	</link>
</declare>

<declare>
	<var>PROJECTTAG</var>
	<link type="catalog">
		<literal>PROJECTTAG</literal>
	</link>
</declare>

<declare>
	<var>REL_PRODUCTHASPROVIDEPLANFRAGMENT</var>
	<link type="relationship_record">
		<literal>ProductHasProvidePlanFragment</literal>
	</link>
</declare>

<declare>
	<var>REL_PRODUCTHASUPDATEPLANFRAGMENT</var>
	<link type="relationship_record">
		<literal>ProductHasUpdatePlanFragment</literal>
	</link>
</declare>

<declare>
	<var>REL_PRODUCTHASCEASEPLANFRAGMENT</var>
	<link type="relationship_record">
		<literal>ProductHasCeasePlanFragment</literal>
	</link>
</declare>

<declare>
	<var>REL_PRODUCTHASCANCELPLANFRAGMENT</var>
	<link type="relationship_record">
		<literal>ProductHasCancelPlanFragment</literal>
	</link>
</declare>

<declare>
	<var>REL_PRODUCTHASCUSTOMPLANFRAGMENT</var>
	<link type="relationship_record">
		<literal>ProductHasCustomPlanFragment</literal>
	</link>
</declare>

<declare>
		<var>REL_PRODUCTCOMPRISEDOF</var>
		<link type="relationship_record">
			<literal>ProductComprisedOf</literal>
		</link>
</declare>

<declare>
	<var>REL_PRODUCTREQUIREDFOR</var>
	<link type="relationship_record">
		<literal>ProductRequiredFor</literal>
	</link>
</declare>

<declare>
	<var>REL_PRODUCTDEPENDSON</var>
	<link type="relationship_record">
		<literal>ProductDependsOn</literal>
	</link>
</declare>

<declare>		
	<var>REL_COMPATIBLEPRODUCT</var>		
	<link type="relationship_record">			
		<literal>CompatibleProduct</literal>			
	</link>	
</declare>

<declare>		
	<var>REL_INCOMPATIBLEPRODUCT</var>		
	<link type="relationship_record">			
		<literal>IncompatibleProduct</literal>			
	</link>	
</declare>
	
<declare usage="input">
	<var>PCOPDO_LIST</var>
	<datatype type="array"/>
</declare>

<declare usage="input">
	<var>PCOPRF_LIST</var>
	<datatype type="array"/>
</declare>

<declare>
	<var>ACTION</var>
	<link type="catalog">
		<literal>ACTION</literal>
	</link>
</declare>

<declare>
	<var>LINKPTNTOPRODUCTCHAR</var>		
	<link type="relationship">			
		<literal>CharacteristicOf</literal>
	</link>
</declare>


<!-- STARTED FIX FOR RELATIONSHIP ATTRIBUTE -->

<declare>		
	<var>LINKPTNTOPRODUCTCOMPCHAR</var>		
	<link type="relationship">			
		<literal>CompatibleWithCharacteristic</literal>			
	</link>	
</declare>
			
<declare>		
	<var>LINKPTNTOPRODUCTCOMPPARTY</var>		
	<link type="relationship">			
		<literal>CompatibleProductForParty</literal>			
	</link>	
</declare>

<declare>		
	<var>LINKPTNTOPRODUCTCOMPPRODUCT</var>		
	<link type="relationship">			
		<literal>CompatibleWithProduct</literal>			
	</link>	
</declare>

<declare>		
	<var>LINKPTNTOPRODUCTCOMPSEG</var>		
	<link type="relationship">			
		<literal>SegmentCompatibleWith</literal>			
	</link>	
</declare>

<declare>		
	<var>LINKPTNTOPRODUCTINCOMPCHAR</var>		
	<link type="relationship">			
		<literal>IncompatibleWithCharacteristic</literal>			
	</link>	
</declare>

<declare>		
	<var>LINKPTNTOPRODUCTINCOMPPARTY</var>		
	<link type="relationship">			
		<literal>IncompatibleWithParty</literal>			
	</link>	
</declare>

<declare>		
	<var>LINKPTNTOPRODUCTINCOMPPRODUCT</var>		
	<link type="relationship">			
		<literal>IncompatibleWithProduct</literal>			
	</link>	
</declare>

<declare>		
	<var>LINKPTNTOPRODUCTINCOMPSEG</var>		
	<link type="relationship">			
		<literal>SegmentIncompatibleWith</literal>			
	</link>	
</declare>

<declare>		
	<var>LINKPTNTOPRODUCTOFFERPUBINCATALOG</var>		
	<link type="relationship">			
		<literal>CatalogComprisedOf</literal>			
	</link>	
</declare>

<declare>		
	<var>LINKPTNTOPRODUCTPRODCOMPRIOF</var>		
	<link type="relationship">			
		<literal>ComprisingProduct</literal>			
	</link>	
</declare>

<declare>		
	<var>LINKPTNTOPRODUCTPRODDEPENDSON</var>		
	<link type="relationship">			
		<literal>DependentProduct</literal>			
	</link>	
</declare>

<declare>		
	<var>LINKPTNTOPRODUCTPRODGOVERNEDBY</var>		
	<link type="relationship">			
		<literal>GoverningProduct</literal>			
	</link>	
</declare>

<declare>		
	<var>LINKPTNTOPRODUCTPRODHASCANCELPF</var>		
	<link type="relationship">			
		<literal>CancelPlanFragmentForProduct</literal>			
	</link>	
</declare>

<declare>		
	<var>LINKPTNTOPRODUCTPRODHASCEASEPF</var>		
	<link type="relationship">			
		<literal>CeasePlanFragmentForProduct</literal>			
	</link>	
</declare>

<declare>		
	<var>LINKPTNTOPRODUCTPRODHASCUSTOMPF</var>		
	<link type="relationship">			
		<literal>CustomPlanFragmentforProduct</literal>			
	</link>	
</declare>

<declare>		
	<var>LINKPTNTOPRODUCTPRODHASPROVIDEPF</var>		
	<link type="relationship">			
		<literal>ProvidePlanFragmentForProduct</literal>			
	</link>	
</declare>

<declare>		
	<var>LINKPTNTOPRODUCTPRODHASUPDATEPF</var>		
	<link type="relationship">			
		<literal>UpdatePlanFragmentForProduct</literal>			
	</link>	
</declare>

<declare>		
	<var>LINKPTNTOPRODUCTPRODPRICEDBY</var>		
	<link type="relationship">			
		<literal>PriceOf</literal>			
	</link>	
</declare>

<declare>		
	<var>LINKPTNTOPRODUCTPRODREQUIREDFOR</var>		
	<link type="relationship">			
		<literal>ProductRequiredBy</literal>			
	</link>	
</declare>

<declare>		
	<var>LINKPTNTOPRODUCTPRODREQUIREDFORAlLOWANCE</var>		
	<link type="relationship">			
		<literal>AllowanceRequiresProduct</literal>			
	</link>	
</declare>

<declare>		
	<var>LINKPTNTOPRODUCTPRODREQUIREDFORDISCOUNT</var>		
	<link type="relationship">			
		<literal>DiscountRequiresProduct</literal>			
	</link>	
</declare>

<declare>		
	<var>LINKPTNTOPRODUCTKEYVALUE</var>		
	<link type="relationship">			
		<literal>ProductKeyValue</literal>			
	</link>	
</declare>

<declare usage="local">
	<var>projectValues</var>
	<datatype type="array" />
</declare>

<constraint>
	<name>AssignProjectValidValues</name>
	<description>AssignProjectValidValues</description>      
	<action>       
		<assign>
			<var>projectValues</var>			
			<table source="sql">
				<literal>PROJECTTAG/NAME</literal>
			</table>
		</assign>
	</action>                
</constraint>

<constraint>
	<name>ProjectTag</name>
	<description>Displays available for Project Tag Name selection</description>
	<usefor>
		<var>ProjectTagName</var>
	</usefor>
	<action>
		<select novalue="no" order="1" showoninput="1">
			<table source="sql">
				<literal>PROJECTTAG/NAME</literal>
			</table>
		</select>
	</action>
</constraint>
	
<constraint>
	<name>ValidProjectTagNameLINKPTNTOPRODUCTCHAR</name>
	<description>ValidProjectTagNameLINKPTNTOPRODUCTCHAR</description>
	<condition>
		<eq>
			<var>CATALOG_NAME</var>
			<const type="string">CHARACTERISTIC</const>
		</eq>
	</condition>
	<action>
	<check>
		<explanation>Enter valid ProjectTagName for Characteristic relationship</explanation>
		<information>Enter valid ProjectTagName for Characteristic relationship</information>						
		<neq>
			<op func="isValidProject">
				<var>LINKPTNTOPRODUCTCHAR/ProjectTagName</var>
				<var>projectValues</var>
			</op>
			<const type="boolean">false</const>
		</neq>
	</check> 	
	</action>
</constraint>

<constraint>
	<name>ValidProjectTagNameLINKPTNTOPRODUCTCOMPCHAR</name>
	<description>ValidProjectTagNameLINKPTNTOPRODUCTCOMPCHAR</description>
	<condition>
		<eq>
			<var>CATALOG_NAME</var>
			<const type="string">CHARACTERISTIC</const>
		</eq>
	</condition>
	<action>
	<check>
		<explanation>Enter valid ProjectTagName for CompatibleCharacteristic relationship</explanation>
		<information>Enter valid ProjectTagName for CompatibleCharacteristic relationship</information>						
		<neq>
			<op func="isValidProject">
				<var>LINKPTNTOPRODUCTCOMPCHAR/ProjectTagName</var>
				<var>projectValues</var>
			</op>
			<const type="boolean">false</const>
		</neq>
	</check> 	
	</action>
</constraint>

<constraint>
	<name>ValidProjectTagNameLINKPTNTOPRODUCTCOMPPARTY</name>
	<description>ValidProjectTagNameLINKPTNTOPRODUCTCOMPPARTY</description>
	<condition>
		<eq>
			<var>CATALOG_NAME</var>
			<const type="string">PARTY</const>
		</eq>
	</condition>
	<action>
	<check>
		<explanation>Enter valid ProjectTagName for CompatibleParty relationship</explanation>
		<information>Enter valid ProjectTagName for CompatibleParty relationship</information>						
		<neq>
			<op func="isValidProject">
				<var>LINKPTNTOPRODUCTCOMPPARTY/ProjectTagName</var>
				<var>projectValues</var>
			</op>
			<const type="boolean">false</const>
		</neq>
	</check> 	
	</action>
</constraint>

<constraint>
	<name>ValidProjectTagNameLINKPTNTOPRODUCTCOMPPRODUCT</name>
	<description>ValidProjectTagNameLINKPTNTOPRODUCTCOMPPRODUCT</description>
	<condition>
		<eq>
			<var>CATALOG_NAME</var>
			<const type="string">PRODUCT</const>
		</eq>
	</condition>
	<action>
	<check>
		<explanation>Enter valid ProjectTagName for CompatibleProduct relationship</explanation>
		<information>Enter valid ProjectTagName for CompatibleProduct relationship</information>						
		<neq>
			<op func="isValidProject">
				<var>LINKPTNTOPRODUCTCOMPPRODUCT/ProjectTagName</var>
				<var>projectValues</var>
			</op>
			<const type="boolean">false</const>
		</neq>
	</check> 	
	</action>
</constraint>

<constraint>
	<name>ValidProjectTagNameLINKPTNTOPRODUCTCOMPSEG</name>
	<description>ValidProjectTagNameLINKPTNTOPRODUCTCOMPSEG</description>
	<condition>
		<eq>
			<var>CATALOG_NAME</var>
			<const type="string">SEGMENT</const>
		</eq>
	</condition>
	<action>
	<check>
		<explanation>Enter valid ProjectTagName for CompatibleSegment relationship</explanation>
		<information>Enter valid ProjectTagName for CompatibleSegment relationship</information>						
		<neq>
			<op func="isValidProject">
				<var>LINKPTNTOPRODUCTCOMPSEG/ProjectTagName</var>
				<var>projectValues</var>
			</op>
			<const type="boolean">false</const>
		</neq>
	</check> 	
	</action>
</constraint>

<constraint>
	<name>ValidProjectTagNameLINKPTNTOPRODUCTINCOMPCHAR</name>
	<description>ValidProjectTagNameLINKPTNTOPRODUCTINCOMPCHAR</description>
	<condition>
		<eq>
			<var>CATALOG_NAME</var>
			<const type="string">CHARACTERISTIC</const>
		</eq>
	</condition>
	<action>
	<check>
		<explanation>Enter valid ProjectTagName for IncompatibleCharacteristic relationship</explanation>
		<information>Enter valid ProjectTagName for IncompatibleCharacteristic relationship</information>						
		<neq>
			<op func="isValidProject">
				<var>LINKPTNTOPRODUCTINCOMPCHAR/ProjectTagName</var>
				<var>projectValues</var>
			</op>
			<const type="boolean">false</const>
		</neq>
	</check> 	
	</action>
</constraint>

<constraint>
	<name>ValidProjectTagNameLINKPTNTOPRODUCTINCOMPPARTY</name>
	<description>ValidProjectTagNameLINKPTNTOPRODUCTINCOMPPARTY</description>
	<condition>
		<eq>
			<var>CATALOG_NAME</var>
			<const type="string">PARTY</const>
		</eq>
	</condition>
	<action>
	<check>
		<explanation>Enter valid ProjectTagName for IncompatibleParty relationship</explanation>
		<information>Enter valid ProjectTagName for IncompatibleParty relationship</information>						
		<neq>
			<op func="isValidProject">
				<var>LINKPTNTOPRODUCTINCOMPPARTY/ProjectTagName</var>
				<var>projectValues</var>
			</op>
			<const type="boolean">false</const>
		</neq>
	</check> 	
	</action>
</constraint>

<constraint>
	<name>ValidProjectTagNameLINKPTNTOPRODUCTINCOMPPRODUCT</name>
	<description>ValidProjectTagNameLINKPTNTOPRODUCTINCOMPPRODUCT</description>
	<condition>
		<eq>
			<var>CATALOG_NAME</var>
			<const type="string">PRODUCT</const>
		</eq>
	</condition>
	<action>
	<check>
		<explanation>Enter valid ProjectTagName for IncompatibleProduct relationship</explanation>
		<information>Enter valid ProjectTagName for IncompatibleProduct relationship</information>						
		<neq>
			<op func="isValidProject">
				<var>LINKPTNTOPRODUCTINCOMPPRODUCT/ProjectTagName</var>
				<var>projectValues</var>
			</op>
			<const type="boolean">false</const>
		</neq>
	</check> 	
	</action>
</constraint>

<constraint>
	<name>ValidProjectTagNameLINKPTNTOPRODUCTINCOMPSEG</name>
	<description>ValidProjectTagNameLINKPTNTOPRODUCTINCOMPSEG</description>
	<condition>
		<eq>
			<var>CATALOG_NAME</var>
			<const type="string">SEGMENT</const>
		</eq>
	</condition>
	<action>
	<check>
		<explanation>Enter valid ProjectTagName for IncompatibleSegment relationship</explanation>
		<information>Enter valid ProjectTagName for IncompatibleSegment relationship</information>						
		<neq>
			<op func="isValidProject">
				<var>LINKPTNTOPRODUCTINCOMPSEG/ProjectTagName</var>
				<var>projectValues</var>
			</op>
			<const type="boolean">false</const>
		</neq>
	</check> 	
	</action>
</constraint>

<constraint>
	<name>ValidProjectTagNameLINKPTNTOPRODUCTOFFERPUBINCATALOG</name>
	<description>ValidProjectTagNameLINKPTNTOPRODUCTOFFERPUBINCATALOG</description>
	<condition>
		<eq>
			<var>CATALOG_NAME</var>
			<const type="string">CATALOG</const>
		</eq>
	</condition>
	<action>
	<check>
		<explanation>Enter valid ProjectTagName for OfferingPublishedInCatalog relationship</explanation>
		<information>Enter valid ProjectTagName for OfferingPublishedInCatalog relationship</information>						
		<neq>
			<op func="isValidProject">
				<var>LINKPTNTOPRODUCTOFFERPUBINCATALOG/ProjectTagName</var>
				<var>projectValues</var>
			</op>
			<const type="boolean">false</const>
		</neq>
	</check> 	
	</action>
</constraint>

<constraint>
	<name>ValidProjectTagNameLINKPTNTOPRODUCTPRODCOMPRIOF</name>
	<description>ValidProjectTagNameLINKPTNTOPRODUCTPRODCOMPRIOF</description>
	<condition>
		<eq>
			<var>CATALOG_NAME</var>
			<const type="string">PRODUCT</const>
		</eq>
	</condition>
	<action>
	<check>
		<explanation>Enter valid ProjectTagName for ProductComprisedOf relationship</explanation>
		<information>Enter valid ProjectTagName for ProductComprisedOf relationship</information>						
		<neq>
			<op func="isValidProject">
				<var>LINKPTNTOPRODUCTPRODCOMPRIOF/ProjectTagName</var>
				<var>projectValues</var>
			</op>
			<const type="boolean">false</const>
		</neq>
	</check> 	
	</action>
</constraint>

<constraint>
	<name>ValidProjectTagNameLINKPTNTOPRODUCTPRODDEPENDSON</name>
	<description>ValidProjectTagNameLINKPTNTOPRODUCTPRODDEPENDSON</description>
	<condition>
		<eq>
			<var>CATALOG_NAME</var>
			<const type="string">PRODUCT</const>
		</eq>
	</condition>
	<action>
	<check>
		<explanation>Enter valid ProjectTagName for ProductDependsOn relationship</explanation>
		<information>Enter valid ProjectTagName for ProductDependsOn relationship</information>						
		<neq>
			<op func="isValidProject">
				<var>LINKPTNTOPRODUCTPRODDEPENDSON/ProjectTagName</var>
				<var>projectValues</var>
			</op>
			<const type="boolean">false</const>
		</neq>
	</check> 	
	</action>
</constraint>

<constraint>
	<name>ValidProjectTagNameLINKPTNTOPRODUCTPRODGOVERNEDBY</name>
	<description>ValidProjectTagNameLINKPTNTOPRODUCTPRODGOVERNEDBY</description>
	<condition>
		<eq>
			<var>CATALOG_NAME</var>
			<const type="string">POLICYRULE</const>
		</eq>
	</condition>
	<action>
	<check>
		<explanation>Enter valid ProjectTagName for ProductGovernedBy relationship</explanation>
		<information>Enter valid ProjectTagName for ProductGovernedBy relationship</information>						
		<neq>
			<op func="isValidProject">
				<var>LINKPTNTOPRODUCTPRODGOVERNEDBY/ProjectTagName</var>
				<var>projectValues</var>
			</op>
			<const type="boolean">false</const>
		</neq>
	</check> 	
	</action>
</constraint>

<constraint>
	<name>ValidProjectTagNameLINKPTNTOPRODUCTPRODHASCANCELPF</name>
	<description>ValidProjectTagNameLINKPTNTOPRODUCTPRODHASCANCELPF</description>
	<condition>
		<eq>
			<var>CATALOG_NAME</var>
			<const type="string">PLANFRAGMENT</const>
		</eq>
	</condition>
	<action>
	<check>
		<explanation>Enter valid ProjectTagName for ProductHasCancelPlanFragment relationship</explanation>
		<information>Enter valid ProjectTagName for ProductHasCancelPlanFragment relationship</information>						
		<neq>
			<op func="isValidProject">
				<var>LINKPTNTOPRODUCTPRODHASCANCELPF/ProjectTagName</var>
				<var>projectValues</var>
			</op>
			<const type="boolean">false</const>
		</neq>
	</check> 	
	</action>
</constraint>

<constraint>
	<name>ValidProjectTagNameLINKPTNTOPRODUCTPRODHASCEASEPF</name>
	<description>ValidProjectTagNameLINKPTNTOPRODUCTPRODHASCEASEPF</description>
	<condition>
		<eq>
			<var>CATALOG_NAME</var>
			<const type="string">PLANFRAGMENT</const>
		</eq>
	</condition>
	<action>
	<check>
		<explanation>Enter valid ProjectTagName for ProductHasCeasePlanFragment relationship</explanation>
		<information>Enter valid ProjectTagName for ProductHasCeasePlanFragment relationship</information>						
		<neq>
			<op func="isValidProject">
				<var>LINKPTNTOPRODUCTPRODHASCEASEPF/ProjectTagName</var>
				<var>projectValues</var>
			</op>
			<const type="boolean">false</const>
		</neq>
	</check> 	
	</action>
</constraint>

<constraint>
	<name>ValidProjectTagNameLINKPTNTOPRODUCTPRODHASCUSTOMPF</name>
	<description>ValidProjectTagNameLINKPTNTOPRODUCTPRODHASCUSTOMPF</description>
	<condition>
		<eq>
			<var>CATALOG_NAME</var>
			<const type="string">PLANFRAGMENT</const>
		</eq>
	</condition>
	<action>
	<check>
		<explanation>Enter valid ProjectTagName for ProductHasCustomPlanFragment relationship</explanation>
		<information>Enter valid ProjectTagName for ProductHasCustomPlanFragment relationship</information>						
		<neq>
			<op func="isValidProject">
				<var>LINKPTNTOPRODUCTPRODHASCUSTOMPF/ProjectTagName</var>
				<var>projectValues</var>
			</op>
			<const type="boolean">false</const>
		</neq>
	</check> 	
	</action>
</constraint>

<constraint>
	<name>ValidProjectTagNameLINKPTNTOPRODUCTPRODHASPROVIDEPF</name>
	<description>ValidProjectTagNameLINKPTNTOPRODUCTPRODHASPROVIDEPF</description>
	<condition>
		<eq>
			<var>CATALOG_NAME</var>
			<const type="string">PLANFRAGMENT</const>
		</eq>
	</condition>
	<action>
	<check>
		<explanation>Enter valid ProjectTagName for ProductHasProvidePlanFragment relationship</explanation>
		<information>Enter valid ProjectTagName for ProductHasProvidePlanFragment relationship</information>						
		<neq>
			<op func="isValidProject">
				<var>LINKPTNTOPRODUCTPRODHASPROVIDEPF/ProjectTagName</var>
				<var>projectValues</var>
			</op>
			<const type="boolean">false</const>
		</neq>
	</check> 	
	</action>
</constraint>

<constraint>
	<name>ValidProjectTagNameLINKPTNTOPRODUCTPRODHASUPDATEPF</name>
	<description>ValidProjectTagNameLINKPTNTOPRODUCTPRODHASUPDATEPF</description>
	<condition>
		<eq>
			<var>CATALOG_NAME</var>
			<const type="string">PLANFRAGMENT</const>
		</eq>
	</condition>
	<action>
	<check>
		<explanation>Enter valid ProjectTagName for ProductHasUpdatePlanFragment relationship</explanation>
		<information>Enter valid ProjectTagName for ProductHasUpdatePlanFragment relationship</information>						
		<neq>
			<op func="isValidProject">
				<var>LINKPTNTOPRODUCTPRODHASUPDATEPF/ProjectTagName</var>
				<var>projectValues</var>
			</op>
			<const type="boolean">false</const>
		</neq>
	</check> 	
	</action>
</constraint>

<constraint>
	<name>ValidProjectTagNameLINKPTNTOPRODUCTPRODPRICEDBY</name>
	<description>ValidProjectTagNameLINKPTNTOPRODUCTPRODPRICEDBY</description>
	<condition>
		<eq>
			<var>CATALOG_NAME</var>
			<const type="string">PRICE</const>
		</eq>
	</condition>
	<action>
	<check>
		<explanation>Enter valid ProjectTagName for ProductPricedBy relationship</explanation>
		<information>Enter valid ProjectTagName for ProductPricedBy relationship</information>						
		<neq>
			<op func="isValidProject">
				<var>LINKPTNTOPRODUCTPRODPRICEDBY/ProjectTagName</var>
				<var>projectValues</var>
			</op>
			<const type="boolean">false</const>
		</neq>
	</check> 	
	</action>
</constraint>

<constraint>
	<name>ValidProjectTagNameLINKPTNTOPRODUCTPRODREQUIREDFOR</name>
	<description>ValidProjectTagNameLINKPTNTOPRODUCTPRODREQUIREDFOR</description>
	<condition>
		<eq>
			<var>CATALOG_NAME</var>
			<const type="string">PRODUCT</const>
		</eq>
	</condition>
	<action>
	<check>
		<explanation>Enter valid ProjectTagName for ProductRequiredFor relationship</explanation>
		<information>Enter valid ProjectTagName for ProductRequiredFor relationship</information>						
		<neq>
			<op func="isValidProject">
				<var>LINKPTNTOPRODUCTPRODREQUIREDFOR/ProjectTagName</var>
				<var>projectValues</var>
			</op>
			<const type="boolean">false</const>
		</neq>
	</check> 	
	</action>
</constraint>

<constraint>
	<name>ValidProjectTagNameLINKPTNTOPRODUCTPRODREQUIREDFORAlLOWANCE</name>
	<description>ValidProjectTagNameLINKPTNTOPRODUCTPRODREQUIREDFORAlLOWANCE</description>
	<condition>
		<eq>
			<var>CATALOG_NAME</var>
			<const type="string">ALLOWANCE</const>
		</eq>
	</condition>
	<action>
	<check>
		<explanation>Enter valid ProjectTagName for ProductRequiredForAllowance relationship</explanation>
		<information>Enter valid ProjectTagName for ProductRequiredForAllowance relationship</information>						
		<neq>
			<op func="isValidProject">
				<var>LINKPTNTOPRODUCTPRODREQUIREDFORAlLOWANCE/ProjectTagName</var>
				<var>projectValues</var>
			</op>
			<const type="boolean">false</const>
		</neq>
	</check> 	
	</action>
</constraint>

<constraint>
	<name>ValidProjectTagNameLINKPTNTOPRODUCTPRODREQUIREDFORDISCOUNT</name>
	<description>ValidProjectTagNameLINKPTNTOPRODUCTPRODREQUIREDFORDISCOUNT</description>
	<condition>
		<eq>
			<var>CATALOG_NAME</var>
			<const type="string">DISCOUNT</const>
		</eq>
	</condition>
	<action>
	<check>
		<explanation>Enter valid ProjectTagName for ProductRequiredForDiscount relationship</explanation>
		<information>Enter valid ProjectTagName for ProductRequiredForDiscount relationship</information>						
		<neq>
			<op func="isValidProject">
				<var>LINKPTNTOPRODUCTPRODREQUIREDFORDISCOUNT/ProjectTagName</var>
				<var>projectValues</var>
			</op>
			<const type="boolean">false</const>
		</neq>
	</check> 	
	</action>
</constraint>

<constraint>
	<name>ValidProjectTagNameLINKPTNTOPRODUCTKEYVALUE</name>
	<description>ValidProjectTagNameLINKPTNTOPRODUCTKEYVALUE</description>
	<condition>
		<eq>
			<var>CATALOG_NAME</var>
			<const type="string">KEYVALUE</const>
		</eq>
	</condition>
	<action>
	<check>
		<explanation>Enter valid ProjectTagName for ProductKeyValue relationship</explanation>
		<information>Enter valid ProjectTagName for ProductKeyValue relationship</information>						
		<neq>
			<op func="isValidProject">
				<var>LINKPTNTOPRODUCTKEYVALUE/ProjectTagName</var>
				<var>projectValues</var>
			</op>
			<const type="boolean">false</const>
		</neq>
	</check> 	
	</action>
</constraint>

<!-- ENDED FIX FOR RELATIONSHIP ATTRIBUTE -->
<constraint>
	<name>EitherPlan</name>
	<description>To check either ProductHasPlanFragment relationship record is present or regular plan attribute is presnt</description>
	<condition>
		<and>
			<or>
				<undefined>
					<var>RECORD_TYPE</var>
				</undefined>
				<neq>							
					<var>RECORD_TYPE</var>
					<const type="string">GROUP</const>
				</neq>
			</or>		
			<or>
				<defined>
					<var>ProvidePlan</var>
				</defined>
				<defined>
					<var>CeasePlan</var>
				</defined>
				<defined>
					<var>UpdatePlan</var>
				</defined>
				<defined>
					<var>CancelPlan</var>
				</defined>
				<defined>
					<var>Type</var>
				</defined>
				<defined>
					<var>AffinityProvide</var>
				</defined>
				<defined>
					<var>AffinityCancel</var>
				</defined>
				<defined>
					<var>AffinityCease</var>
				</defined>
				<defined>
					<var>AffinityUpdate</var>
				</defined>
				<defined>
					<var>AffinityCondition</var>
				</defined>
				<defined>
					<var>AffinityCorrelation</var>
				</defined>
				<defined>
					<var>AffinityParentGroup</var>
				</defined>
				<defined>
					<var>AffinityActionGroup</var>
				</defined>
				<defined>
					<var>AffinityActionValue</var>
				</defined>
			</or>
			<eq>
				<var>CATALOG_NAME</var>
				<const type="string">PRODUCT</const>
			</eq>
		</and>
	</condition>
	<action>
		<check>
			<explanation>Either ProductHas(Provide/Update/Cease/Cancel/Custom)PlanFragment relationship record is allowed or regular plan attribute is allowed</explanation>
			<and>
				<eq>
					<op func="count">
						<op func="filter">
							<var>REL_PRODUCTHASPROVIDEPLANFRAGMENT</var>
							<condition>
								<defined>
									<var>PRODUCTID</var>
								</defined>
							</condition>
						</op>
					</op>
					<const type="number">0</const>
				</eq>
				<eq>
					<op func="count">
						<op func="filter">
							<var>REL_PRODUCTHASUPDATEPLANFRAGMENT</var>
							<condition>
								<defined>
									<var>PRODUCTID</var>
								</defined>
							</condition>
						</op>
					</op>
					<const type="number">0</const>
				</eq>
				<eq>
					<op func="count">
						<op func="filter">
							<var>REL_PRODUCTHASCEASEPLANFRAGMENT</var>
							<condition>
								<defined>
									<var>PRODUCTID</var>
								</defined>
							</condition>
						</op>
					</op>
					<const type="number">0</const>
				</eq>
				<eq>
					<op func="count">
						<op func="filter">
							<var>REL_PRODUCTHASCANCELPLANFRAGMENT</var>
							<condition>
								<defined>
									<var>PRODUCTID</var>
								</defined>
							</condition>
						</op>
					</op>
					<const type="number">0</const>
				</eq>
				<eq>
					<op func="count">
						<op func="filter">
							<var>REL_PRODUCTHASCUSTOMPLANFRAGMENT</var>
							<condition>
								<defined>
									<var>PRODUCTID</var>
								</defined>
							</condition>
						</op>
					</op>
					<const type="number">0</const>
				</eq>
			</and>
		</check>
	</action>
</constraint>

<constraint>
	<name>DropDownRecordType</name>
	<description>Validations against RecordType</description>
	<usefor>
		<var>RECORD_TYPE</var>
	</usefor>
	<condition>
		<eq>
			<var>CATALOG_NAME</var>
			<const type="string">PRODUCT</const>
		</eq>
	</condition>
	<action>
			   	<select showoninput="1">
  				<enum header="no">
					<const type="string">UNCLASSIFIED</const>
					<const type="string">BUNDLE</const>
					<const type="string">SERVICE</const>
					<const type="string">DEVICE</const>
					<const type="string">HARDWARE</const>
					<const type="string">TARIFF</const>
					<const type="string">BILLING PLAN</const>
					<const type="string">GROUP</const>
					<const type="string">CFS</const>
					<const type="string">RFS</const>
					<const type="string">PO</const>
					<const type="string">BPO</const>
					<const type="string">TECHNICALCOMPONENT</const>
  				</enum>
     		</select>
	</action>
</constraint>

<constraint>
	<name>PlanFragments</name>
	<description>Displays available PlanFragments for selection</description>
	<usefor>
		<var>PROVIDEPLAN</var>
		<var>CEASEPLAN</var>
		<var>UPDATEPLAN</var>
		<var>CANCELPLAN</var>
		<var>AFFINITYPROVIDE</var>
		<var>AFFINITYCEASE</var>
		<var>AFFINITYUPDATE</var>
		<var>AFFINITYCANCEL</var>
	</usefor>
    <condition>
		<eq>
			<var>CATALOG_NAME</var>
			<const type="string">PRODUCT</const>
		</eq>
	</condition>
	<action>
		<select novalue="default" showoninput="2,3">
			<table source="sql">
				<literal>PLANFRAGMENT/PRODUCTID</literal>
				<literal>PLANFRAGMENT/PLANFRAGMENTNAME</literal>
				<literal>PLANFRAGMENT/PLANFRAGMENTVERSION</literal>
				<!--literal>PLANFRAGMENT/OWNER</literal-->
				<where type="SQL">
					<sql>
					<neq>
					<literal>PLANFRAGMENT/PLANFRAGMENTNAME</literal>
					<const type="string">NO_RECIPROCAL_ACTION</const>
					</neq>
					</sql>
				</where>
			</table>
		</select>
	</action>
</constraint>

<constraint>
	<name>NoPlan</name>
	<description>To check neither ProductHasPlanFragment relationship record is present nor regular plan attribute is presnt</description>
	<condition>
			<and>
				<undefined>
					<var>ProvidePlan</var>
				</undefined>
				<undefined>
					<var>CeasePlan</var>
				</undefined>
				<undefined>
					<var>UpdatePlan</var>
				</undefined>
				<undefined>
					<var>CancelPlan</var>
				</undefined>
				<undefined>
					<var>Type</var>
				</undefined>
				<undefined>
					<var>AffinityProvide</var>
				</undefined>
				<undefined>
					<var>AffinityCancel</var>
				</undefined>
				<undefined>
					<var>AffinityCease</var>
				</undefined>
				<undefined>
					<var>AffinityUpdate</var>
				</undefined>
				<undefined>
					<var>AffinityCondition</var>
				</undefined>
				<undefined>
					<var>AffinityCorrelation</var>
				</undefined>
				<undefined>
					<var>AffinityParentGroup</var>
				</undefined>
				<undefined>
					<var>AffinityActionGroup</var>
				</undefined>
				<undefined>
					<var>AffinityActionValue</var>
				</undefined>
				<or>
					<undefined>
						<var>RECORD_TYPE</var>
					</undefined>
					<neq>
						<var>RECORD_TYPE</var>
						<const type="string">GROUP</const>
					</neq>
				</or>
				<eq>
					<var>CATALOG_NAME</var>
					<const type="string">PRODUCT</const>
				</eq>
			</and>
	</condition>
	<action>
		<check>
			<explanation>There should be planframent associated with Product. Either ProductHas(Provide/Update/Cease/Cancel/Custom)PlanFragment record should be created or Plan attribute should be defined</explanation>
			<or>
				<neq>
					<op func="count">
						<op func="filter">
							<var>REL_PRODUCTHASPROVIDEPLANFRAGMENT</var>
							<condition>
								<defined>
									<var>PRODUCTID</var>
								</defined>
							</condition>
						</op>
					</op>
					<const type="number">0</const>
				</neq>
				<neq>
					<op func="count">
						<op func="filter">
							<var>REL_PRODUCTHASUPDATEPLANFRAGMENT</var>
							<condition>
								<defined>
									<var>PRODUCTID</var>
								</defined>
							</condition>
						</op>
					</op>
					<const type="number">0</const>
				</neq>
				<neq>
					<op func="count">
						<op func="filter">
							<var>REL_PRODUCTHASCEASEPLANFRAGMENT</var>
							<condition>
								<defined>
									<var>PRODUCTID</var>
								</defined>
							</condition>
						</op>
					</op>
					<const type="number">0</const>
				</neq>
				<neq>
					<op func="count">
						<op func="filter">
							<var>REL_PRODUCTHASCANCELPLANFRAGMENT</var>
							<condition>
								<defined>
									<var>PRODUCTID</var>
								</defined>
							</condition>
						</op>
					</op>
					<const type="number">0</const>
				</neq>
				<neq>
					<op func="count">
						<op func="filter">
							<var>REL_PRODUCTHASCUSTOMPLANFRAGMENT</var>
							<condition>
								<defined>
									<var>PRODUCTID</var>
								</defined>
							</condition>
						</op>
					</op>
					<const type="number">0</const>
				</neq>
			</or>
		</check>
	</action>
</constraint>

<!--constraint>
	<name>DropDownRecordStatus</name>
	<description>DropDown against RecordStatus</description>
	<usefor>
		<var>lifecyclestatus</var>
	</usefor>
	<action>
			   	<select novalue="default" showoninput="1">
  				<enum header="no">
					<const type="string">Active</const>
					<const type="string">Retired</const>
					<const type="string">Testing</const>
					<const type="string">Awaiting Approval</const>
				</enum>
     		</select>
	</action>
</constraint-->

<constraint>
	<name>DropDownAffinityType</name>
	<description>Validations against Affinity Type</description>
	<usefor>
		<var>Type</var>
	</usefor>
	<action>
		<select novalue="default" showoninput="1">
			<enum header="no">    		     			
				<const type="string">InLink</const>
				<const type="string">CrossLink</const>
				<const type="string">SequencedAffinity</const>
				<const type="string">ConditionalAffinity</const>
			</enum>
		</select>
	</action>
</constraint>

<constraint>
	<name>HideAttributeGroup</name>
	<description>Hide attribute when Record Type value is equal to GROUP</description>
	<!-- <usefor>
		<var>GroupMinQty</var>
		<var>GroupMaxQty</var>
		<var>DETAILS</var>
	</usefor> -->
	<condition>
		<eq>
			<var>RECORD_TYPE</var>
			<const type="string">GROUP</const>
		</eq>
	</condition>
	<action>
		<access mode="hide">DETAILS</access>
		<access mode="hide">INTERNAL</access>
		<access mode="hide">System</access>
		<access mode="hide">Unassigned</access>
		<access mode="hide">HIDDEN</access>
		<access mode="hide">AffinityGroup</access>
		<access mode="hide">LongDesc</access>
		<access mode="hide">SingleUse</access>
		<access mode="hide">MustComplete</access>
		<access mode="hide">ConcurrentOrder</access>
	</action>
</constraint>

<constraint>
	<name>GroupInfoOption</name>
	<description>Hide attribute when Record Type value is not equal to GROUP</description>
	<condition>
		<or>
			<undefined>
				<var>RECORD_TYPE</var>
			</undefined>
			<neq>
				<var>RECORD_TYPE</var>
				<const type="string">GROUP</const>
			</neq>
		</or>
	</condition>
	<action>
		<access mode="hide">GroupInfo</access>
	</action>
</constraint>

<constraint>
	<name>DropDownValidBooleanValue</name>
	<description>Valid value for boolean attributes</description>
	<usefor>
		<var>SingleUse</var>
		<var>ConcurrentOrder</var>
		<var>MustComplete</var>
		<var>AffinityParentGroup</var>
		<var>AffinityActionGroup</var>
		<var>GroupOptional</var>
		<var>IsTemplate</var>
	</usefor>
	<action>
			   	<select novalue="default" showoninput="1">
  				<enum header="no">
					<const type="string">true</const>
					<const type="string">false</const>
  				</enum>
     		</select>
	</action>
</constraint>

<constraint>
	<name>Group Number</name>
	<description>Valid non-negative number</description>
	<usefor>
		<var>GROUPNUMBER</var>
	</usefor>
	<action>
		<check>
			<explanation>Group ID must be a non-negative number</explanation>
			<match>
				<var/>
				<const type="string">/^((\d+(\.\d*)?)|(\d*\.\d+))$/</const>
			</match>
		</check>
	</action>
</constraint>

	<constraint>
		<name>PCOPDOShouldNotCoExist</name>
		<description>PCO and PDO should not be defined in the same chain</description>
		<condition>
			<!-- Do action only if both PCO and PDO co-exist-->
			<and>
				<gt>
					<op func="count">
						<var>REL_PRODUCTCOMPRISEDOF</var>	
					</op>
					<const type="number">0</const>
				</gt>
				<gt>
					<op func="count">
						<var>REL_PRODUCTDEPENDSON</var>	
					</op>
					<const type="number">0</const>
				</gt>
				<eq>
					<var>CATALOG_NAME</var>
					<const type="string">PRODUCT</const>
				</eq>
			</and>
		</condition>
		<action>
			<assign>
				<var>PCOPDO_LIST</var>
				<var>REL_PRODUCTCOMPRISEDOF/PRODUCTID</var>
				<var>REL_PRODUCTDEPENDSON/PRODUCTID</var>
			</assign>
			<check>
				<explanation>This product should not be related to other product by PCO and PDO
					relationships at the same time</explanation>
				<!--Inequality implies that combined list had duplicates-->
				<eq>
					<op func="count">
						<op func="distinct">
							<var>PCOPDO_LIST</var>
						</op>
					</op>
					<op func="count">
						<var>PCOPDO_LIST</var>
					</op>
				</eq>
			</check>
		</action>
	</constraint>
	
	<constraint>
		<name>PCOPRFShouldNotCoExist</name>
		<description>PCO and PRF should not be defined in the same chain</description>
		<condition>
			<!-- Do action only if both PCO and PRF co-exist-->
			<and>
				<gt>
					<op func="count">
						<var>REL_PRODUCTCOMPRISEDOF</var>	
					</op>
					<const type="number">0</const>
				</gt>
				<gt>
					<op func="count">
						<var>REL_PRODUCTREQUIREDFOR</var>	
					</op>
					<const type="number">0</const>
				</gt>
				<eq>
					<var>CATALOG_NAME</var>
					<const type="string">PRODUCT</const>
				</eq>
			</and>
		</condition>
		<action>
			<assign>
				<var>PCOPRF_LIST</var>
				<var>REL_PRODUCTCOMPRISEDOF/PRODUCTID</var>
				<var>REL_PRODUCTREQUIREDFOR/PRODUCTID</var>
			</assign>
			<check>
				<explanation>This product should not be related to other product by PCO and PRF
					relationships at the same time</explanation>
				<!--Inequality implies that combined list had duplicates-->
				<eq>
					<op func="count">
						<op func="distinct">
							<var>PCOPRF_LIST</var>
						</op>
					</op>
					<op func="count">
						<var>PCOPRF_LIST</var>
					</op>
				</eq>
			</check>
		</action>
	</constraint>

	<constraint>
		<name>AttributeRequiredOnlyForConditionalAffinity</name>
		<description>To check for presence of conditional affinity related attributes only for Conditional Affinity</description>
		<condition>
		<or>
			<undefined>
				<var>Type</var>
			</undefined>
			<and>
				<defined>
					<var>Type</var>
				</defined>
				<neq>
					<var>Type</var>
					<const type="string">ConditionalAffinity</const>
				</neq>
			</and>	
		</or>
		</condition>
		<action>
			<access mode="hide">AffinityCondition</access>
			<access mode="hide">AffinityCorrelation</access>
			<access mode="hide">AffinityActionValue</access>
			<access mode="hide">AffinityParentGroup</access>
			<access mode="hide">AffinityActionGroup</access>
		</action>
	</constraint>

	<constraint>
	<name>HideSubClass</name>
	<description>Hide subclass attribute when Record Type value is equal to UNCLASSIFIED</description>
	
	<condition>
		<eq>
			<var>RECORD_TYPE</var>
			<const type="string">UNCLASSIFIED</const>
		</eq>
	</condition>
	<action>
		<access mode="hide">SubsetType</access>
		
	</action>
</constraint>

<constraint>
	<name>HideDummyProductRecord</name>
	<description>Hide dummy record when product id is equal to FC_DUMMY_PRODUCT</description>
	<condition>
		<eq>
			<var>PRODUCTID</var>
			<const type="string">FC_DUMMY_PRODUCT</const>
		</eq>
	</condition>
	<action>
		<access mode="hide_record"></access>
	</action>
</constraint>

<!-- Following constraints for the attribute RecordUse-->
<constraint>
	<name>RecordUse_readonly</name>
	<description>Read only attribute</description>
	<usefor>
		<var>RecordUse</var>
	</usefor>
	<action>
		<access mode="view"></access>
	</action>
</constraint>


<!-- Start Fix of enforcement of record status for lifecyclestatus attribute/RecordStatus attribute -->

<constraint>
	<name>DropDownRecordType2</name>
	<description>Validations against RecordType</description>
	<usefor>
		<var>lifecyclestatus</var>
	</usefor>	
	<action>	
			<access mode="view"/>			
	</action>
</constraint>


<!-- End Fix of enforcement of record status for lifecyclestatus attribute/RecordStatus attribute -->


<!-- This constraint is to ensure that there should not be Parent "Technical" and child "Commercial" PCO relationship -->
<constraint>
     <name>RecordUseCheck</name>
     <description>This constraint is to check PCO relationship is valid according to record use.</description>
	 <condition>
		 <and>
			<eq>
				<var>CATALOG_NAME</var>
				<const type="string">PRODUCT</const>
			</eq>
			 <gt>
				<op func="count">
				   <var>REL_PRODUCTCOMPRISEDOF</var>	
				</op>
				<const type="number">0</const>
			</gt>
			<eq>
				<var>RECORDUSE</var>
				<const type="string">Technical</const>
			</eq>
         </and>			
	 </condition>
     <action>
		<check>
			<explanation>The Product record with RecordUse "Technical" can not be related to product with RecordUse "Commercial" by ProductComprisedOf relationship.</explanation>
			<not>	
				<in>
       				 <const type="string">Commercial</const>
					 <var>REL_PRODUCTCOMPRISEDOF/RECORDUSE</var>
				</in>
			</not>
		</check>
     </action>
</constraint>

<constraint>
	<name>CheckforRecordUseWhenRecordIsTemplate</name>
	<description>CheckforRecordUseWhenRecordIsTemplate</description>
	<condition>
		<and>
			<eq>
				<var>CATALOG_NAME</var>
				<const type="string">PRODUCT</const>
			</eq>
			<eq>
				<var>IsTemplate</var>
				<const type="boolean">true</const>
			</eq>
		</and>	
	</condition>	
	<action>
	<check>
		<explanation>Only commercial record can be a template.</explanation>
		<information>Only commercial record can be a template.</information>						
		<eq>
			<var>RECORDUSE</var>
			<const type="string">Commercial</const>
		</eq>
	</check> 	
	</action>
</constraint>

<!--NoTemplate_Commertial_Record_Relation starts -->
<!--NoTemplate_Commertial_Record_Relation end -->

<!--TemplateRecordShouldBeRootRecord_ProductDependsOn Starts -->
<constraint>
	<name>TemplateRecordShouldBeRootRecord_ProductComprisedOf</name>
	<description>TemplateRecordShouldBeRootRecord_ProductComprisedOf</description>
	<condition>
		<eq>
			<var>CATALOG_NAME</var>
			<const type="string">PRODUCT</const>
		</eq>
	</condition>	
	<action>
		<check>
			<explanation>Template record can't be a child record.</explanation>
			<information>Template record can't be a child record.</information>
			<not>
				<in>
					<const type="boolean">true</const>
					<op func="strip">
						<var>REL_PRODUCTCOMPRISEDOF/IsTemplate</var>	
					</op>	
				</in>
			</not>
		</check> 	
	</action>
</constraint>


<constraint>
	<name>TemplateRecordShouldBeRootRecord_ProductRequiredFor</name>
	<description>TemplateRecordShouldBeRootRecordProductRequredFor</description>
	<condition>
		<eq>
			<var>CATALOG_NAME</var>
			<const type="string">PRODUCT</const>
		</eq>
	</condition>	
	<action>
		<check>
			<explanation>Template record can't be a child record.</explanation>
			<information>Template record can't be a child record.</information>
			<not>
				<in>
					<const type="boolean">true</const>
					<op func="strip">
						<var>REL_PRODUCTREQUIREDFOR/IsTemplate</var>	
					</op>	
				</in>
			</not>
		</check> 	
	</action>
</constraint>

<constraint>
	<name>TemplateRecordShouldBeRootRecord_ProductDependsOn</name>
	<description>TemplateRecordShouldBeRootRecord_ProductDependsOn</description>
	<condition>
		<eq>
			<var>CATALOG_NAME</var>
			<const type="string">PRODUCT</const>
		</eq>
	</condition>	
	<action>
		<check>
			<explanation>Template record can't be a child record.</explanation>
			<information>Template record can't be a child record.</information>
			<not>
				<in>
					<const type="boolean">true</const>
					<op func="strip">
						<var>REL_PRODUCTDEPENDSON/IsTemplate</var>	
					</op>	
				</in>
			</not>
		</check> 	
	</action>
</constraint>


<constraint>
	<name>TemplateRecordShouldBeRootRecord_CompatibleProduct</name>
	<description>TemplateRecordShouldBeRootRecord_CompatibleProduct</description>
	<condition>
		<eq>
			<var>CATALOG_NAME</var>
			<const type="string">PRODUCT</const>
		</eq>
	</condition>	
	<action>
		<check>
			<explanation>Template record can't be a child record.</explanation>
			<information>Template record can't be a child record.</information>
			<not>
				<in>
					<const type="boolean">true</const>
					<op func="strip">
						<var>REL_COMPATIBLEPRODUCT/IsTemplate</var>	
					</op>	
				</in>
			</not>
		</check> 	
	</action>
</constraint>


<constraint>
	<name>TemplateRecordShouldBeRootRecord_InCompatibleProduct</name>
	<description>TemplateRecordShouldBeRootRecord_InCompatibleProduct</description>
	<condition>
		<eq>
			<var>CATALOG_NAME</var>
			<const type="string">PRODUCT</const>
		</eq>
	</condition>	
	<action>
		<check>
			<explanation>Template record can't be a child record.</explanation>
			<information>Template record can't be a child record.</information>
			<not>
				<in>
					<const type="boolean">true</const>
					<op func="strip">
						<var>REL_INCOMPATIBLEPRODUCT/IsTemplate</var>	
					</op>	
				</in>
			</not>
		</check> 	
	</action>
</constraint>
<!--TemplateRecordShouldBeRootRecord_ProductDependsOn end -->



</rulebase>
<!-- Copyright (c) 2018-2018 TIBCO Software Inc. All Rights Reserved. Confidential & Proprietary. -->