<?xml version="1.0" encoding="UTF-8"?>
<rulebase metaversion="1.0">
<name>New Record Validations</name>
<description>New Record Validations</description>

<constraint>
	<name>DefaultMustComplete</name>
	<description>MustComplete</description>
	<action>
		<assign>
			<var>MustComplete</var>
			<const type="string">true</const>
		</assign>
	</action>
</constraint>

<constraint>
	<name>DropDownRecordType1</name>
	<description>lifecyclestatus 'Record Status' value to initialization</description>
	<usefor>
		<var>lifecyclestatus</var>
	</usefor>	
	<action>	
		<assign>
			<var>lifecyclestatus</var>
			<const type="string">TESTING</const>
      </assign>
	</action>
</constraint>

<constraint>
	<name>DefaultIsTemplate</name>
	<description>IsTemplateDefaultValue</description>
	<action>
		<assign>
			<var>IsTemplate</var>
			<const type="string">false</const>
		</assign>
	</action>
</constraint>

</rulebase>
<!-- Copyright (c) 2018-2018 TIBCO Software Inc. All Rights Reserved. Confidential & Proprietary. -->