Repo Name,InputMap,DataSource,CSVFileName
PROJECTTAG,PROJECTTAG_DATA_IMAP,PROJECTTAG_DATA_DS,PROJECTTAG_DATA.csv
ACTION,ACTION_DATA_IMAP,ACTION_DATA_DS,ACTION_DATA.csv
ALLOWANCE,ALLOWANCE_DATA_IMAP,ALLOWANCE_DATA_DS,ALLOWANCE_DATA.csv
CATALOG,CATALOG_DATA_IMAP,CATALOG_DATA_DS,CATALOG_DATA.csv
CHARACTERISTICDATATYPE,CHARACTERISTICDATATYPE_DATA_IMAP,CHARACTERISTICDATATYPE_DATA_DS,CHARACTERISTICDATATYPE_DATA.csv
MILESTONE,MILESTONE_DATA_IMAP,MILESTONE_DATA_DS,MILESTONE_DATA.csv
PARTY,PARTY_DATA_IMAP,PARTY_DATA_DS,PARTY_DATA.csv
PARTYEXTENSION,PARTYEXTENSION,PARTYEXTENSION_DATA_DS,PARTYEXTENSION_DATA.csv
PLANFRAGMENT,PLANFRAGMENT_DATA_IMAP,PLANFRAGMENT_DATA_DS,PLANFRAGMENT_DATA.csv
POLICYRULE,POLICYRULE_DATA_IMAP,POLICYRULE_DATA_DS,POLICYRULE_DATA.csv
REQUIRES_PRODUCT,REQUIRES_PRODUCT_DATA_IMAP,REQUIRES_PRODUCT_DATA_DS,REQUIRES_PRODUCT_DATA.csv
CHARACTERISTIC,CHARACTERISTIC_DATA_IMAP,CHARACTERISTIC_DATA_DS,CHARACTERISTIC_DATA.csv
SEGMENT,SEGMENT_DATA_IMAP,SEGMENT_DATA_DS,SEGMENT_DATA.csv
DISCOUNT,DISCOUNT_DATA_IMAP,DISCOUNT_DATA_DS,DISCOUNT_DATA.csv
PRICE,PRICE_DATA_IMAP,PRICE_DATA_DS,PRICE_DATA.csv
PRODUCT,PRODUCT_DATA_IMAP,PRODUCT_DATA_DS,PRODUCT_DATA.csv
CATEGORY,CATEGORY_DATA_IMAP,CATEGORY_DATA_DS,CATEGORY_DATA.csv
MIGRATION,MIGRATION_DATA_IMAP,MIGRATION_DATA_DS,MIGRATION_DATA.csv
RULE,RULE_DATA_IMAP,RULE_DATA_DS,RULE_DATA.csv
RULECONDITION,RULECONDITION_DATA_IMAP,RULECONDITION_DATA_DS,RULECONDITION_DATA.csv
RULEPARAMETER,RULEPARAMETER_DATA_IMAP,RULEPARAMETER_DATA_DS,RULEPARAMETER_DATA.csv
SALESCHANNEL,SALESCHANNEL_DATA_IMAP,SALESCHANNEL_DATA_DS,SALESCHANNEL_DATA.csv
KEYVALUE,KEYVALUE_DATA_IMAP,KEYVALUE_DATA_DS,KEYVALUE_DATA.csv
