Repo Name,Relationship Name,InputMap,DataSource,CSVFileName,RelAttributeCount
MILESTONE,MilestoneToMilestone,,,RelationshipAttribute_MilestoneToMilestone.csv,7
MILESTONE,MilestoneDependsOn,MILESTONEDEPENDSON_PARENT_IMAP,RELATTR_MILESTONEDEPENDSON_DS,RelationshipAttribute_MilestoneDependsOn.csv,4
PLANFRAGMENT,PlanFragmentHasMilestone,,,RelationshipAttribute_PlanFragmentHasMilestone.csv,3
PLANFRAGMENT,CompensatedBy,COMPENSATEDBY_PARENT_IMAP,REL_COMPENSATEDBY_DS,RelationshipAttribute_CompensatedBy.csv,5
PLANFRAGMENT,RedoneBY,REDONEBY_PARENT_IMAP,REL_REDONEBY_DS,RelationshipAttribute_RedoneBy.csv,5
PRICE,CharacteristicCharge,CHARACTERISTICCHARGE_PARENT_IMAP,RELATTR_CHARACTERISTICCHARGE_DS,RelationshipAttribute_CharacteristicCharge.csv,4
PRICE,PriceAlteredByAllowance,PRICEALTEREDBYALLOWANCE_PARENT_IMAP,REL_PRICEALTEREDBYALLOWANCE_DS,RelationshipAttribute_PriceAlteredByAllowance.csv,3
PRICE,PriceAlteredByDiscount,PRICEALTEREDBYDISCOUNT_PARENT_IMAP,REL_PRICEALTEREDBYDISCOUNT_DS,RelationshipAttribute_PriceAlteredByDiscount.csv,3
PRICE,PriceComprisedOf,PRICECOMPRISEDOF_PARENT_IMAP,REL_PRICECOMPRISEDOF_DS,RelationshipAttribute_PriceComprisedOf.csv,3
PRICE,PriceGovernedBy,PRICEGOVERNEDBY_PARENT_IMAP,REL_PRICEGOVERNEDBY_DS,RelationshipAttribute_PriceGovernedBy.csv,3
PRICE,PriceKeyValue,PRICEKEYVALUE_PARENT_IMAP,REL_PRICEKEYVALUE_DS,RelationshipAttribute_PriceKeyValue.csv,3
PRICE,PriceRequiresCharacteristic,PRICEREQUIRESCHARACTERISTIC_PARENT_IMAP,RELATTR_PRICEREQUIRESCHARACTERISTIC_DS,RelationshipAttribute_PriceRequiresCharacteristic.csv,4
PRICE,PriceRequiresParty,PRICEREQUIRESPARTY_PARENT_IMAP,REL_PRICEREQUIRESPARTY_DS,RelationshipAttribute_PriceRequiresParty.csv,3
PRICE,PriceRequiresProduct,PRICEREQUIRESPRODUCT_PARENT_IMAP,REL_PRICEREQUIRESPRODUCT_DS,RelationshipAttribute_PriceRequiresProduct.csv,3
PRICE,PriceRequiresSegment,PRICEREQUIRESSEGMENT_PARENT_IMAP,REL_PRICEREQUIRESSEGMENT_DS,RelationshipAttribute_PriceRequiresSegment.csv,3
PRICE,PriceRequiresProductGroup,PRICEREQUIRESPRODUCTGROUP_PARENT_IMAP,REL_PRICEREQUIRESPRODUCTGROUP_DS,RelationshipAttribute_PriceRequiresProductGroup.csv,6
PRICE,PriceGovernedByRule,PRICEGOVERNEDBYRULE_PARENT_IMAP,REL_PRICEGOVERNEDBYRULE_DS,RelationshipAttribute_PriceGovernedByRule.csv,3
PRODUCT,ProductHasCancelPlanFragment,,,RelationshipAttribute_ProductHasCancelPlanFragment.csv,11
PRODUCT,ProductHasCeasePlanFragment,,,RelationshipAttribute_ProductHasCeasePlanFragment.csv,11
PRODUCT,ProductHasCustomPlanFragment,,,RelationshipAttribute_ProductHasCustomPlanFragment.csv,12
PRODUCT,ProductHasProvidePlanFragment,,,RelationshipAttribute_ProductHasProvidePlanFragment.csv,11
PRODUCT,ProductHasUpdatePlanFragment,,,RelationshipAttribute_ProductHasUpdatePlanFragment.csv,11
PRODUCT,Category,CATEGORY_PARENT_IMAP,REL_CATEGORY_DS,RelationshipAttribute_Category.csv,3
PRODUCT,Characteristic,CHARACTERISTIC_PARENT_IMAP,RELATTR_CHARACTERISTIC_DS,RelationshipAttribute_Characteristic.csv,6
PRODUCT,CompatibleCharacteristic,COMPATIBLECHARACTERISTIC_PARENT_IMAP,RELATTR_COMPATIBLECHARACTERISTIC_DS,RelationshipAttribute_CompatibleCharacteristic.csv,4
PRODUCT,CompatibleParty,COMPATIBLEPARTY_PARENT_IMAP,REL_COMPATIBLEPARTY_DS,RelationshipAttribute_CompatibleParty.csv,3
PRODUCT,CompatibleProduct,COMPATIBLEPRODUCT_PARENT_IMAP,REL_COMPATIBLEPRODUCT_DS,RelationshipAttribute_CompatibleProduct.csv,6
PRODUCT,CompatibleSegment,COMPATIBLESEGMENT_PARENT_IMAP,REL_COMPATIBLESEGMENT_DS,RelationshipAttribute_CompatibleSegment.csv,5
PRODUCT,IncompatibleCharacteristic,INCOMPATIBLECHARACTERISTIC_PARENT_IMAP,RELATTR_INCOMPATIBLECHARACTERISTIC_DS,RelationshipAttribute_IncompatibleCharacteristic.csv,4
PRODUCT,IncompatibleParty,INCOMPATIBLEPARTY_PARENT_IMAP,REL_INCOMPATIBLEPARTY_DS,RelationshipAttribute_IncompatibleParty.csv,3
PRODUCT,IncompatibleProduct,INCOMPATIBLEPRODUCT_PARENT_IMAP,REL_INCOMPATIBLEPRODUCT_DS,RelationshipAttribute_IncompatibleProduct.csv,6
PRODUCT,IncompatibleSegment,INCOMPATIBLESEGMENT_PARENT_IMAP,REL_INCOMPATIBLESEGMENT_DS,RelationshipAttribute_IncompatibleSegment.csv,5
PRODUCT,OfferingPublishedInCatalog,OFFERINGPUBLISHEDINCATALOG_PARENT_IMAP,REL_OFFERINGPUBLISHEDINCATALOG_DS,RelationshipAttribute_OfferingPublishedInCatalog.csv,3
PRODUCT,ProductComprisedOf,PRODUCTCOMPRISEDOF_PARENT_IMAP,RELATTR_PRODUCTCOMPRISEDOF_DS,RelationshipAttribute_ProductComprisedOf.csv,15
PRODUCT,ProductDependsOn,PRODUCTDEPENDSON_PARENT_IMAP,RELATTR_PRODUCTDEPENDSON_DS,RelationshipAttribute_ProductDependsOn.csv,8
PRODUCT,ProductGovernedBy,PRODUCTGOVERNEDBY_PARENT_IMAP,REL_PRODUCTGOVERNEDBY_DS,RelationshipAttribute_ProductGovernedBy.csv,3
PRODUCT,ProductPricedBy,PRODUCTPRICEDBY_PARENT_IMAP,REL_PRODUCTPRICEDBY_DS,RelationshipAttribute_ProductPricedBy.csv,3
PRODUCT,ProductRequiredFor,PRODUCTREQUIREDFOR_PARENT_IMAP,RELATTR_PRODUCTREQUIREDFOR_DS,RelationshipAttribute_ProductRequiredFor.csv,13
PRODUCT,ProductGovernedByRule,PRODUCTGOVERNEDBYRULE_PARENT_IMAP,REL_PRODUCTGOVERNEDBYRULE_DS,RelationshipAttribute_ProductGovernedByRule.csv,3
PRODUCT,ProductToMigrate,PRODUCTTOMIGRATE_PARENT_IMAP,REL_PRODUCTTOMIGRATE_DS,RelationshipAttribute_ProductToMigrate.csv,3
PRODUCT,HasChannel,HASCHANNEL_PARENT_IMAP,REL_HASCHANNEL_DS,RelationshipAttribute_HasChannel.csv,3
PRODUCT,ProductKeyValue,PRODUCTKEYVALUE_PARENT_IMAP,REL_PRODUCTKEYVALUE_DS,RelationshipAttribute_ProductKeyValue.csv,3
ALLOWANCE,AllowanceComprisedOf,ALLOWANCECOMPRISEDOF_PARENT_IMAP,REL_ALLOWANCECOMPRISEDOF_DS,RelationshipAttribute_AllowanceComprisedOf.csv,3
ALLOWANCE,AllowanceGovernedBy,ALLOWANCEGOVERNEDBY_PARENT_IMAP,REL_ALLOWANCEGOVERNEDBY_DS,RelationshipAttribute_AllowanceGovernedBy.csv,3
ALLOWANCE,AllowanceRequiresCharacteristic,ALLOWANCEREQUIRESCHARACTERISTIC_PARENT_IMAP,REL_ALLOWANCEREQUIRESCHARACTERISTIC_DS,RelationshipAttribute_AllowanceRequiresCharacteristic.csv,3
ALLOWANCE,AllowanceRequiresParty,ALLOWANCEREQUIRESPARTY_PARENT_IMAP,REL_ALLOWANCEREQUIRESPARTY_DS,RelationshipAttribute_AllowanceRequiresParty.csv,3
ALLOWANCE,AllowanceRequiresProduct,ALLOWANCEREQUIRESPRODUCT_PARENT_IMAP,REL_ALLOWANCEREQUIRESPRODUCT_DS,RelationshipAttribute_AllowanceRequiresProduct.csv,3
ALLOWANCE,AllowanceRequiresSegment,ALLOWANCEREQUIRESSEGMENT_PARENT_IMAP,REL_ALLOWANCEREQUIRESSEGMENT_DS,RelationshipAttribute_AllowanceRequiresSegment.csv,3
CHARACTERISTIC,CharacteristicComprisedOf,CHARACTERISTICCOMPRISEDOF_PARENT_IMAP,REL_CHARACTERISTICCOMPRISEDOF_DS,RelationshipAttribute_CharacteristicComprisedOf.csv,3
CHARACTERISTIC,HasDatatype,HASDATATYPE_PARENT_IMAP,REL_HASDATATYPE_DS,RelationshipAttribute_HasDatatype.csv,3
DISCOUNT,DiscountComprisedOf,DISCOUNTCOMPRISEDOF_PARENT_IMAP,REL_DISCOUNTCOMPRISEDOF_DS,RelationshipAttribute_DiscountComprisedOf.csv,3
DISCOUNT,DiscountGovernedBy,DISCOUNTGOVERNEDBY_PARENT_IMAP,REL_DISCOUNTGOVERNEDBY_DS,RelationshipAttribute_DiscountGovernedBy.csv,3
DISCOUNT,DiscountKeyValue,DISCOUNTKEYVALUE_PARENT_IMAP,REL_DISCOUNTKEYVALUE_DS,RelationshipAttribute_DiscountKeyValue.csv,3
DISCOUNT,DiscountGovernedByRule,DISCOUNTGOVERNEDBYRULE_PARENT_IMAP,REL_DISCOUNTGOVERNEDBYRULE_DS,RelationshipAttribute_DiscountGovernedByRule.csv,3
DISCOUNT,DiscountRequiresCharacteristic,DISCOUNTREQUIRESCHARACTERISTIC_PARENT_IMAP,REL_DISCOUNTREQUIRESCHARACTERISTIC_DS,RelationshipAttribute_DiscountRequiresCharacteristic.csv,4
DISCOUNT,DiscountRequiresParty,DISCOUNTREQUIRESPARTY_PARENT_IMAP,REL_DISCOUNTREQUIRESPARTY_DS,RelationshipAttribute_DiscountRequiresParty.csv,3
DISCOUNT,DiscountRequiresProduct,DISCOUNTREQUIRESPRODUCT_PARENT_IMAP,REL_DISCOUNTREQUIRESPRODUCT_DS,RelationshipAttribute_DiscountRequiresProduct.csv,3
DISCOUNT,DiscountRequiresProductGroup,DISCOUNTREQUIRESPRODUCTGROUP_PARENT_IMAP,REL_DISCOUNTREQUIRESPRODUCTGROUP_DS,RelationshipAttribute_DiscountRequiresProductGroup.csv,6
DISCOUNT,DiscountRequiresSegment,DISCOUNTREQUIRESSEGMENT_PARENT_IMAP,REL_DISCOUNTREQUIRESSEGMENT_DS,RelationshipAttribute_DiscountRequiresSegment.csv,3
PARTY,HasOrgs,HASORGS_PARENT_IMAP,REL_HASORGS_DS,RelationshipAttribute_HasOrgs.csv,3
PARTY,HasPeople,HASPEOPLE_PARENT_IMAP,REL_HASPEOPLE_DS,RelationshipAttribute_HasPeople.csv,3
PARTY,PartyCompatibleWithSegment,PARTYCOMPATIBLEWITHSEGMENT_PARENT_IMAP,REL_PARTYCOMPATIBLEWITHSEGMENT_DS,RelationshipAttribute_PartyCompatibleWithSegment.csv,3
PARTY,PartyHasSegment,PARTYHASSEGMENT_PARENT_IMAP,REL_PARTYHASSEGMENT_DS,RelationshipAttribute_PartyHasSegment.csv,3
PARTY,PartyIncompatibleWithSegment,PARTYINCOMPATIBLEWITHSEGMENT_PARENT_IMAP,REL_PARTYINCOMPATIBLEWITHSEGMENT_DS,RelationshipAttribute_PartyIncompatibleWithSegment.csv,3
PARTYEXTENSION,DataForParty,DATAFORPARTY_PARENT_IMAP,REL_DATAFORPARTY_DS,RelationshipAttribute_DataForParty.csv,3
POLICYRULE,PolicyRuleComprisedOf,POLICYRULECOMPRISEDOF_PARENT_IMAP,REL_POLICYRULECOMPRISEDOF_DS,RelationshipAttribute_PolicyRuleComprisedOf.csv,3
POLICYRULE,PolicyRuleRequiresCharacteristic,POLICYRULEREQUIRESCHARACTERISTIC_PARENT_IMAP,REL_POLICYRULEREQUIRESCHARACTERISTIC_DS,RelationshipAttribute_PolicyRuleRequiresCharacteristic.csv,4
POLICYRULE,PolicyRuleRequiresParty,POLICYRULEREQUIRESPARTY_PARENT_IMAP,REL_POLICYRULEREQUIRESPARTY_DS,RelationshipAttribute_PolicyRuleRequiresParty.csv,3
POLICYRULE,PolicyRuleRequiresProduct,POLICYRULEREQUIRESPRODUCT_PARENT_IMAP,REL_POLICYRULEREQUIRESPRODUCT_DS,RelationshipAttribute_PolicyRuleRequiresProduct.csv,3
POLICYRULE,PolicyRuleRequiresSegment,POLICYRULEREQUIRESSEGMENT_PARENT_IMAP,REL_POLICYRULEREQUIRESSEGMENT_DS,RelationshipAttribute_PolicyRuleRequiresSegment.csv,3
RULE,Condition,CONDITION_PARENT_IMAP,REL_CONDITION_DS,RelationshipAttribute_Condition.csv,3
RULE,RuleParameter,RULEPARAMETER_PARENT_IMAP,REL_RULEPARAMETER_DS,RelationshipAttribute_RuleParameter.csv,3
RULE,RuleKeyValue,RULEKEYVALUE_PARENT_IMAP,REL_RULEKEYVALUE_DS,RelationshipAttribute_RuleKeyValue.csv,3
RULECONDITION,ConditionParameter,CONDITIONPARAMETER_PARENT_IMAP,REL_CONDITIONPARAMETER_DS,RelationshipAttribute_ConditionParameter.csv,3
REQUIRES_PRODUCT,GroupRequiresProducts,GROUPREQUIRESPRODUCTS_PARENT_IMAP,REL_GROUPREQUIRESPRODUCTS_DS,RelationshipAttribute_GroupRequiresProducts.csv,3
MIGRATION,ConsequentialProduct,CONSEQUENTIALPRODUCT_PARENT_IMAP,REL_CONSEQUENTIALPRODUCT_DS,RelationshipAttribute_ConsequentialProduct.csv,3
MIGRATION,MigrateToProduct,MIGRATETOPRODUCT_PARENT_IMAP,REL_MIGRATETOPRODUCT_DS,RelationshipAttribute_MigrateToProduct.csv,3
MIGRATION,MigrationHasCompatibleSegment,MIGRATIONHASCOMPATIBLESEGMENT_PARENT_IMAP,REL_MIGRATIONHASCOMPATIBLESEGMENT_DS,RelationshipAttribute_MigrationHasCompatibleSegment.csv,3
MIGRATION,MigrationHasIncompatibleSegment,MIGRATIONHASINCOMPATIBLESEGMENT_PARENT_IMAP,REL_MIGRATIONHASINCOMPATIBLESEGMENT_DS,RelationshipAttribute_MigrationHasIncompatibleSegment.csv,3
CATEGORY,SubcategoryOf,SUBCATEGORYOF_PARENT_IMAP,REL_SUBCATEGORYOF_DS,RelationshipAttribute_SubcategoryOf.csv,3
