<?xml version="1.0" encoding="UTF-8"?>
<rulebase metaversion="1.0">
<name>Catalog Validations SEGMENT</name>
<description>Catalog Validations SEGMENT</description>

<declare>
	<var>PROJECTTAG</var>
	<link type="catalog">
		<literal>PROJECTTAG</literal>
	</link>
</declare>

<constraint>
	<name>DropDownRecordType2</name>
	<description>Validations against RecordType</description>
	<usefor>
		<var>lifecyclestatus</var>
	</usefor>	
	<action>	
			<access mode="view"/>			
	</action>
</constraint>

<constraint>
	<name>HideDummySegmentRecord</name>
	<description>Hide dummy record when product id is equal to FC_DUMMY_SEGMENT</description>
	<condition>
		<eq>
			<var>PRODUCTID</var>
			<const type="string">FC_DUMMY_SEGMENT</const>
		</eq>
	</condition>
	<action>
		<access mode="hide_record"></access>
	</action>
</constraint>

<constraint>
	<name>ProjectTag</name>
	<description>Displays available for Project Tag Name selection</description>
	<usefor>
		<var>ProjectTagName</var>
	</usefor>
	<action>
		<select novalue="no" order="1" showoninput="1">
			<table source="sql">
				<literal>PROJECTTAG/NAME</literal>
			</table>
		</select>
	</action>
</constraint>

<constraint>
	<name>DropDownRecordType</name>
	<description>Validations against Class</description>
	<usefor>
		<var>RECORD_TYPE</var>
	</usefor>
	<condition>
		<eq>
			<var>CATALOG_NAME</var>
			<const type="string">SEGMENT</const>
		</eq>
	</condition>
	<action>
			   	<select showoninput="1" novalue="default">
  				<enum header="no">
					<const type="string">Country</const>
					<const type="string">Geography</const>
					<const type="string">Loyalty tier</const>
					<const type="string">Customer type</const>
					<const type="string">Gender</const>
					<const type="string">Customer Age</const>
					<const type="string">Product Categorization</const>
					<const type="string">Customer ProductArea Categorization</const>
  				</enum>
     		</select>
	</action>
</constraint>

</rulebase>
<!-- Copyright (c) 2018-2018 TIBCO Software Inc. All Rights Reserved. Confidential & Proprietary. -->