<?xml version="1.0" encoding="UTF-8"?>
<rulebase metaversion="1.0">

<name>Catalog Validations</name>
<description>Catalog Validations</description>

<constraint>
	<name>DropDownAffinity</name>
	<description>Validations against Affinity</description>
	<usefor>
		<var>Affinity</var>
		<var>AffinityParentGroup</var>
		<var>AffinityActionGroup</var>
	</usefor>
	<action>
		<select novalue="default" showoninput="1">
			<enum header="no">    		     			
				<const type="string">true</const>
				<const type="string">false</const>
			</enum>
		</select>
	</action>
</constraint>

<constraint>
	<name>DropDownAffinityType</name>
	<description>Validations against Affinity Type</description>
	<usefor>
		<var>AffinityType</var>
	</usefor>
	<action>
		<select novalue="default" showoninput="1">
			<enum header="no">    		     			
				<const type="string">InLink</const>
				<const type="string">CrossLink</const>
				<const type="string">SequencedAffinity</const>
				<const type="string">ConditionalAffinity</const>
			</enum>
		</select>
	</action>
</constraint>

<constraint>
	<name>ValidAffinity</name>
	<description>Validations against Affinity and Affinity Type</description>
	<usefor>
		<var>AffinityType</var>
	</usefor>
	<condition>
		<eq>
			<var>AFFINITY</var>
			<const type="string">true</const>
		</eq>
	</condition>
	<action>
		<check>
			<explanation>Affinity Type must be specified when Affinity = true</explanation>
			<defined>
				<var>AFFINITYTYPE</var>
			</defined>
		</check>
	</action>
</constraint>

<constraint>
		<name>AttributeRequiredOnlyForConditionalAffinity</name>
		<description>To check for presence of conditional affinity related attributes only for Conditional Affinity</description>
		<condition>
		<or>
			<undefined>
				<var>AffinityType</var>
			</undefined>
			<and>
				<defined>
					<var>AffinityType</var>
				</defined>
				<neq>
					<var>AffinityType</var>
					<const type="string">ConditionalAffinity</const>
				</neq>
			</and>	
		</or>
		</condition>
		<action>
			<access mode="hide">AffinityCondition</access>
			<access mode="hide">AffinityCorrelation</access>
			<access mode="hide">AffinityActionValue</access>
			<access mode="hide">AffinityParentGroup</access>
			<access mode="hide">AffinityActionGroup</access>
		</action>
</constraint>

</rulebase>
<!-- Copyright (c) 2018-2018 TIBCO Software Inc. All Rights Reserved. Confidential & Proprietary. -->